# Blender 4.0.2
# www.blender.org
mtllib Monster_gamejam.mtl
o Monster
v -0.205369 -1.661433 0.117360
v -0.221175 -1.654757 0.117378
v -0.237070 -1.661204 0.116915
v -0.243741 -1.676998 0.116242
v -0.237282 -1.692886 0.115753
v -0.221476 -1.699562 0.115735
v -0.205582 -1.693115 0.116199
v -0.198910 -1.677321 0.116872
v -0.211633 -1.670260 0.152547
v -0.225558 -1.664168 0.150727
v -0.238946 -1.669202 0.145275
v -0.243955 -1.682412 0.139383
v -0.237652 -1.696061 0.136504
v -0.223727 -1.702153 0.138324
v -0.210339 -1.697119 0.143776
v -0.205329 -1.683909 0.149668
v -0.222281 -1.683313 0.175131
v -0.235341 -1.676191 0.171523
v -0.246311 -1.678341 0.161066
v -0.248765 -1.688505 0.149886
v -0.241264 -1.700727 0.144531
v -0.228204 -1.707849 0.148139
v -0.217234 -1.705699 0.158596
v -0.214781 -1.695536 0.169777
v -0.238053 -1.701120 0.187133
v -0.249452 -1.692160 0.182225
v -0.256780 -1.690279 0.168917
v -0.255743 -1.696580 0.155005
v -0.246949 -1.707371 0.148638
v -0.235550 -1.716331 0.153546
v -0.228223 -1.718212 0.166854
v -0.229260 -1.711911 0.180766
v -0.256603 -1.719182 0.189375
v -0.265828 -1.708141 0.184151
v -0.269446 -1.702708 0.170305
v -0.265337 -1.706068 0.155947
v -0.255909 -1.716251 0.149489
v -0.246683 -1.727293 0.154712
v -0.243065 -1.732725 0.168558
v -0.247174 -1.729366 0.182916
v -0.276866 -1.734859 0.184185
v -0.283534 -1.721875 0.179574
v -0.283718 -1.713835 0.166550
v -0.277309 -1.715447 0.152742
v -0.268062 -1.725767 0.146240
v -0.261393 -1.738751 0.150852
v -0.261209 -1.746792 0.163876
v -0.267618 -1.745180 0.177683
v -0.298514 -1.746292 0.173174
v -0.302170 -1.731758 0.170061
v -0.299020 -1.722001 0.158694
v -0.290911 -1.722738 0.145732
v -0.282591 -1.733536 0.138769
v -0.278935 -1.748071 0.141882
v -0.282085 -1.757827 0.153249
v -0.290194 -1.757091 0.166211
v -0.321123 -1.751482 0.157451
v -0.321347 -1.736195 0.156691
v -0.314894 -1.725714 0.147590
v -0.305545 -1.726179 0.135478
v -0.298776 -1.737318 0.127451
v -0.298553 -1.752605 0.128210
v -0.305006 -1.763085 0.137312
v -0.314355 -1.762620 0.149423
v -0.343982 -1.748353 0.138117
v -0.340739 -1.733547 0.140254
v -0.331253 -1.723487 0.133686
v -0.321083 -1.724066 0.122261
v -0.316185 -1.734945 0.112671
v -0.319428 -1.749751 0.110534
v -0.328914 -1.759812 0.117101
v -0.339084 -1.759232 0.128527
v -0.366281 -1.735083 0.116335
v -0.360129 -1.721967 0.121278
v -0.348266 -1.713289 0.117004
v -0.337642 -1.714131 0.106016
v -0.334480 -1.724002 0.094751
v -0.340632 -1.737117 0.089808
v -0.352495 -1.745796 0.094082
v -0.363119 -1.744953 0.105070
v -0.387418 -1.710065 0.093077
v -0.379245 -1.699270 0.100216
v -0.365813 -1.692393 0.097646
v -0.354991 -1.693462 0.086873
v -0.353119 -1.701852 0.074207
v -0.361293 -1.712647 0.067068
v -0.374725 -1.719524 0.069638
v -0.385546 -1.718455 0.080411
v -0.407014 -1.671573 0.069033
v -0.397617 -1.663106 0.077655
v -0.383275 -1.657962 0.076188
v -0.372389 -1.659153 0.065492
v -0.371337 -1.665982 0.051833
v -0.380734 -1.674448 0.043212
v -0.395076 -1.679593 0.044679
v -0.405962 -1.678402 0.055374
v -0.424751 -1.617552 0.044730
v -0.414750 -1.610850 0.054184
v -0.399933 -1.607094 0.053373
v -0.388980 -1.608484 0.042771
v -0.388306 -1.614205 0.028589
v -0.398307 -1.620907 0.019135
v -0.413124 -1.624663 0.019946
v -0.424078 -1.623273 0.030548
v -0.431119 -1.589511 0.033919
v -0.420884 -1.583805 0.043769
v -0.405832 -1.581053 0.043356
v -0.394780 -1.582865 0.032922
v -0.394201 -1.588181 0.018579
v -0.404435 -1.593887 0.008729
v -0.419488 -1.596640 0.009142
v -0.430540 -1.594827 0.019576
v -0.436837 -1.553832 0.020654
v -0.426491 -1.548819 0.030759
v -0.411309 -1.546865 0.030642
v -0.400185 -1.549116 0.020370
v -0.399636 -1.554252 0.005960
v -0.409983 -1.559265 -0.004146
v -0.425164 -1.561219 -0.004028
v -0.436288 -1.558968 0.006244
v -0.441354 -1.510028 0.005271
v -0.430935 -1.505709 0.015620
v -0.415678 -1.504478 0.015755
v -0.404520 -1.507057 0.005598
v -0.403997 -1.511934 -0.008902
v -0.414416 -1.516253 -0.019251
v -0.429674 -1.517484 -0.019387
v -0.440831 -1.514905 -0.009230
v -0.444106 -1.457569 -0.011897
v -0.433651 -1.453934 -0.001324
v -0.418358 -1.453371 -0.000970
v -0.407186 -1.456210 -0.011042
v -0.406680 -1.460788 -0.025640
v -0.417135 -1.464422 -0.036213
v -0.432428 -1.464985 -0.036567
v -0.443600 -1.462146 -0.026495
v -0.444523 -1.395946 -0.030508
v -0.434063 -1.392978 -0.019734
v -0.418765 -1.393039 -0.019192
v -0.407592 -1.396092 -0.029200
v -0.407088 -1.400349 -0.043894
v -0.417548 -1.403317 -0.054668
v -0.432846 -1.403257 -0.055210
v -0.444019 -1.400204 -0.045203
v -0.442028 -1.324663 -0.050220
v -0.431590 -1.322339 -0.039268
v -0.416312 -1.322983 -0.038564
v -0.405145 -1.326217 -0.048522
v -0.404630 -1.330147 -0.063307
v -0.415069 -1.332470 -0.074259
v -0.430346 -1.331826 -0.074963
v -0.441513 -1.328592 -0.065005
v -0.436044 -1.243225 -0.070687
v -0.425650 -1.241520 -0.059579
v -0.410412 -1.242711 -0.058738
v -0.399256 -1.246101 -0.068656
v -0.398717 -1.249703 -0.083524
v -0.409111 -1.251408 -0.094631
v -0.424349 -1.250217 -0.095472
v -0.435505 -1.246827 -0.085554
v -0.425989 -1.151142 -0.091561
v -0.415660 -1.150028 -0.080319
v -0.400478 -1.151732 -0.079362
v -0.389337 -1.155258 -0.089249
v -0.388763 -1.158538 -0.104190
v -0.399092 -1.159653 -0.115431
v -0.414274 -1.157948 -0.116389
v -0.425415 -1.154423 -0.106501
v -0.411285 -1.047925 -0.112496
v -0.401035 -1.047372 -0.101140
v -0.385921 -1.049558 -0.100085
v -0.374797 -1.053203 -0.109948
v -0.374179 -1.056171 -0.124952
v -0.384429 -1.056724 -0.136308
v -0.399542 -1.054538 -0.137363
v -0.410666 -1.050893 -0.127500
v -0.391349 -0.933085 -0.133143
v -0.381191 -0.933064 -0.121692
v -0.366156 -0.935702 -0.120555
v -0.355050 -0.939453 -0.130399
v -0.354380 -0.942120 -0.145458
v -0.364537 -0.942141 -0.156909
v -0.379573 -0.939503 -0.158046
v -0.390678 -0.935752 -0.148202
v -0.365600 -0.806135 -0.153155
v -0.355545 -0.806617 -0.141624
v -0.340595 -0.809678 -0.140421
v -0.329508 -0.813524 -0.150250
v -0.328779 -0.815902 -0.165354
v -0.338835 -0.815420 -0.176885
v -0.353785 -0.812359 -0.178088
v -0.364872 -0.808513 -0.168259
v -0.333511 -0.666819 -0.172150
v -0.323596 -0.667923 -0.160541
v -0.308719 -0.671305 -0.159297
v -0.297594 -0.674982 -0.169147
v -0.296739 -0.676802 -0.184322
v -0.306654 -0.675698 -0.195931
v -0.321532 -0.672317 -0.197176
v -0.332656 -0.668639 -0.187325
v -0.325500 -0.633722 -0.174697
v -0.315736 -0.635459 -0.163037
v -0.300892 -0.638981 -0.161781
v -0.289664 -0.642225 -0.171667
v -0.288628 -0.643290 -0.186902
v -0.298392 -0.641553 -0.198562
v -0.313236 -0.638031 -0.199817
v -0.324464 -0.634787 -0.189932
v -0.313909 -0.585733 -0.176138
v -0.304240 -0.587863 -0.164464
v -0.289407 -0.591429 -0.163207
v -0.278098 -0.594341 -0.173104
v -0.276939 -0.594893 -0.188357
v -0.286608 -0.592763 -0.200032
v -0.301441 -0.589198 -0.201289
v -0.312749 -0.586286 -0.191392
v -0.299461 -0.526085 -0.176475
v -0.289850 -0.528453 -0.164798
v -0.275026 -0.532058 -0.163541
v -0.263673 -0.534788 -0.173440
v -0.262442 -0.535043 -0.188695
v -0.272053 -0.532675 -0.200372
v -0.286876 -0.529071 -0.201629
v -0.298229 -0.526341 -0.191730
v -0.282916 -0.458174 -0.175705
v -0.273351 -0.460730 -0.164031
v -0.258538 -0.464377 -0.162774
v -0.247154 -0.466979 -0.172671
v -0.245868 -0.467011 -0.187924
v -0.255433 -0.464455 -0.199598
v -0.270246 -0.460807 -0.200855
v -0.281630 -0.458206 -0.190958
v -0.265026 -0.385351 -0.173831
v -0.255505 -0.388087 -0.162162
v -0.240704 -0.391785 -0.160906
v -0.229294 -0.394279 -0.170801
v -0.227958 -0.394109 -0.186049
v -0.237479 -0.391373 -0.197718
v -0.252280 -0.387675 -0.198974
v -0.263690 -0.385180 -0.189079
v -0.246538 -0.310958 -0.170858
v -0.237066 -0.313890 -0.159196
v -0.222282 -0.317654 -0.157944
v -0.210845 -0.320044 -0.167834
v -0.209456 -0.319661 -0.183073
v -0.218928 -0.316728 -0.194735
v -0.233713 -0.312964 -0.195987
v -0.245149 -0.310574 -0.186097
v -0.228200 -0.238331 -0.166788
v -0.218789 -0.241506 -0.155140
v -0.204027 -0.245359 -0.153893
v -0.192561 -0.247633 -0.163776
v -0.191108 -0.246995 -0.179001
v -0.200519 -0.243821 -0.190649
v -0.215281 -0.239968 -0.191896
v -0.226747 -0.237694 -0.182013
v -0.210757 -0.170805 -0.161626
v -0.201433 -0.174315 -0.150004
v -0.186705 -0.178298 -0.148767
v -0.175201 -0.180423 -0.158638
v -0.173659 -0.179444 -0.173836
v -0.182983 -0.175934 -0.185458
v -0.197711 -0.171951 -0.186695
v -0.209216 -0.169826 -0.176824
v -0.194957 -0.111713 -0.155374
v -0.185775 -0.115748 -0.143810
v -0.171104 -0.119946 -0.142597
v -0.159540 -0.121847 -0.152444
v -0.157855 -0.120338 -0.167583
v -0.167038 -0.116303 -0.179146
v -0.181708 -0.112105 -0.180360
v -0.193273 -0.110204 -0.170513
v -0.181544 -0.064383 -0.148035
v -0.172650 -0.069423 -0.136641
v -0.158100 -0.074038 -0.135498
v -0.146417 -0.075526 -0.145275
v -0.144444 -0.073015 -0.160246
v -0.153337 -0.067976 -0.171640
v -0.167887 -0.063360 -0.172783
v -0.179571 -0.061872 -0.163006
v -0.169796 -0.030904 -0.137738
v -0.163179 -0.041514 -0.128910
v -0.155782 -0.050869 -0.131073
v -0.137928 -0.049586 -0.138770
v -0.134086 -0.042319 -0.151684
v -0.140704 -0.031709 -0.160513
v -0.153904 -0.023971 -0.160085
v -0.165954 -0.023637 -0.150652
v -0.166193 -0.024933 -0.127226
v -0.159168 -0.040047 -0.128001
v -0.144186 -0.045880 -0.132465
v -0.130024 -0.039013 -0.138003
v -0.124977 -0.023471 -0.141371
v -0.132002 -0.008356 -0.140596
v -0.146983 -0.002524 -0.136133
v -0.161146 -0.009390 -0.130595
v -0.425599 0.299012 0.066831
v -0.405406 0.309333 0.037997
v -0.374532 -0.094872 0.014871
v -0.371314 -0.093875 -0.004240
v -0.455419 0.238987 0.065151
v -0.455325 0.257092 0.081447
v -0.450860 0.273971 0.090271
v -0.433424 0.300021 0.083218
v -0.346727 -0.083351 -0.064228
v -0.363828 -0.089889 -0.003072
v -0.368990 -0.091863 0.015391
v -0.370731 0.275064 -0.038703
v -0.441125 0.094225 -0.087958
v -0.357611 -0.050872 -0.080554
v -0.396493 0.304598 0.042544
v -0.416687 0.294278 0.071378
v -0.424511 0.295287 0.087765
v -0.441948 0.269237 0.094818
v -0.446413 0.252357 0.085994
v -0.448075 0.235086 0.068898
v -0.472964 0.173725 0.056163
v -0.490943 0.134588 0.058079
v -0.443410 0.050140 0.042080
v -0.438926 0.038140 0.029133
v -0.406967 -0.035595 0.044457
v -0.398396 -0.051619 0.042909
v -0.355208 -0.080227 -0.043496
v -0.367173 -0.036838 -0.073034
v -0.407927 0.036007 -0.060633
v -0.415608 0.035886 -0.061626
v -0.390828 0.004395 -0.064255
v -0.433795 0.141181 -0.054494
v -0.410336 0.217403 -0.023483
v -0.397428 0.231451 -0.031785
v -0.388256 0.245601 -0.035030
v -0.481876 0.178460 0.051616
v -0.500596 0.129513 0.056189
v -0.453063 0.045065 0.040190
v -0.445300 0.034714 0.028336
v -0.410477 -0.037582 0.044615
v -0.401788 -0.053547 0.043106
v -0.367044 -0.086400 -0.046114
v -0.360654 -0.090574 -0.067543
v -0.373791 -0.059228 -0.084620
v -0.382818 -0.044925 -0.076921
v -0.423552 0.027930 -0.064514
v -0.425262 0.030810 -0.063516
v -0.425884 0.006765 0.037326
v -0.450778 0.089150 -0.089848
v -0.442708 0.145915 -0.059041
v -0.417680 0.221304 -0.027229
v -0.406341 0.236186 -0.036332
v -0.397168 0.250335 -0.039577
v -0.379643 0.279798 -0.043250
v -0.502091 0.141183 0.052426
v -0.493178 0.136449 0.056973
v -0.441923 0.095664 -0.085955
v -0.450835 0.100399 -0.090502
v -0.395677 -0.025754 -0.004247
v -0.423427 0.037074 -0.015750
v -0.419364 -0.008922 0.041422
v -0.399378 0.020201 -0.062444
v -0.382278 -0.011411 -0.066067
v -0.432405 0.022453 0.033230
v -0.387484 -0.026300 -0.027999
v -0.399087 -0.025527 0.005639
v -0.415677 0.036540 -0.038191
v -0.431176 0.037607 0.006692
v -0.402883 -0.019901 0.008542
v -0.424218 0.037298 -0.013714
v -0.421102 0.005552 0.024811
v -0.406302 0.013286 -0.031247
v -0.416112 0.032408 -0.030655
v -0.400679 -0.008814 -0.014788
v -0.426266 0.026403 0.008858
v -0.411472 -0.013615 0.024828
v -0.403185 -0.008498 -0.070717
v -0.427889 -0.001434 0.036476
v -0.396648 -0.041254 -0.016153
v -0.434426 0.031322 -0.018089
v -0.468647 0.208723 0.058384
v -0.413369 0.009716 -0.067615
v -0.419183 -0.019508 0.040545
v -0.403562 -0.039418 0.014231
v -0.439863 0.033018 0.005124
v -0.393001 -0.026712 -0.073819
v -0.436594 0.016640 0.032406
v -0.389733 -0.043090 -0.046537
v -0.428989 0.029626 -0.041301
v -0.408382 -0.022078 -0.009681
v -0.432825 0.024195 -0.009228
v -0.426177 0.017964 -0.026434
v -0.425271 -0.005154 0.031134
v -0.432390 0.014557 0.014503
v -0.415995 -0.001278 -0.026724
v -0.415267 -0.024196 0.031219
v -0.430194 0.183610 -0.043135
v -0.462292 0.162187 -0.003712
v -0.436549 0.230146 0.018961
v -0.460519 0.204405 0.062531
v -0.475262 0.193591 0.055000
v -0.423937 0.202457 -0.035182
v -0.452500 0.154051 -0.031376
v -0.445984 0.234566 0.042056
v -0.427115 0.225725 -0.004134
v -0.472084 0.170323 0.023952
v -0.436451 0.164763 -0.051088
v -0.462033 0.223855 0.061767
v -0.445128 0.229905 0.030341
v -0.449387 0.170148 -0.023187
v -0.463206 0.189406 0.021554
v -0.432488 0.211360 -0.013731
v -0.456995 0.213296 0.035262
v -0.459658 0.171366 -0.002907
v -0.438789 0.187333 -0.027320
v -0.434949 0.229123 0.010015
v -0.422066 0.179292 -0.038988
v -0.429206 0.226244 0.022708
v -0.450379 0.154960 -0.007642
v -0.466742 0.189065 0.059347
v -0.416201 0.198348 -0.031235
v -0.419771 0.221824 -0.000387
v -0.443587 0.149317 -0.026829
v -0.463172 0.165589 0.028499
v -0.438640 0.230665 0.045803
v -0.427931 0.160236 -0.046741
v -0.454297 0.219746 0.065714
v -0.435942 0.214423 0.026584
v -0.440022 0.155290 -0.027163
v -0.423359 0.195996 -0.017449
v -0.453119 0.173385 0.017253
v -0.425969 0.213827 0.006381
v -0.429262 0.171752 -0.031277
v -0.450021 0.156273 -0.007043
v -0.447317 0.197443 0.031219
v 0.029429 -0.953352 0.127097
v 0.056982 0.680044 0.081259
v 0.029429 -0.996466 -0.139431
v 0.102301 0.680044 -0.101573
v 0.203454 -0.848696 0.127013
v 0.230618 -0.827466 -0.144959
v 0.116137 -0.233054 0.125363
v 0.084894 -0.233054 -0.150299
v 0.155616 -0.233054 -0.106980
v 0.178105 -0.233054 0.096010
v 0.068658 -0.465440 -0.156560
v 0.160883 -0.465440 -0.136806
v 0.183360 -0.465440 0.104243
v 0.106075 -0.465440 0.133545
v 0.102579 0.295577 0.142080
v 0.108660 0.142509 -0.150299
v 0.251011 0.410852 -0.140117
v 0.252409 0.293354 0.116146
v -0.000000 -0.939730 0.120080
v -0.000000 -0.982844 -0.132415
v -0.000000 -0.465440 -0.156560
v -0.000000 -0.465440 0.147786
v -0.000000 -0.233054 0.147787
v -0.000000 -0.233054 -0.156560
v -0.000000 0.295577 0.150183
v -0.000000 0.142510 -0.156560
v -0.000000 0.680044 0.081259
v -0.000000 0.680044 -0.101573
v 0.039966 0.766244 0.078482
v 0.086614 0.766244 -0.095755
v -0.002096 0.766244 0.078482
v -0.002865 0.766244 -0.095755
v 0.172627 -1.459897 -0.125163
v 0.172627 -1.459897 0.125090
v 0.254846 -1.459830 -0.125163
v 0.254846 -1.459830 0.125090
v 0.195009 -1.895165 -0.107997
v 0.195010 -1.895165 0.107997
v 0.272083 -1.895102 -0.107997
v 0.272083 -1.895102 0.107997
v 0.194104 -2.286353 -0.082870
v 0.211268 -2.286339 0.094780
v 0.244072 -2.286311 -0.091685
v 0.261237 -2.286297 0.085965
v 0.029429 -1.005468 0.000000
v 0.102301 0.680044 0.000000
v 0.305405 -0.769016 0.000000
v 0.284634 -0.233054 0.000000
v 0.289836 -0.465440 0.000000
v 0.304915 0.249757 0.000000
v -0.000000 -0.991846 0.000000
v 0.086614 0.766244 0.003649
v 0.092602 -1.459983 -0.000036
v 0.342782 -1.459758 -0.000036
v 0.120673 -1.895239 -0.000000
v 0.341871 -1.895045 -0.000000
v 0.157018 -2.286384 0.015433
v 0.298322 -2.286265 -0.012338
v 0.029429 -1.002862 0.050039
v 0.275024 -0.233054 0.048728
v 0.280226 -0.465440 0.054768
v 0.295907 0.276697 0.054170
v -0.000000 -0.989240 0.043724
v 0.106294 -1.459951 0.066905
v 0.137757 -1.895212 0.059166
v 0.167291 -2.286376 0.052428
v 0.102301 0.680044 0.081259
v 0.305405 -0.769016 0.078280
v 0.086614 0.766244 0.078482
v 0.331779 -1.459767 0.059582
v 0.334418 -1.895051 0.062771
v 0.296423 -2.286267 0.027294
v 0.102301 0.680044 -0.050787
v 0.305405 -0.769016 -0.078280
v 0.086614 0.766244 -0.039301
v 0.331780 -1.459767 -0.059655
v 0.334418 -1.895051 -0.062771
v 0.288050 -2.286274 -0.049332
v 0.029429 -1.003275 -0.050039
v 0.275024 -0.233054 -0.048728
v 0.280226 -0.465440 -0.054768
v 0.294596 0.250310 -0.054170
v -0.000000 -0.989653 -0.043724
v 0.106294 -1.459951 -0.066978
v 0.137757 -1.895212 -0.059166
v 0.158918 -2.286382 -0.024198
v 0.271638 -0.795407 -0.129854
v 0.295513 -1.459796 -0.110696
v 0.307704 -1.895073 -0.094216
v 0.268355 -2.286291 -0.076984
v 0.029429 -1.003259 -0.104196
v 0.220125 -0.233054 -0.077854
v 0.225360 -0.465440 -0.117420
v 0.276154 0.308066 -0.107942
v -0.000000 -0.989637 -0.098124
v 0.138347 -1.459925 -0.114893
v 0.165423 -1.895190 -0.099134
v 0.172479 -2.286371 -0.058965
v 0.095266 0.479662 0.148456
v -0.000000 0.479662 0.156560
v 0.146527 0.479662 -0.150299
v -0.000000 0.479662 -0.156560
v 0.159893 -0.882741 -0.148753
v 0.179303 0.626278 -0.143644
v 0.159893 -0.882741 0.133821
v 0.157831 0.626278 0.145878
v 0.150857 -0.233054 0.108991
v 0.126871 -0.233054 -0.128640
v 0.121909 -0.465440 -0.149608
v 0.150678 -0.465440 0.117325
v 0.182281 0.308175 0.137053
v 0.171044 0.148339 -0.144048
v 0.205495 -1.459870 -0.125163
v 0.205495 -1.459870 0.125090
v 0.223378 -1.895142 -0.107997
v 0.223378 -1.895142 0.107997
v 0.218902 -2.286332 -0.093557
v 0.236439 -2.286317 0.096653
v 0.179303 0.660660 0.000000
v 0.179303 0.650824 0.071052
v 0.179303 0.650824 -0.078280
v 0.209202 0.495976 0.149941
v 0.029429 -0.992100 0.104196
v 0.215320 -0.233054 0.077854
v 0.220555 -0.465440 0.085245
v 0.273801 0.300073 0.083660
v -0.000000 -0.978478 0.098124
v 0.138347 -1.459925 0.114820
v 0.165423 -1.895190 0.099133
v 0.186985 -2.286358 0.080079
v 0.254117 -0.809101 0.108704
v 0.302206 -1.459791 0.103814
v 0.307704 -1.895073 0.094216
v 0.282861 -2.286278 0.062061
v 0.235070 -0.943661 -0.141321
v 0.117278 -1.030856 -0.140970
v 0.117278 -1.030856 0.129729
v 0.212897 -0.960990 0.126660
v 0.312273 -0.895938 -0.000007
v 0.049219 -1.081636 -0.000007
v 0.052256 -1.076266 0.072725
v 0.310251 -0.895940 0.074844
v 0.310251 -0.895940 -0.074858
v 0.052256 -1.076266 -0.073924
v 0.276025 -0.917487 -0.126334
v 0.076902 -1.061074 -0.120252
v 0.168272 -0.988787 0.132216
v 0.168272 -0.988787 -0.144419
v 0.076902 -1.061074 0.115694
v 0.262953 -0.928664 0.107806
v -0.029430 -0.953352 0.127097
v -0.056982 0.680044 0.081259
v -0.029429 -0.996466 -0.139431
v -0.102302 0.680044 -0.101573
v -0.203454 -0.848696 0.127013
v -0.479253 0.599903 0.135196
v -0.230619 -0.827465 -0.144959
v -0.522198 0.599903 -0.130728
v -0.116138 -0.233054 0.125363
v -0.110195 -0.230428 -0.139271
v -0.146152 -0.233632 -0.120575
v -0.178105 -0.233054 0.096010
v -0.068658 -0.465440 -0.156560
v -0.160884 -0.465440 -0.136806
v -0.183360 -0.465440 0.104243
v -0.106075 -0.465440 0.133545
v -0.102580 0.295578 0.142080
v -0.108660 0.142510 -0.150299
v -0.248102 0.395801 -0.137797
v -0.252409 0.360223 0.116146
v -0.545912 0.442894 -0.073886
v -0.535270 0.448978 0.016874
v -0.528886 0.417986 -0.081062
v -0.283060 0.354016 0.126096
v -0.045438 0.766245 0.078482
v -0.083305 0.766245 -0.095755
v -0.172627 -1.459897 -0.125163
v -0.188621 -1.459403 0.126028
v -0.254847 -1.459829 -0.125163
v -0.233128 -1.458159 0.123375
v -0.195010 -1.895165 -0.107997
v -0.195010 -1.895165 0.107997
v -0.272083 -1.895102 -0.107997
v -0.272083 -1.895102 0.107997
v -0.192554 -2.286354 -0.085036
v -0.210454 -2.286339 0.097330
v -0.244887 -2.286310 -0.094234
v -0.262787 -2.286295 0.088132
v -0.029429 -1.005468 0.000000
v -0.102302 0.680044 0.000000
v -0.305405 -0.769016 0.000000
v -0.522198 0.612589 0.000000
v -0.284634 -0.233054 0.000000
v -0.289836 -0.465440 0.000000
v -0.304915 0.249636 0.000000
v -0.556175 0.469331 -0.021563
v -0.491179 0.382044 -0.016197
v -0.083305 0.766245 0.004816
v -0.092602 -1.459982 -0.000036
v -0.342782 -1.459757 -0.000036
v -0.120673 -1.895238 -0.000000
v -0.341872 -1.895045 -0.000000
v -0.154399 -2.286386 0.015727
v -0.300942 -2.286263 -0.012631
v -0.029429 -1.002861 0.050039
v -0.522198 0.608960 0.063824
v -0.275024 -0.233054 0.048728
v -0.280226 -0.465440 0.054768
v -0.295907 0.276256 0.054170
v -0.546153 0.462465 0.006972
v -0.496349 0.398400 0.008155
v -0.106294 -1.459951 0.066905
v -0.137757 -1.895212 0.059166
v -0.164906 -2.286377 0.053565
v -0.102302 0.680044 0.081259
v -0.305405 -0.769016 0.078280
v -0.083305 0.766244 0.078482
v -0.331780 -1.459767 0.059582
v -0.334419 -1.895051 0.062771
v -0.299003 -2.286264 0.027843
v -0.102302 0.680044 -0.050787
v -0.305405 -0.769016 -0.078280
v -0.083305 0.766244 -0.038747
v -0.331780 -1.459766 -0.059655
v -0.334419 -1.895051 -0.062771
v -0.290436 -2.286272 -0.050469
v -0.029429 -1.003275 -0.050039
v -0.522198 0.608960 -0.078280
v -0.275024 -0.233054 -0.048728
v -0.280226 -0.465440 -0.054768
v -0.294597 0.250292 -0.054170
v -0.556086 0.462035 -0.051706
v -0.496355 0.381819 -0.046774
v -0.106294 -1.459951 -0.066978
v -0.137757 -1.895212 -0.059166
v -0.156339 -2.286384 -0.024747
v -0.271638 -0.795407 -0.129854
v -0.295514 -1.459796 -0.110696
v -0.307704 -1.895073 -0.094216
v -0.270164 -2.286289 -0.078932
v -0.029429 -1.003259 -0.104196
v -0.220126 -0.233054 -0.077854
v -0.225360 -0.465440 -0.117420
v -0.276155 0.307063 -0.107942
v -0.510412 0.395218 -0.070955
v -0.138348 -1.459925 -0.114893
v -0.165423 -1.895189 -0.099134
v -0.170229 -2.286372 -0.060357
v -0.095267 0.479662 0.148456
v -0.516760 0.425235 -0.000702
v -0.146527 0.479662 -0.150299
v -0.279820 0.423118 -0.140228
v -0.159893 -0.882741 -0.148753
v -0.179304 0.626278 -0.143644
v -0.159893 -0.882741 0.133821
v -0.157831 0.626278 0.145878
v -0.150857 -0.233054 0.108991
v -0.121909 -0.465440 -0.149608
v -0.150678 -0.465440 0.117325
v -0.182281 0.308176 0.137053
v -0.171044 0.148339 -0.144048
v -0.205495 -1.459870 -0.125163
v -0.223379 -1.895142 -0.107997
v -0.223379 -1.895142 0.107997
v -0.218459 -2.286332 -0.096200
v -0.236883 -2.286317 0.099296
v -0.179304 0.660660 0.000000
v -0.179304 0.650824 0.071052
v -0.179304 0.650824 -0.078280
v -0.209202 0.495976 0.149941
v -0.254482 0.428409 -0.144677
v -0.029429 -0.992100 0.104196
v -0.215320 -0.233054 0.077854
v -0.220555 -0.465440 0.085245
v -0.273801 0.319684 0.083660
v -0.368141 0.333119 0.085752
v -0.138348 -1.459925 0.114820
v -0.165423 -1.895189 0.099133
v -0.185177 -2.286360 0.082027
v -0.254117 -0.809100 0.108704
v -0.302206 -1.459791 0.103814
v -0.307704 -1.895073 0.094216
v -0.285113 -2.286277 0.063452
v -0.235071 -0.943661 -0.141321
v -0.117278 -1.030855 -0.140970
v -0.117278 -1.030855 0.129729
v -0.212898 -0.960990 0.126660
v -0.312273 -0.895938 -0.000007
v -0.049219 -1.081636 -0.000007
v -0.052256 -1.076266 0.072725
v -0.310252 -0.895940 0.074844
v -0.310252 -0.895940 -0.074858
v -0.052256 -1.076266 -0.073924
v -0.276025 -0.917487 -0.126334
v -0.076902 -1.061074 -0.120252
v -0.168272 -0.988787 0.132216
v -0.168272 -0.988787 -0.144419
v -0.076902 -1.061074 0.115694
v -0.262953 -0.928663 0.107806
v -0.002511 1.079895 -0.199585
v -0.002511 0.911514 -0.199585
v 0.039584 1.198958 -0.069243
v 0.075271 1.151268 -0.131053
v 0.099116 1.079895 -0.172354
v 0.107489 0.995705 -0.186857
v 0.099116 0.911514 -0.172354
v 0.075271 0.840141 -0.131053
v 0.084436 0.792451 -0.093874
v 0.070400 1.198958 -0.038427
v 0.132211 1.151268 -0.074113
v 0.173512 1.079895 -0.097958
v -0.465070 0.990062 0.303003
v 0.173512 0.911514 -0.097958
v 0.132211 0.840141 -0.074113
v 0.084436 0.792451 -0.038427
v 0.081679 1.198958 0.003668
v 0.153053 1.151268 0.003669
v 0.200743 1.079895 0.003669
v 0.217489 0.995705 0.003669
v 0.200743 0.911514 0.003669
v 0.153053 0.840141 0.003668
v 0.084436 0.792451 0.003669
v 0.070400 1.198958 0.045764
v 0.132211 1.151268 0.081450
v 0.173512 1.079895 0.105295
v 0.188015 0.995705 0.113669
v -0.372756 1.170203 -0.194065
v 0.132211 0.840141 0.081450
v 0.084436 0.792451 0.077665
v 0.039584 1.198958 0.076579
v 0.075271 1.151268 0.138390
v 0.099116 1.079895 0.179691
v 0.107489 0.995704 0.194194
v 0.099116 0.911514 0.179691
v 0.075271 0.840141 0.138390
v 0.039584 0.792451 0.077665
v -0.002511 1.198958 0.087859
v -0.002511 1.151268 0.159232
v -0.002511 1.079895 0.206922
v -0.002511 0.995705 0.223669
v -0.002511 0.911514 0.206922
v -0.002511 0.840141 0.159232
v -0.002511 0.792451 0.077665
v -0.002511 1.215705 0.003669
v -0.044606 1.198958 0.076580
v -0.080293 1.151268 0.138390
v -0.104138 1.079895 0.179691
v -0.112511 0.995705 0.194194
v -0.104138 0.911514 0.179691
v -0.080293 0.840141 0.138390
v -0.044606 0.792451 0.077665
v -0.075422 1.198958 0.045764
v -0.137233 1.151268 0.081450
v -0.178534 1.079895 0.105295
v -0.178534 0.911514 0.105295
v -0.137233 0.840141 0.081450
v -0.083623 0.792451 0.077665
v -0.086701 1.198958 0.003669
v -0.158074 1.151268 0.003669
v -0.205764 1.079895 0.003668
v -0.222511 0.995705 0.003669
v -0.205764 0.911514 0.003668
v -0.158074 0.840141 0.003668
v -0.083623 0.792451 0.003669
v -0.075422 1.198958 -0.038427
v -0.137233 1.151268 -0.074113
v -0.193037 0.995705 -0.106332
v -0.178534 0.911514 -0.097958
v -0.137233 0.840141 -0.074113
v -0.083623 0.792451 -0.038427
v -0.044606 1.198958 -0.069242
v -0.080293 1.151268 -0.131053
v -0.104138 1.079895 -0.172354
v -0.112511 0.995705 -0.186857
v -0.104138 0.911514 -0.172354
v -0.080293 0.840141 -0.131053
v -0.083623 0.792451 -0.093874
v -0.002511 1.198958 -0.080522
v -0.002511 1.151268 -0.151895
v -0.002511 0.995705 -0.216331
v -0.002511 0.840141 -0.151895
v -0.002511 0.792451 -0.093874
v 0.140901 -0.660399 -0.152657
v 0.195751 -0.660399 -0.150759
v 0.237336 -0.660399 0.096975
v 0.193407 -0.660399 0.115628
v 0.155285 -0.660399 0.125573
v 0.067752 -0.660399 0.130321
v -0.000000 -0.660399 0.133933
v 0.292815 -0.660399 -0.066524
v 0.297620 -0.660399 0.000000
v 0.292815 -0.660399 0.066524
v 0.248499 -0.660399 -0.123637
v 0.056182 -0.660399 -0.147996
v -0.000000 -0.660399 -0.144487
v -0.140901 -0.660399 -0.152656
v -0.195751 -0.660399 -0.150759
v -0.237336 -0.660399 0.096975
v -0.193407 -0.660399 0.115628
v -0.155286 -0.660399 0.125573
v -0.067752 -0.660399 0.130321
v -0.292816 -0.660399 -0.066524
v -0.297621 -0.660399 0.000000
v -0.292816 -0.660399 0.066524
v -0.248499 -0.660399 -0.123637
v -0.056182 -0.660399 -0.147996
v 0.153941 -0.025072 0.116977
v 0.084207 -0.025072 0.131070
v 0.238128 -0.025072 0.080118
v 0.198900 -0.025072 0.102767
v 0.148957 -0.025072 -0.136344
v 0.185039 -0.025072 -0.116784
v -0.000000 -0.025072 0.146334
v 0.284810 -0.025072 -0.051449
v 0.294774 -0.025072 -0.000000
v 0.285465 -0.025072 0.051449
v 0.241976 -0.025072 -0.089589
v -0.000000 -0.025072 -0.156560
v 0.103392 -0.025072 -0.150299
v -0.153941 -0.025072 0.116977
v -0.084207 -0.025072 0.131070
v -0.238128 -0.025072 0.080118
v -0.198901 -0.025072 0.102767
v -0.284810 -0.025072 -0.051449
v -0.294775 -0.025072 0.000000
v -0.285466 -0.025072 0.051449
v -0.241977 -0.025072 -0.089589
v -0.552457 0.452954 0.115489
v -0.580544 0.536027 0.058404
v -0.447907 0.327444 -0.009118
v -0.475257 0.357223 0.060056
v -0.594146 0.541374 0.000000
v -0.594097 0.536027 -0.057308
v -0.582654 0.459409 -0.124272
v -0.440754 0.329574 -0.065108
v -0.450114 0.340383 -0.107316
v -0.503561 0.396774 0.108274
v -0.498033 0.369879 -0.135908
v -0.563466 0.503972 0.035809
v -0.541034 0.455721 0.050586
v -0.485991 0.384193 0.038256
v -0.469100 0.355136 -0.013579
v -0.572614 0.503654 -0.042584
v -0.572666 0.507435 -0.002036
v -0.564541 0.448324 -0.090879
v -0.463710 0.356625 -0.052540
v -0.469679 0.363686 -0.080136
v -0.503396 0.383762 -0.099307
v -0.530676 0.441513 0.080687
v -0.458504 0.341290 -0.011349
v -0.583406 0.524405 -0.001018
v -0.452232 0.343099 -0.058824
v -0.459897 0.352035 -0.093726
v -0.510265 0.414678 0.089544
v -0.500714 0.376821 -0.117608
v -0.572006 0.520000 0.047107
v -0.491755 0.390935 0.071969
v -0.583356 0.519841 -0.049946
v -0.573597 0.453866 -0.107576
v -0.757020 0.144028 -0.078597
v -0.760167 0.150771 -0.085247
v -0.730340 0.110560 -0.085492
v -0.737366 0.118739 -0.075217
v -0.759368 0.154204 -0.100347
v -0.753587 0.150556 -0.114266
v -0.744661 0.140985 -0.122584
v -0.726911 0.110448 -0.100614
v -0.728806 0.117147 -0.114470
v -0.746072 0.130833 -0.072354
v -0.735423 0.128531 -0.122660
v -0.525459 0.290828 0.009105
v -0.508502 0.301338 0.001634
v -0.491879 0.311320 0.010456
v -0.485327 0.314928 0.030402
v -0.532816 0.285947 0.028491
v -0.492685 0.310047 0.049789
v -0.526264 0.289555 0.048438
v -0.509641 0.299537 0.057259
v -0.390780 0.077173 -0.048066
v -0.370853 0.076233 -0.055537
v -0.351499 0.075047 -0.046715
v -0.344056 0.074310 -0.026769
v -0.399608 0.077316 -0.028679
v -0.352884 0.074454 -0.007382
v -0.392165 0.076579 -0.008733
v -0.372811 0.075394 0.000089
v -0.544362 -0.179725 0.045790
v -0.527311 -0.192409 0.044325
v -0.510881 -0.197090 0.057050
v -0.504696 -0.191025 0.076512
v -0.552047 -0.166468 0.060588
v -0.512381 -0.177768 0.091310
v -0.545863 -0.160403 0.080050
v -0.529432 -0.165084 0.092776
v -0.559899 0.421271 -0.031618
v -0.555402 0.417838 -0.017276
v -0.538357 0.393963 -0.010933
v -0.530685 0.385805 -0.015850
v -0.550163 0.411095 -0.012175
v -0.553921 0.408052 -0.057432
v -0.559347 0.417623 -0.046587
v -0.527708 0.377627 -0.027858
v -0.536338 0.384214 -0.055379
v -0.545344 0.395598 -0.060710
v -0.529764 0.377515 -0.043132
v -0.478017 0.176851 0.054472
v -0.496562 0.132339 0.057751
v -0.448523 0.046991 0.041581
v -0.442333 0.035696 0.029049
v -0.498447 0.139177 0.055290
v -0.374500 -0.042436 -0.075770
v -0.366996 -0.093981 -0.003688
v -0.371232 -0.095482 0.015300
v -0.408586 -0.038098 0.045018
v -0.399864 -0.054262 0.043473
v -0.360483 -0.085321 -0.045275
v -0.352968 -0.089009 -0.066580
v -0.365107 -0.056756 -0.083460
v -0.415679 0.031190 -0.063233
v -0.420424 0.032585 -0.063231
v -0.446213 0.091546 -0.089843
v -0.438431 0.143960 -0.057365
v -0.446645 0.097958 -0.089162
v -0.446670 0.273381 0.093538
v -0.429048 0.299709 0.086411
v -0.451183 0.256322 0.084621
v -0.452070 0.238445 0.067747
v -0.413929 0.220574 -0.025619
v -0.401676 0.235193 -0.034414
v -0.392406 0.249493 -0.037694
v -0.374694 0.279271 -0.041406
v -0.400731 0.309120 0.040707
v -0.421140 0.298689 0.069849
v -0.406078 0.014100 -0.065666
v -0.396504 -0.002939 -0.068072
v -0.386958 -0.019924 -0.070449
v -0.418575 -0.016256 0.040291
v -0.434503 0.018574 0.032754
v -0.426588 0.001266 0.036500
v -0.458557 0.223046 0.064428
v -0.471530 0.192249 0.057790
v -0.465043 0.207648 0.061109
v -0.432305 0.163113 -0.049428
v -0.420054 0.201420 -0.033555
v -0.426180 0.182267 -0.041492
v -0.515855 0.526428 0.125342
v -0.183517 0.561127 0.147909
v -0.348457 0.478394 0.137462
v -0.361306 0.485108 0.136359
v -0.393310 0.375395 0.117185
v -0.267735 0.357119 0.121121
v -0.354825 0.497902 0.138754
v -0.528009 0.424864 0.111882
v -0.195742 0.402076 0.143497
v -0.217345 0.334199 0.126600
v -0.341977 0.491187 0.139857
v -0.318542 0.613090 0.140537
v -0.347059 0.497194 0.139802
v -0.342556 0.483400 0.138888
v -0.360727 0.492896 0.137328
v -0.356223 0.479102 0.136415
v -0.536424 -0.181178 0.060762
v -0.529450 -0.186366 0.060162
v -0.522730 -0.188281 0.065367
v -0.520200 -0.185800 0.073328
v -0.539568 -0.175756 0.066815
v -0.523343 -0.180378 0.079381
v -0.537038 -0.173275 0.074775
v -0.530318 -0.175190 0.079980
v -0.351053 0.491579 0.169139
v -0.357646 0.494717 0.166847
v -0.363790 0.492218 0.163027
v -0.365885 0.485546 0.159919
v -0.362705 0.478608 0.159341
v -0.356111 0.475470 0.161633
v -0.349967 0.477969 0.165452
v -0.347872 0.484641 0.168561
v -0.363350 0.482967 0.184889
v -0.369143 0.486664 0.181520
v -0.373617 0.485331 0.175455
v -0.374151 0.479749 0.170247
v -0.370432 0.473187 0.168946
v -0.364639 0.469489 0.172314
v -0.360165 0.470822 0.178380
v -0.359631 0.476405 0.183588
v -0.379581 0.470290 0.194876
v -0.384678 0.474531 0.191052
v -0.387627 0.474387 0.183991
v -0.386701 0.469944 0.177829
v -0.382442 0.463803 0.176175
v -0.377346 0.459562 0.179999
v -0.374397 0.459706 0.187060
v -0.375323 0.464149 0.193222
v -0.398115 0.454756 0.199877
v -0.402724 0.459406 0.195913
v -0.404521 0.460228 0.188518
v -0.402454 0.456741 0.182026
v -0.397733 0.450989 0.180239
v -0.393124 0.446339 0.184203
v -0.391326 0.445517 0.191597
v -0.393394 0.449003 0.198090
v -0.417800 0.437142 0.200371
v -0.422068 0.442098 0.196395
v -0.422963 0.443729 0.188971
v -0.419961 0.441080 0.182448
v -0.414821 0.435703 0.180647
v -0.410554 0.430748 0.184623
v -0.409659 0.429116 0.192047
v -0.412660 0.431765 0.198570
v -0.437497 0.418172 0.196510
v -0.441507 0.423376 0.192584
v -0.441622 0.425763 0.185313
v -0.437773 0.423933 0.178956
v -0.432215 0.418960 0.177236
v -0.428205 0.413756 0.181162
v -0.428090 0.411369 0.188433
v -0.431939 0.413199 0.194790
v -0.455996 0.398592 0.188277
v -0.459799 0.404017 0.184445
v -0.459176 0.407189 0.177508
v -0.454491 0.406251 0.171529
v -0.448489 0.401751 0.170010
v -0.444686 0.396325 0.173842
v -0.445309 0.393153 0.180779
v -0.449994 0.394091 0.186758
v -0.472014 0.379171 0.175546
v -0.475643 0.384810 0.171857
v -0.474298 0.388865 0.165507
v -0.468769 0.388962 0.160216
v -0.462293 0.385043 0.159084
v -0.458664 0.379404 0.162773
v -0.460008 0.375348 0.169123
v -0.465538 0.375252 0.174414
v -0.484138 0.360752 0.158122
v -0.487630 0.366603 0.154636
v -0.485640 0.371656 0.149243
v -0.479334 0.372953 0.145103
v -0.472407 0.369732 0.144641
v -0.468915 0.363881 0.148127
v -0.470905 0.358827 0.153520
v -0.477210 0.357531 0.157660
v -0.490779 0.344349 0.135879
v -0.494194 0.350395 0.132660
v -0.491803 0.356470 0.128666
v -0.485006 0.359016 0.126237
v -0.477785 0.356540 0.126795
v -0.474370 0.350494 0.130014
v -0.476762 0.344419 0.134008
v -0.483559 0.341873 0.136437
v -0.490315 0.331171 0.109039
v -0.493735 0.337364 0.106118
v -0.491375 0.344271 0.103816
v -0.484616 0.347847 0.103482
v -0.477418 0.345996 0.105312
v -0.473998 0.339804 0.108234
v -0.476359 0.332897 0.110536
v -0.483117 0.329321 0.110869
v -0.481743 0.322556 0.079049
v -0.485187 0.328780 0.076225
v -0.483079 0.336029 0.074964
v -0.476653 0.340055 0.076003
v -0.469675 0.338501 0.078734
v -0.466231 0.332277 0.081558
v -0.468339 0.325028 0.082819
v -0.474764 0.321001 0.081780
v -0.470214 0.314715 0.048318
v -0.473553 0.320844 0.045178
v -0.471329 0.327989 0.043570
v -0.464846 0.331964 0.044436
v -0.457901 0.330440 0.047269
v -0.454562 0.324310 0.050408
v -0.456786 0.317165 0.052016
v -0.463269 0.313191 0.051150
v -0.462568 0.304272 0.022476
v -0.465729 0.310151 0.018731
v -0.463179 0.316836 0.016011
v -0.456411 0.320409 0.015910
v -0.449391 0.318780 0.018487
v -0.446230 0.312901 0.022232
v -0.448781 0.306217 0.024952
v -0.455548 0.302643 0.025053
v -0.458234 0.291324 0.001077
v -0.461246 0.296741 -0.003413
v -0.458439 0.302628 -0.007418
v -0.451458 0.305537 -0.008592
v -0.444391 0.303764 -0.006246
v -0.441379 0.298347 -0.001756
v -0.444186 0.292459 0.002249
v -0.451167 0.289550 0.003422
v -0.456942 0.276184 -0.015561
v -0.459893 0.280832 -0.020879
v -0.456986 0.285460 -0.026237
v -0.449925 0.287357 -0.028497
v -0.442845 0.285413 -0.026336
v -0.439894 0.280766 -0.021018
v -0.442801 0.276138 -0.015660
v -0.449862 0.274240 -0.013400
v -0.458421 0.259035 -0.027292
v -0.461468 0.262568 -0.033359
v -0.458712 0.265452 -0.039890
v -0.451767 0.265999 -0.043060
v -0.444701 0.263887 -0.041012
v -0.441654 0.260354 -0.034944
v -0.444410 0.257469 -0.028413
v -0.451355 0.256923 -0.025243
v -0.462493 0.239769 -0.034004
v -0.465819 0.241961 -0.040540
v -0.463481 0.242828 -0.047776
v -0.456851 0.241861 -0.051474
v -0.449810 0.239628 -0.049468
v -0.446485 0.237435 -0.042933
v -0.448822 0.236569 -0.035696
v -0.455453 0.237535 -0.031998
v -0.469136 0.218105 -0.035346
v -0.472862 0.218969 -0.041976
v -0.471106 0.217906 -0.049349
v -0.464896 0.215539 -0.053146
v -0.457871 0.213255 -0.051144
v -0.454146 0.212391 -0.044514
v -0.455902 0.213454 -0.037141
v -0.462111 0.215821 -0.033343
v -0.478372 0.193906 -0.030665
v -0.482521 0.193642 -0.037091
v -0.481359 0.190996 -0.044178
v -0.475568 0.187518 -0.047774
v -0.468538 0.185245 -0.045774
v -0.464389 0.185509 -0.039348
v -0.465551 0.188155 -0.032261
v -0.471342 0.191634 -0.028664
v -0.490143 0.167293 -0.019233
v -0.494674 0.166155 -0.025296
v -0.494032 0.162322 -0.031889
v -0.488592 0.158038 -0.035151
v -0.481542 0.155814 -0.033170
v -0.477011 0.156952 -0.027108
v -0.477653 0.160785 -0.020514
v -0.483093 0.165069 -0.017253
v -0.504314 0.138528 -0.000412
v -0.509164 0.136737 -0.006055
v -0.508941 0.132044 -0.012097
v -0.503776 0.127198 -0.014997
v -0.496694 0.125037 -0.013058
v -0.491845 0.126828 -0.007414
v -0.492067 0.131522 -0.001373
v -0.497232 0.136368 0.001528
v -0.520706 0.107896 0.026345
v -0.525815 0.105617 0.021121
v -0.525923 0.100301 0.015616
v -0.520967 0.095062 0.013054
v -0.513850 0.092969 0.014935
v -0.508741 0.095247 0.020159
v -0.508632 0.100563 0.025664
v -0.513589 0.105802 0.028226
v -0.539288 0.075389 0.061823
v -0.544526 0.072878 0.056838
v -0.544769 0.067317 0.051585
v -0.539876 0.061963 0.049141
v -0.532713 0.059953 0.050937
v -0.527476 0.062464 0.055922
v -0.527232 0.068025 0.061175
v -0.532125 0.073379 0.063619
v -0.567273 0.022952 0.118303
v -0.572442 0.020574 0.113183
v -0.572515 0.015346 0.107594
v -0.567450 0.010329 0.104809
v -0.560214 0.008463 0.106460
v -0.555044 0.010840 0.111579
v -0.554971 0.016069 0.117169
v -0.560036 0.021085 0.119953
v -0.587142 -0.024450 0.157300
v -0.592136 -0.026400 0.151838
v -0.591858 -0.030768 0.145559
v -0.586470 -0.034996 0.142142
v -0.579129 -0.036607 0.143588
v -0.574135 -0.034658 0.149051
v -0.574413 -0.030289 0.155329
v -0.579801 -0.026061 0.158746
v -0.599679 -0.066855 0.180824
v -0.604481 -0.068130 0.175002
v -0.603810 -0.071114 0.167986
v -0.598057 -0.074058 0.163886
v -0.590593 -0.075239 0.165102
v -0.585791 -0.073963 0.170924
v -0.586463 -0.070979 0.177940
v -0.592215 -0.068035 0.182040
v -0.605675 -0.104541 0.190909
v -0.610330 -0.104819 0.184839
v -0.609346 -0.105705 0.177301
v -0.603300 -0.106680 0.172710
v -0.595734 -0.107172 0.173755
v -0.591080 -0.106893 0.179825
v -0.592064 -0.106007 0.187363
v -0.598109 -0.105033 0.191954
v -0.605759 -0.137274 0.189317
v -0.610417 -0.136345 0.183316
v -0.609442 -0.134609 0.175926
v -0.603405 -0.133083 0.171476
v -0.595842 -0.132661 0.172573
v -0.591183 -0.133590 0.178574
v -0.592158 -0.135326 0.185964
v -0.598196 -0.136852 0.190414
v -0.600712 -0.164059 0.178204
v -0.605569 -0.162066 0.172634
v -0.605044 -0.157920 0.166223
v -0.599444 -0.154048 0.162725
v -0.592051 -0.152719 0.164190
v -0.587194 -0.154712 0.169760
v -0.587719 -0.158859 0.176171
v -0.593319 -0.162730 0.179669
v -0.591730 -0.184106 0.160518
v -0.596880 -0.181444 0.155521
v -0.597067 -0.175670 0.150501
v -0.592181 -0.170166 0.148399
v -0.585085 -0.168157 0.150446
v -0.579936 -0.170819 0.155443
v -0.579749 -0.176594 0.160462
v -0.584634 -0.182097 0.162565
v -0.580051 -0.197474 0.139224
v -0.585479 -0.194488 0.134728
v -0.586430 -0.187821 0.131092
v -0.582349 -0.181379 0.130444
v -0.575625 -0.178935 0.133164
v -0.570198 -0.181921 0.137659
v -0.569246 -0.188588 0.141296
v -0.573328 -0.195030 0.141944
v -0.566671 -0.204503 0.116813
v -0.572323 -0.201399 0.112689
v -0.574055 -0.194322 0.110345
v -0.570852 -0.187418 0.111154
v -0.564592 -0.184731 0.114642
v -0.558941 -0.187835 0.118766
v -0.557209 -0.194912 0.121110
v -0.560411 -0.201816 0.120301
v -0.552368 -0.205322 0.095483
v -0.558189 -0.202211 0.091607
v -0.560822 -0.195098 0.090583
v -0.558725 -0.188150 0.093012
v -0.553127 -0.185436 0.097470
v -0.547307 -0.188547 0.101346
v -0.544674 -0.195660 0.102370
v -0.546770 -0.202608 0.099941
v -0.537733 -0.199580 0.077410
v -0.543660 -0.196515 0.073662
v -0.547528 -0.189926 0.074116
v -0.547071 -0.183674 0.078507
v -0.542557 -0.181420 0.084262
v -0.536630 -0.184486 0.088010
v -0.532762 -0.191074 0.087556
v -0.533219 -0.197327 0.083165
v -0.547763 0.450488 0.107989
v -0.450191 0.330428 -0.009599
v -0.591832 0.537717 -0.000219
v -0.443228 0.332489 -0.063753
v -0.452222 0.342894 -0.104387
v -0.505006 0.400633 0.104238
v -0.498611 0.371375 -0.131964
v -0.578704 0.532573 0.055969
v -0.478813 0.364488 0.062624
v -0.591782 0.532539 -0.055721
v -0.580702 0.458214 -0.120673
v -0.617944 0.526118 -0.025669
v -0.618153 0.521267 -0.048888
v -0.616968 0.524623 -0.025602
v -0.617171 0.519925 -0.048089
v -0.602158 0.522433 0.046616
v -0.600707 0.519452 0.053656
v -0.601874 0.521978 0.046456
v -0.600472 0.519110 0.053229
v -0.607415 0.525295 0.010383
v -0.608259 0.526452 0.011010
v -0.615051 0.526410 -0.000965
v -0.615398 0.526911 -0.000759
v -0.580128 0.494186 0.084932
v -0.586832 0.514012 0.071308
v -0.579008 0.493597 0.083142
v -0.586393 0.513188 0.070727
v -0.530635 0.416691 0.109353
v -0.515865 0.402958 0.110190
v -0.542438 0.428917 0.104843
v -0.545405 0.430424 0.108515
v -0.516676 0.404673 0.107723
v -0.594217 0.461964 -0.101190
v -0.596587 0.499999 -0.078907
v -0.595705 0.498575 -0.077948
v -0.593415 0.461681 -0.099561
v -0.607837 0.491237 -0.071517
v -0.602994 0.492081 -0.079301
v -0.602867 0.492319 -0.079001
v -0.607567 0.491501 -0.071452
v -0.549952 0.392409 -0.130729
v -0.538201 0.379976 -0.132345
v -0.538281 0.380184 -0.131797
v -0.549681 0.392243 -0.130229
v -0.492097 0.360006 -0.132282
v -0.466181 0.337992 -0.106042
v -0.467510 0.340185 -0.104502
v -0.492615 0.361458 -0.129829
v -0.457950 0.332079 -0.075689
v -0.463335 0.338298 -0.099972
v -0.459373 0.333756 -0.074910
v -0.464548 0.339742 -0.098287
v -0.483199 0.362409 0.067727
v -0.507764 0.394733 0.103782
v -0.508869 0.397625 0.100416
v -0.486231 0.368173 0.069416
v -0.454817 0.327875 -0.007733
v -0.477135 0.352716 0.057194
v -0.456961 0.330568 -0.007991
v -0.480368 0.359207 0.059881
v -0.459515 0.325070 -0.029949
v -0.456571 0.325946 -0.052994
v -0.460455 0.326298 -0.030147
v -0.457589 0.327146 -0.052437
v 0.201971 -2.286346 0.123873
v 0.241502 -2.286313 0.126814
v 0.278928 -2.286282 0.110685
v 0.308550 -2.286257 0.077940
v 0.253370 -2.286303 -0.120778
v 0.213838 -2.286336 -0.123719
v 0.176413 -2.286367 -0.107589
v 0.146791 -2.286392 -0.074844
v 0.127121 -2.286409 0.018780
v 0.140068 -2.286398 0.065406
v 0.328220 -2.286241 -0.015685
v 0.315272 -2.286251 -0.062310
v 0.166352 -2.286376 0.102310
v 0.325859 -2.286242 0.033565
v 0.288989 -2.286274 -0.099214
v 0.129481 -2.286407 -0.030469
v -0.201971 -2.286346 0.123874
v -0.241503 -2.286313 0.126814
v -0.278928 -2.286282 0.110685
v -0.308550 -2.286257 0.077940
v -0.253370 -2.286303 -0.120778
v -0.213839 -2.286336 -0.123719
v -0.176413 -2.286367 -0.107589
v -0.146791 -2.286392 -0.074844
v -0.127122 -2.286408 0.018780
v -0.140069 -2.286398 0.065406
v -0.328220 -2.286240 -0.015684
v -0.315273 -2.286251 -0.062310
v -0.166352 -2.286376 0.102310
v -0.325859 -2.286242 0.033565
v -0.288989 -2.286273 -0.099214
v -0.129482 -2.286406 -0.030469
v -0.186884 -1.224329 -0.134791
v -0.244959 -1.201745 -0.133242
v -0.107625 -1.260499 -0.117573
v -0.144953 -1.245376 -0.133067
v -0.282580 -1.194227 0.105810
v -0.233872 -1.210410 0.125875
v -0.186884 -1.224328 0.128653
v -0.144953 -1.245376 0.127410
v -0.321016 -1.177853 -0.067256
v -0.327528 -1.177848 -0.000022
v -0.079275 -1.268108 0.069815
v -0.070911 -1.270809 -0.000022
v -0.107625 -1.260499 0.115257
v -0.321016 -1.177853 0.067213
v -0.285770 -1.188642 -0.118515
v -0.079275 -1.268108 -0.070451
v -0.304955 -1.677432 0.099015
v -0.151885 -1.677557 -0.107013
v -0.183818 -1.677531 -0.116580
v -0.214437 -1.677506 -0.116580
v -0.263465 -1.677466 -0.116580
v -0.122026 -1.677581 0.063035
v -0.106638 -1.677610 -0.000018
v -0.333099 -1.677409 -0.061213
v -0.342327 -1.677401 -0.000018
v -0.151885 -1.677557 0.106977
v -0.333099 -1.677409 0.061176
v -0.301609 -1.677435 -0.102456
v -0.122026 -1.677581 -0.063072
v 0.186884 -1.224329 -0.134791
v 0.244958 -1.201745 -0.133242
v 0.107624 -1.260500 -0.117573
v 0.144952 -1.245376 -0.133067
v 0.282579 -1.194227 0.105810
v 0.233872 -1.210410 0.125875
v 0.186884 -1.224329 0.128653
v 0.144952 -1.245376 0.127410
v 0.321015 -1.177854 -0.067256
v 0.327527 -1.177848 -0.000022
v 0.079275 -1.268109 0.069815
v 0.070910 -1.270809 -0.000022
v 0.107624 -1.260500 0.115257
v 0.321015 -1.177853 0.067213
v 0.285769 -1.188642 -0.118515
v 0.079275 -1.268109 -0.070451
v 0.304955 -1.677432 0.099015
v 0.263464 -1.677466 0.116543
v 0.151885 -1.677557 -0.107013
v 0.183818 -1.677531 -0.116580
v 0.214437 -1.677506 0.116543
v 0.183818 -1.677531 0.116544
v 0.214437 -1.677506 -0.116580
v 0.263464 -1.677466 -0.116580
v 0.122025 -1.677582 0.063035
v 0.106638 -1.677611 -0.000018
v 0.333099 -1.677409 -0.061213
v 0.342326 -1.677402 -0.000018
v 0.151885 -1.677557 0.106977
v 0.333099 -1.677409 0.061176
v 0.301608 -1.677435 -0.102456
v 0.122025 -1.677582 -0.063072
v -0.202413 -1.420861 -0.126757
v -0.253209 -1.417087 -0.126501
v -0.133259 -1.426897 -0.115337
v -0.168044 -1.424369 -0.126472
v -0.298956 -1.415810 0.104144
v -0.226191 -1.442581 0.124124
v -0.210282 -1.436493 0.125212
v -0.194720 -1.443461 0.126000
v -0.329997 -1.413078 -0.060913
v -0.340256 -1.413069 -0.000034
v -0.101820 -1.428179 0.067387
v -0.089010 -1.428652 -0.000034
v -0.133260 -1.426897 0.114893
v -0.329997 -1.413078 0.060846
v -0.293900 -1.414889 -0.111991
v -0.101820 -1.428179 -0.067553
v -0.302657 -1.495517 0.103026
v -0.227029 -1.474102 0.123403
v -0.140570 -1.495649 -0.113600
v -0.174464 -1.495622 -0.123754
v -0.211466 -1.481069 0.124192
v -0.195557 -1.474981 0.125279
v -0.206963 -1.495595 -0.123754
v -0.256261 -1.495555 -0.123754
v -0.108877 -1.495675 0.066270
v -0.094906 -1.495706 -0.000033
v -0.331996 -1.495493 -0.059910
v -0.342707 -1.495484 -0.000033
v -0.140570 -1.495650 0.113533
v -0.331996 -1.495493 0.059843
v -0.296514 -1.495522 -0.109344
v -0.108877 -1.495675 -0.066337
v -0.304621 -1.650956 0.099599
v -0.150238 -1.651082 -0.107972
v -0.182457 -1.651056 -0.117624
v -0.213349 -1.651031 -0.117624
v -0.262416 -1.650991 -0.117624
v -0.120112 -1.651107 0.063506
v -0.104930 -1.651136 -0.000020
v -0.332939 -1.650933 -0.061023
v -0.342382 -1.650925 -0.000020
v -0.150239 -1.651083 0.107931
v -0.332939 -1.650933 0.060982
v -0.300867 -1.650959 -0.103459
v -0.120112 -1.651107 -0.063547
v -0.305278 -1.702999 0.098451
v -0.153476 -1.703123 -0.106088
v -0.185133 -1.703097 -0.115572
v -0.215487 -1.703072 -0.115572
v -0.264477 -1.703032 -0.115572
v -0.123874 -1.703147 0.062581
v -0.108287 -1.703176 -0.000016
v -0.333254 -1.702976 -0.061396
v -0.342273 -1.702969 -0.000016
v -0.153476 -1.703123 0.106056
v -0.333254 -1.702976 0.061364
v -0.302325 -1.703001 -0.101488
v -0.123874 -1.703147 -0.062613
v 0.156939 0.010185 0.119101
v 0.086151 0.008853 0.132235
v 0.241902 0.011403 0.080493
v 0.204561 0.015692 0.104183
v 0.151294 -0.006725 -0.137159
v 0.188148 -0.004325 -0.117820
v 0.285845 0.004061 -0.051737
v 0.295847 0.003992 -0.000000
v 0.286570 0.006808 0.051737
v 0.243661 -0.008699 -0.090493
v 0.103950 -0.007342 -0.150299
v -0.156939 0.010185 0.119101
v -0.086151 0.008853 0.132235
v -0.241902 0.011403 0.080493
v -0.204562 0.015692 0.104183
v -0.285846 0.004062 -0.051737
v -0.295848 0.003992 0.000000
v -0.286570 0.006809 0.051737
v -0.243661 -0.008699 -0.090493
v -0.000000 -0.007342 -0.156560
v -0.000000 0.008853 0.146741
v 0.086758 -0.041693 0.130614
v -0.000000 -0.041693 0.146450
v -0.000000 -0.041693 -0.156560
v 0.102971 -0.041693 -0.150299
v -0.086759 -0.041693 0.130614
v -0.284631 -0.041693 0.051232
v -0.236305 -0.041693 0.079937
v -0.197239 -0.041693 0.102227
v -0.153694 -0.041693 0.116339
v -0.240230 -0.041693 -0.088651
v -0.284028 -0.041693 -0.051232
v -0.293964 -0.041693 0.000000
v 0.284631 -0.041693 0.051232
v 0.236305 -0.041693 0.079937
v 0.197238 -0.041693 0.102227
v 0.153694 -0.041693 0.116339
v 0.147192 -0.041693 -0.135728
v 0.182688 -0.041693 -0.116001
v 0.240230 -0.041693 -0.088651
v 0.284028 -0.041693 -0.051232
v 0.293964 -0.041693 -0.000000
v 0.112622 -0.210156 0.125991
v -0.000000 -0.210156 0.147627
v -0.000000 -0.210156 -0.156560
v 0.087057 -0.210156 -0.150299
v -0.112622 -0.210156 0.125991
v -0.116376 -0.216570 -0.135838
v -0.276174 -0.210156 0.049028
v -0.217831 -0.210156 0.078104
v -0.180395 -0.210156 0.096754
v -0.151197 -0.210156 0.109870
v -0.129468 -0.211769 -0.128940
v -0.141801 -0.218836 -0.122618
v -0.222531 -0.210156 -0.079146
v -0.276102 -0.210156 -0.049028
v -0.285751 -0.210156 0.000000
v 0.276173 -0.210156 0.049028
v 0.217831 -0.210156 0.078104
v 0.180394 -0.210156 0.096754
v 0.151196 -0.210156 0.109870
v 0.129302 -0.210156 -0.129488
v 0.158856 -0.210156 -0.108060
v 0.222531 -0.210156 -0.079146
v 0.276101 -0.210156 -0.049028
v 0.285751 -0.210156 0.000000
v 0.150838 -0.257347 0.109862
v 0.115085 -0.257347 0.126218
v 0.215867 -0.257347 0.078627
v 0.178654 -0.257347 0.096870
v 0.126352 -0.257347 -0.130832
v 0.156167 -0.257347 -0.110098
v -0.000000 -0.257347 0.147787
v 0.275568 -0.257347 -0.049359
v 0.285178 -0.257347 0.000000
v 0.275568 -0.257347 0.049359
v 0.220672 -0.257347 -0.081990
v -0.000000 -0.257347 -0.156560
v 0.083197 -0.257347 -0.150953
v -0.150838 -0.257347 0.109862
v -0.115086 -0.257347 0.126218
v -0.215868 -0.257347 0.078627
v -0.178655 -0.257347 0.096870
v -0.126879 -0.252292 -0.130906
v -0.139971 -0.247490 -0.124008
v -0.275568 -0.257347 -0.049359
v -0.285178 -0.257347 0.000000
v -0.275568 -0.257347 0.049359
v -0.220673 -0.257347 -0.081990
v -0.114545 -0.245224 -0.137228
v -0.205096 -1.443389 0.152651
v -0.215283 -1.437552 0.142830
v -0.226482 -1.443332 0.134141
v -0.232133 -1.457343 0.131676
v -0.228925 -1.471378 0.136877
v -0.218738 -1.477215 0.146698
v -0.207539 -1.471435 0.155387
v -0.201888 -1.457424 0.157853
v -0.227509 -1.436696 0.164963
v -0.230049 -1.433067 0.150310
v -0.235797 -1.440422 0.138178
v -0.241386 -1.454451 0.135673
v -0.243541 -1.466936 0.144263
v -0.241001 -1.470564 0.158916
v -0.235253 -1.463210 0.171048
v -0.229664 -1.449181 0.173553
v -0.256819 -1.425025 0.165432
v -0.254349 -1.423354 0.150418
v -0.256641 -1.432058 0.138037
v -0.262352 -1.446039 0.135541
v -0.268138 -1.457107 0.144393
v -0.270608 -1.458778 0.159407
v -0.268316 -1.450074 0.171788
v -0.262605 -1.436093 0.174284
v -0.290812 -1.409344 0.156932
v -0.285691 -1.408887 0.142514
v -0.286261 -1.418380 0.130520
v -0.292187 -1.432263 0.127976
v -0.299998 -1.442402 0.136372
v -0.305118 -1.442859 0.150790
v -0.304549 -1.433366 0.162785
v -0.298622 -1.419483 0.165329
v -0.327765 -1.390176 0.140882
v -0.320961 -1.390592 0.127176
v -0.320529 -1.400605 0.115606
v -0.326723 -1.414349 0.112949
v -0.335913 -1.423773 0.120761
v -0.342717 -1.423357 0.134467
v -0.343149 -1.413344 0.146037
v -0.336956 -1.399600 0.148695
v -0.365505 -1.368156 0.118315
v -0.357403 -1.369332 0.105381
v -0.356279 -1.379750 0.094222
v -0.362792 -1.393307 0.091374
v -0.373126 -1.402062 0.098507
v -0.381228 -1.400886 0.111441
v -0.382352 -1.390468 0.122600
v -0.375839 -1.376911 0.125447
v -0.401679 -1.343981 0.090219
v -0.392422 -1.345934 0.078186
v -0.390749 -1.356721 0.067455
v -0.397641 -1.370023 0.064312
v -0.409060 -1.378048 0.070599
v -0.418317 -1.376095 0.082633
v -0.419990 -1.365308 0.093364
v -0.413098 -1.352006 0.096506
v -0.433872 -1.318374 0.057589
v -0.423495 -1.321229 0.046704
v -0.421343 -1.332402 0.036465
v -0.428676 -1.345349 0.032870
v -0.441198 -1.352485 0.038025
v -0.451575 -1.349630 0.048910
v -0.453728 -1.338457 0.059149
v -0.446395 -1.325511 0.062744
v -0.459646 -1.292077 0.021430
v -0.448176 -1.296071 0.012113
v -0.445593 -1.307693 0.002492
v -0.453411 -1.320135 -0.001798
v -0.467049 -1.326108 0.001757
v -0.478518 -1.322114 0.011074
v -0.481101 -1.310492 0.020695
v -0.473284 -1.298050 0.024985
v -0.476570 -1.265838 -0.017238
v -0.464175 -1.271325 -0.024350
v -0.461250 -1.283500 -0.033155
v -0.469508 -1.295230 -0.038496
v -0.484111 -1.299644 -0.037244
v -0.496506 -1.294157 -0.030133
v -0.499431 -1.281982 -0.021327
v -0.491173 -1.270252 -0.015986
v -0.482241 -1.240403 -0.057400
v -0.469477 -1.247772 -0.061535
v -0.466422 -1.260613 -0.069287
v -0.474864 -1.271404 -0.076114
v -0.489858 -1.273824 -0.078016
v -0.502622 -1.266455 -0.073880
v -0.505678 -1.253614 -0.066129
v -0.497236 -1.242823 -0.059302
v -0.474425 -1.217120 -0.097129
v -0.462005 -1.225833 -0.099160
v -0.458960 -1.238715 -0.106848
v -0.467073 -1.248219 -0.115689
v -0.481593 -1.248778 -0.120504
v -0.494013 -1.240065 -0.118472
v -0.497059 -1.227183 -0.110784
v -0.488945 -1.217679 -0.101944
v -0.434641 -1.147143 -0.189304
v -0.422114 -1.155632 -0.191611
v -0.418371 -1.167048 -0.201096
v -0.425604 -1.174704 -0.212204
v -0.439577 -1.174115 -0.218427
v -0.452104 -1.165626 -0.216120
v -0.455847 -1.154210 -0.206635
v -0.448614 -1.146554 -0.195528
v -0.396050 -1.058432 -0.258078
v -0.382966 -1.065655 -0.261386
v -0.378127 -1.074580 -0.272842
v -0.384367 -1.079981 -0.285734
v -0.398032 -1.078692 -0.292510
v -0.411117 -1.071470 -0.289201
v -0.415956 -1.062544 -0.277746
v -0.409715 -1.057144 -0.264854
v -0.358416 -0.955175 -0.306396
v -0.344894 -0.961209 -0.310275
v -0.339170 -0.967733 -0.322884
v -0.344597 -0.970925 -0.336837
v -0.357996 -0.968917 -0.343959
v -0.371519 -0.962883 -0.340080
v -0.377243 -0.956359 -0.327471
v -0.371816 -0.953166 -0.313518
v -0.322156 -0.842410 -0.336026
v -0.308308 -0.847438 -0.340178
v -0.301897 -0.851846 -0.353361
v -0.306679 -0.853052 -0.367852
v -0.319853 -0.850348 -0.375163
v -0.333702 -0.845320 -0.371011
v -0.340113 -0.840912 -0.357828
v -0.335331 -0.839707 -0.343337
v -0.287743 -0.725432 -0.348763
v -0.273652 -0.729647 -0.353008
v -0.266700 -0.732229 -0.366399
v -0.270958 -0.731666 -0.381091
v -0.283932 -0.728288 -0.388479
v -0.298022 -0.724074 -0.384234
v -0.304975 -0.721492 -0.370844
v -0.300717 -0.722054 -0.356151
v -0.255653 -0.609662 -0.346518
v -0.241380 -0.613222 -0.350751
v -0.233975 -0.614184 -0.364114
v -0.237776 -0.611986 -0.378778
v -0.250557 -0.607914 -0.386153
v -0.264830 -0.604354 -0.381920
v -0.272234 -0.603391 -0.368557
v -0.268433 -0.605590 -0.353893
v -0.226364 -0.500578 -0.331312
v -0.211946 -0.503604 -0.335470
v -0.204126 -0.503031 -0.348617
v -0.207483 -0.499195 -0.363050
v -0.220052 -0.494343 -0.370316
v -0.234470 -0.491317 -0.366158
v -0.242290 -0.491889 -0.353011
v -0.238932 -0.495725 -0.338578
v -0.200363 -0.403727 -0.305303
v -0.185824 -0.406305 -0.309338
v -0.177566 -0.404122 -0.322040
v -0.180427 -0.398456 -0.335970
v -0.192731 -0.392626 -0.342966
v -0.207270 -0.390047 -0.338931
v -0.215528 -0.392230 -0.326228
v -0.212667 -0.397897 -0.312299
v -0.178200 -0.324788 -0.270911
v -0.163549 -0.326976 -0.274768
v -0.154741 -0.322871 -0.286595
v -0.156935 -0.314878 -0.299464
v -0.168846 -0.307679 -0.305836
v -0.183497 -0.305492 -0.301979
v -0.192306 -0.309597 -0.290152
v -0.190111 -0.317590 -0.277283
v -0.160576 -0.269562 -0.231326
v -0.145809 -0.271403 -0.234912
v -0.136155 -0.264766 -0.244764
v -0.137268 -0.253541 -0.255111
v -0.148497 -0.244301 -0.259891
v -0.163264 -0.242461 -0.256305
v -0.172919 -0.249097 -0.246453
v -0.171806 -0.260323 -0.236106
v -0.148257 -0.242502 -0.191216
v -0.133369 -0.244109 -0.194391
v -0.122359 -0.234856 -0.199632
v -0.121676 -0.220162 -0.203867
v -0.131720 -0.208635 -0.204617
v -0.146608 -0.207028 -0.201442
v -0.157619 -0.216282 -0.196202
v -0.158302 -0.230975 -0.191966
v -0.279106 -2.469973 0.110685
v -0.241662 -2.447405 0.126815
v -0.308691 -2.424751 0.077940
v -0.266913 -2.469984 0.093647
v -0.238172 -2.447408 0.106026
v -0.290985 -2.424766 0.066995
v -0.202084 -2.421665 0.123873
v -0.236797 -2.436607 0.126455
v -0.208492 -2.421659 0.103821
v -0.234513 -2.436609 0.105756
v -0.195871 -2.346346 0.120142
v -0.166415 -2.360557 0.102310
v -0.203631 -2.346340 0.100908
v -0.180636 -2.360545 0.086987
v -0.128711 -2.415143 0.024107
v -0.139358 -2.390743 0.062450
v -0.149107 -2.415126 0.021041
v -0.158238 -2.390727 0.053926
v -0.145775 -2.304543 0.073401
v -0.165518 -2.319569 0.101122
v -0.163554 -2.304528 0.063074
v -0.179885 -2.319557 0.086005
v -0.127267 -2.470230 0.018780
v -0.129281 -2.402054 -0.023234
v -0.147874 -2.470212 0.016474
v -0.149617 -2.402037 -0.019885
v -0.131901 -2.368261 -0.036444
v -0.143660 -2.386521 -0.066591
v -0.151842 -2.368244 -0.031230
v -0.161846 -2.386506 -0.056878
v -0.169477 -2.402219 -0.099806
v -0.149215 -2.377591 -0.077408
v -0.182981 -2.402207 -0.084217
v -0.166489 -2.377576 -0.065986
v -0.178644 -2.376495 -0.108518
v -0.209378 -2.369012 -0.121764
v -0.190337 -2.376485 -0.091264
v -0.213923 -2.369008 -0.101430
v -0.247803 -2.352078 -0.121197
v -0.217746 -2.324782 -0.123433
v -0.242803 -2.352082 -0.101040
v -0.220273 -2.324780 -0.102716
v -0.257775 -2.372445 -0.118161
v -0.284175 -2.383102 -0.102179
v -0.250419 -2.372451 -0.098683
v -0.271027 -2.383113 -0.086206
v -0.312686 -2.380364 -0.066069
v -0.291496 -2.400020 -0.095821
v -0.294385 -2.380380 -0.056474
v -0.276857 -2.400033 -0.081085
v -0.326164 -2.408937 -0.023087
v -0.315273 -2.403445 -0.062310
v -0.305850 -2.408954 -0.019726
v -0.296510 -2.403461 -0.053365
v -0.328339 -2.429189 -0.015684
v -0.326254 -2.336549 0.027819
v -0.307732 -2.429206 -0.013377
v -0.305928 -2.336566 0.024271
v -0.325964 -2.374669 0.033563
v -0.310407 -2.406993 0.073446
v -0.305675 -2.374686 0.029241
v -0.292440 -2.407008 0.063172
v -0.208380 -2.286340 0.103821
v -0.238013 -2.286316 0.106026
v -0.266734 -2.286292 0.093647
v -0.290845 -2.286272 0.066995
v -0.246962 -2.286308 -0.100726
v -0.217329 -2.286333 -0.102930
v -0.188607 -2.286357 -0.090551
v -0.164497 -2.286377 -0.063900
v -0.147728 -2.286391 0.016473
v -0.158832 -2.286382 0.056461
v -0.307613 -2.286258 -0.013378
v -0.296510 -2.286267 -0.053365
v -0.180574 -2.286364 0.086987
v -0.305570 -2.286259 0.029242
v -0.274768 -2.286285 -0.083892
v -0.149771 -2.286389 -0.026147
v -0.209485 -2.286340 0.100362
v -0.237410 -2.286316 0.102440
v -0.264631 -2.286294 0.090708
v -0.287790 -2.286274 0.065107
v -0.245856 -2.286309 -0.097267
v -0.217931 -2.286332 -0.099344
v -0.190710 -2.286355 -0.087612
v -0.167551 -2.286375 -0.062012
v -0.151283 -2.286388 0.016075
v -0.162068 -2.286380 0.054918
v -0.304059 -2.286261 -0.012980
v -0.293273 -2.286269 -0.051822
v -0.183027 -2.286362 0.084344
v -0.302071 -2.286262 0.028497
v -0.272314 -2.286287 -0.081249
v -0.153271 -2.286386 -0.025401
v -0.264816 -2.506004 0.090709
v -0.287948 -2.473938 0.065108
v -0.262972 -2.506006 0.088132
v -0.285271 -2.473941 0.063453
v -0.302186 -2.431200 0.028495
v -0.288538 -2.422627 0.063484
v -0.299118 -2.431203 0.027841
v -0.285844 -2.422629 0.061873
v -0.209618 -2.446153 0.100362
v -0.237565 -2.472888 0.102439
v -0.262805 -2.460554 0.091557
v -0.210587 -2.446152 0.097329
v -0.237037 -2.472889 0.099295
v -0.261057 -2.460556 0.088939
v -0.246013 -2.479610 -0.097267
v -0.218087 -2.490194 -0.099344
v -0.183786 -2.459032 -0.074343
v -0.161000 -2.497226 -0.031638
v -0.157878 -2.463828 0.032200
v -0.172975 -2.477796 0.070012
v -0.302005 -2.436448 -0.019327
v -0.288067 -2.454688 -0.059351
v -0.183183 -2.448687 0.084344
v -0.302227 -2.458473 0.028497
v -0.272471 -2.445256 -0.081249
v -0.155033 -2.482221 -0.004618
v -0.209641 -2.472615 0.100362
v -0.245044 -2.479611 -0.094234
v -0.218615 -2.490194 -0.096200
v -0.185871 -2.459030 -0.072176
v -0.163857 -2.497223 -0.030790
v -0.160805 -2.463825 0.031403
v -0.175460 -2.477793 0.068164
v -0.298951 -2.436450 -0.018807
v -0.285406 -2.454690 -0.057751
v -0.185334 -2.448685 0.082027
v -0.299159 -2.458476 0.027843
v -0.270320 -2.445258 -0.078932
v -0.158050 -2.482219 -0.004488
v -0.210611 -2.472614 0.097330
v 0.208379 -2.286341 0.103821
v 0.238012 -2.286316 0.106026
v 0.266734 -2.286292 0.093647
v 0.290844 -2.286271 0.066995
v 0.246961 -2.286309 -0.100725
v 0.217328 -2.286333 -0.102930
v 0.188606 -2.286357 -0.090551
v 0.164497 -2.286377 -0.063900
v 0.147728 -2.286391 0.016473
v 0.158831 -2.286382 0.056461
v 0.307613 -2.286258 -0.013378
v 0.296509 -2.286267 -0.053365
v 0.180573 -2.286364 0.086988
v 0.305570 -2.286259 0.029242
v 0.274767 -2.286286 -0.083892
v 0.149770 -2.286390 -0.026147
v 0.209801 -2.286340 0.099372
v 0.237238 -2.286317 0.101413
v 0.264029 -2.286294 0.089866
v 0.286915 -2.286275 0.064567
v 0.245539 -2.286310 -0.096276
v 0.218103 -2.286332 -0.098317
v 0.191312 -2.286355 -0.086771
v 0.168425 -2.286374 -0.061471
v 0.152300 -2.286388 0.015961
v 0.162995 -2.286379 0.054476
v 0.303041 -2.286262 -0.012866
v 0.292346 -2.286271 -0.051380
v 0.183729 -2.286361 0.083588
v 0.301068 -2.286263 0.028283
v 0.271612 -2.286288 -0.080492
v 0.154272 -2.286386 -0.025188
v 0.194424 -2.346429 0.119265
v 0.166416 -2.364393 0.102309
v 0.202502 -2.346423 0.100224
v 0.180637 -2.364381 0.086987
v 0.208956 -2.359906 0.124389
v 0.234326 -2.348793 0.126277
v 0.213627 -2.359902 0.104208
v 0.232645 -2.348794 0.105623
v 0.278055 -2.372505 0.111239
v 0.251261 -2.366945 0.126975
v 0.266083 -2.372515 0.094106
v 0.245578 -2.366950 0.107131
v 0.285150 -2.350917 0.103852
v 0.305195 -2.335371 0.081693
v 0.271806 -2.350928 0.088086
v 0.288122 -2.335385 0.070050
v 0.324599 -2.337229 0.036920
v 0.310920 -2.362659 0.071988
v 0.304505 -2.337246 0.032097
v 0.292868 -2.362674 0.061932
v 0.327915 -2.370247 -0.008180
v 0.326018 -2.336335 0.031387
v 0.307357 -2.370265 -0.006883
v 0.305715 -2.336352 0.027358
v 0.327160 -2.361320 -0.019730
v 0.318849 -2.347263 -0.049660
v 0.306714 -2.361337 -0.016848
v 0.299586 -2.347279 -0.042516
v 0.309969 -2.336426 -0.069839
v 0.291174 -2.354933 -0.096228
v 0.292133 -2.336441 -0.059593
v 0.276586 -2.354945 -0.081422
v 0.263821 -2.343619 -0.114471
v 0.284082 -2.330876 -0.102206
v 0.255128 -2.343626 -0.095802
v 0.270944 -2.330887 -0.086227
v 0.248363 -2.371459 -0.121156
v 0.215515 -2.346901 -0.123599
v 0.243227 -2.371463 -0.101009
v 0.218603 -2.346899 -0.102841
v 0.176455 -2.336717 -0.107589
v 0.211996 -2.320451 -0.122906
v 0.188648 -2.336707 -0.090551
v 0.215924 -2.320447 -0.102307
v 0.170161 -2.363057 -0.100590
v 0.146871 -2.396767 -0.074844
v 0.183533 -2.363046 -0.084854
v 0.164577 -2.396753 -0.063900
v 0.131139 -2.324996 -0.034580
v 0.142263 -2.341012 -0.063099
v 0.151188 -2.324979 -0.029644
v 0.160653 -2.340997 -0.053907
v 0.127542 -2.351185 0.011716
v 0.129141 -2.384600 -0.021643
v 0.148103 -2.351167 0.010360
v 0.149487 -2.384583 -0.018509
v 0.129185 -2.326668 0.026116
v 0.140096 -2.366635 0.065406
v 0.149502 -2.326651 0.022764
v 0.158859 -2.366620 0.056460
v 0.145620 -2.343544 0.073134
v 0.162132 -2.333610 0.096317
v 0.163432 -2.343529 0.062853
v 0.177091 -2.333597 0.082030
v 0.218134 -2.427314 0.099982
v 0.237360 -2.413769 0.101413
v 0.269786 -2.435832 0.083637
v 0.278641 -2.428195 0.073849
v 0.257372 -2.429639 -0.089187
v 0.218225 -2.433209 -0.098317
v 0.179480 -2.450921 -0.073556
v 0.168548 -2.433132 -0.061471
v 0.152423 -2.415900 0.015961
v 0.159659 -2.404658 0.042021
v 0.302589 -2.427181 -0.000894
v 0.286767 -2.422652 -0.059385
v 0.183852 -2.398664 0.083587
v 0.301191 -2.397775 0.028283
v 0.271734 -2.416268 -0.080492
v 0.154395 -2.393711 -0.025188
v 0.218923 -2.427313 0.095341
v 0.236561 -2.413769 0.096653
v 0.266683 -2.435835 0.080080
v 0.275050 -2.428198 0.070832
v 0.255101 -2.429641 -0.085082
v 0.219025 -2.433208 -0.093558
v 0.182931 -2.450918 -0.070384
v 0.172602 -2.433129 -0.058965
v 0.157141 -2.415896 0.015433
v 0.164092 -2.404654 0.040464
v 0.297892 -2.427186 -0.000808
v 0.282757 -2.422656 -0.056935
v 0.187108 -2.398661 0.080079
v 0.296545 -2.397779 0.027293
v 0.268478 -2.416271 -0.076984
v 0.159040 -2.393707 -0.024198
v 0.590907 0.522313 0.050969
v 0.589095 0.518893 0.049108
v 0.601341 0.489412 0.077383
v 0.599528 0.485992 0.075522
v 0.556822 -0.504690 0.035297
v 0.578234 -0.514302 0.027450
v 0.537733 -0.487832 0.015807
v 0.533031 -0.483929 0.011805
v 0.535805 -0.467003 -0.047275
v 0.532142 -0.479605 -0.000408
v 0.526474 -0.472865 -0.011739
v 0.531431 -0.469109 -0.032666
v 0.571496 -0.862082 -0.005264
v 0.551889 -0.885234 0.014486
v 0.542690 -0.903382 -0.073041
v 0.523808 -0.905035 -0.072491
v 0.529009 -0.897086 0.021615
v 0.507933 -0.909281 0.001151
v 0.506457 -0.911849 -0.006949
v 0.575856 -0.863806 -0.045297
v 0.576553 -0.862092 -0.025470
v 0.500252 -0.910713 -0.047996
v 0.502282 -0.912309 -0.028625
v 0.504581 -0.912848 -0.016832
v 0.562425 -0.887000 -0.068465
v 0.504638 -0.908427 -0.062598
v 0.754147 0.442106 -0.130728
v 0.444990 0.592751 -0.143644
v 0.486380 0.406566 -0.137716
v 0.516864 -0.453551 -0.056144
v 0.585128 -0.482443 -0.086762
v 0.648516 -0.537664 -0.024472
v 0.630879 -0.543927 0.027303
v 0.634322 -0.553935 0.053082
v 0.580023 -0.534888 0.090005
v 0.510905 -0.495453 0.088474
v 0.485725 -0.461128 0.024141
v 0.591171 -0.515109 0.096195
v 0.659663 -0.517885 -0.018282
v 0.596276 -0.462664 -0.080572
v 0.496872 -0.441349 0.030331
v 0.522052 -0.475674 0.094664
v 0.645469 -0.534156 0.059272
v 0.642026 -0.524148 0.033493
v 0.528012 -0.433772 -0.049954
v 0.586967 -0.526597 0.101596
v 0.647081 -0.547684 0.060719
v 0.643269 -0.536604 0.032180
v 0.662795 -0.529669 -0.025140
v 0.592619 -0.468536 -0.094101
v 0.517044 -0.436550 -0.060204
v 0.482570 -0.444937 0.028679
v 0.510446 -0.482939 0.099901
v 0.602320 -0.487265 -0.012852
v 0.601297 -0.514551 -0.013289
v 0.596014 -0.517862 0.006806
v 0.597037 -0.490576 0.007243
v 0.602166 -0.481056 -0.032413
v 0.601143 -0.508342 -0.032851
v 0.591214 -0.468012 -0.054368
v 0.590191 -0.495298 -0.054805
v 0.556822 -0.504690 0.035297
v 0.557845 -0.477404 0.035735
v 0.579257 -0.487016 0.027887
v 0.578234 -0.514302 0.027450
v 0.573366 -0.456810 -0.058021
v 0.572343 -0.484096 -0.058458
v 0.537733 -0.487832 0.015807
v 0.538756 -0.460546 0.016244
v 0.555274 -0.446907 -0.057084
v 0.554252 -0.474192 -0.057521
v 0.533031 -0.483929 0.011805
v 0.533808 -0.456588 0.012509
v 0.536828 -0.439717 -0.046837
v 0.535805 -0.467003 -0.047275
v 0.532142 -0.479605 -0.000408
v 0.532965 -0.452237 0.000124
v 0.526474 -0.472865 -0.011739
v 0.527055 -0.445367 -0.011186
v 0.531431 -0.469109 -0.032666
v 0.553987 -0.278570 -0.030518
v 0.556718 -0.286395 -0.045121
v 0.582262 -0.267887 0.039092
v 0.600763 -0.282771 0.031963
v 0.474633 -0.206910 0.018877
v 0.485567 -0.209374 0.029913
v 0.473850 -0.213248 0.002400
v 0.477225 -0.176261 0.021175
v 0.488159 -0.178725 0.032211
v 0.561410 -0.238296 0.002453
v 0.558634 -0.250200 -0.030518
v 0.561365 -0.258025 -0.045121
v 0.674388 -0.011650 -0.042680
v 0.591956 0.004469 -0.075415
v 0.546212 0.008930 -0.063926
v 0.468811 0.015514 -0.038110
v 0.447962 0.015020 -0.016161
v 0.462115 0.005138 0.036519
v 0.459476 0.000102 0.072190
v 0.481034 -0.011139 0.127221
v 0.450241 0.031844 -0.013617
v 0.483314 0.005684 0.129764
v 0.498355 -0.234498 -0.010736
v 0.469554 0.012859 0.094640
v 0.457635 0.026682 0.013901
v 0.487758 0.036328 -0.076897
v 0.564531 0.023188 -0.058792
v 0.570214 0.023067 -0.063081
v 0.680812 0.007418 -0.058698
v 0.669468 -0.009617 0.064142
v 0.675747 -0.018645 0.118225
v 0.586696 -0.003298 0.096523
v 0.582028 -0.001498 0.088804
v 0.574606 -0.000768 0.090623
v 0.539213 -0.001201 0.125206
v 0.655663 -0.030279 0.097315
v 0.615589 -0.317155 -0.027820
v 0.653514 -0.032030 0.110819
v 0.594030 -0.021778 0.096322
v 0.614720 -0.308282 -0.007803
v 0.595233 -0.020438 0.086379
v 0.567027 -0.016896 0.088233
v 0.501959 -0.013717 0.125514
v 0.589746 -0.312020 -0.055564
v 0.569527 -0.010221 0.096373
v 0.535455 -0.011498 0.135354
v 0.558120 0.016902 -0.072795
v 0.585907 0.017005 -0.098377
v 0.510072 -0.230624 0.016777
v 0.472166 -0.003703 0.140515
v 0.695773 -0.001739 -0.072862
v 0.680323 -0.017280 0.043767
v 0.447758 0.009025 0.078210
v 0.690039 -0.031248 0.127450
v 0.458295 0.009455 0.065923
v 0.573424 -0.011685 0.102568
v 0.434722 0.025915 -0.021821
v 0.591971 -0.011590 0.085315
v 0.477198 0.030992 -0.093467
v 0.632293 0.015696 -0.069966
v 0.512664 -0.199975 0.019075
v 0.675140 -0.001099 0.002722
v 0.636273 -0.006415 0.072713
v 0.575469 0.012334 0.003195
v 0.644379 -0.007197 0.070620
v 0.656552 0.011557 -0.064332
v 0.672304 -0.005358 0.033432
v 0.652870 -0.008016 0.068427
v 0.578618 0.005729 0.044057
v 0.620235 -0.288784 -0.027820
v 0.608033 0.019835 -0.075600
v 0.677976 0.003159 -0.027988
v 0.594393 -0.283650 -0.055564
v 0.596655 -0.002787 0.084217
v 0.572321 0.018938 -0.037666
v 0.608046 0.005635 0.018308
v 0.642892 0.012124 -0.055839
v 0.591675 0.011928 -0.008642
v 0.668261 0.001502 -0.008321
v 0.618499 -0.271040 0.012213
v 0.621831 -0.281579 -0.007993
v 0.668331 0.004488 -0.028131
v 0.606219 0.015513 -0.045387
v 0.600756 0.008980 0.002719
v 0.646877 -0.001638 0.031611
v 0.601943 0.013886 -0.030795
v 0.600983 0.006709 0.017533
v 0.625253 -0.005352 0.075559
v 0.620623 0.017687 -0.072676
v 0.662826 -0.000814 0.011871
v 0.624669 0.014509 -0.055280
v 0.644922 0.013542 -0.067033
v 0.626220 0.000083 0.038744
v 0.673565 -0.003465 0.019776
v 0.659464 0.009189 -0.051275
v 0.573668 0.016114 -0.020188
v 0.670722 -0.017261 -0.002280
v 0.639254 -0.003281 -0.066546
v 0.634892 -0.026996 0.094217
v 0.570731 -0.004068 0.000068
v 0.647388 -0.005219 -0.061021
v 0.668835 -0.019159 0.011962
v 0.656821 -0.007465 -0.054613
v 0.649705 -0.029401 0.096845
v 0.572096 -0.010197 0.039381
v 0.672608 -0.015364 -0.016523
v 0.621687 0.000903 -0.078479
v 0.597972 -0.020894 0.086945
v 0.575169 0.001273 -0.039236
v 0.599002 -0.003749 -0.030518
v 0.659945 -0.018013 0.012213
v 0.605145 -0.011705 0.018629
v 0.639950 -0.005519 -0.055564
v 0.665422 -0.012917 -0.027820
v 0.644004 -0.018777 0.031963
v 0.603270 -0.002191 -0.045121
v 0.597934 -0.008477 0.002979
v 0.665366 -0.015792 -0.007993
v 0.588972 -0.005639 -0.008404
v 0.621720 -0.003191 -0.055013
v 0.644411 -0.028541 0.095906
v 0.571455 -0.006925 0.018314
v 0.623343 -0.017084 0.039092
v 0.671573 -0.016405 -0.008706
v 0.598196 -0.010654 0.017713
v 0.656533 -0.008376 -0.050987
v 0.632372 -0.001642 -0.071221
v 0.628042 -0.025885 0.093002
v 0.463594 0.019771 0.054270
v 0.569568 0.011210 0.015915
v 0.522080 0.006046 0.092632
v 0.511083 0.024935 -0.022446
v 0.460614 0.023226 0.034086
v 0.572087 0.005221 0.053269
v 0.495817 0.009452 0.093636
v 0.537807 0.024062 -0.040619
v 0.466574 0.016315 0.074455
v 0.567050 0.017199 -0.021438
v 0.548343 0.002639 0.091627
v 0.484359 0.025808 -0.004272
v 0.519430 0.014214 0.040981
v 0.533992 0.018019 0.002765
v 0.510198 0.019612 0.013555
v 0.543224 0.012622 0.030192
v 0.543536 0.014990 0.014244
v 0.520183 0.019933 0.002479
v 0.509886 0.017243 0.029503
v 0.533239 0.012300 0.041267
v 0.551980 -0.017460 0.105448
v 0.524935 0.012634 -0.069361
v 0.483623 0.003089 0.030797
v 0.569749 -0.005769 0.012201
v 0.544457 -0.017742 0.114055
v 0.535574 0.010782 -0.066643
v 0.488565 -0.005140 0.080794
v 0.571172 -0.000142 -0.026297
v 0.559504 -0.017178 0.096840
v 0.514297 0.014487 -0.072078
v 0.472359 0.011995 -0.018016
v 0.568326 -0.011397 0.050699
v 0.502398 0.002431 0.014774
v 0.535451 -0.004359 0.031441
v 0.511655 -0.002783 0.042229
v 0.526194 0.000855 0.003987
v 0.535751 -0.002078 0.015480
v 0.525470 -0.004650 0.042521
v 0.512378 0.002723 0.003694
v 0.502098 0.000151 0.030735
v 0.714213 0.457901 0.135196
v 0.754147 0.442106 -0.130728
v 0.473692 0.327357 -0.137378
v 0.415114 0.318457 0.116146
v 0.758690 0.289224 -0.124272
v 0.728235 0.294328 0.115489
v 0.647071 0.237094 -0.135908
v 0.613706 0.259447 0.139400
v 0.758813 0.453902 -0.000000
v 0.423265 0.196310 0.000000
v 0.799524 0.361216 0.000000
v 0.584852 0.216071 -0.009118
v 0.757478 0.450527 0.063824
v 0.443538 0.224378 0.054170
v 0.789502 0.344683 0.050969
v 0.591497 0.214513 0.024967
v 0.757478 0.450527 -0.078280
v 0.413911 0.200715 -0.054170
v 0.797512 0.356262 -0.057308
v 0.578983 0.220682 -0.065108
v 0.468045 0.250732 -0.107761
v 0.591663 0.227291 -0.107316
v 0.609556 0.405079 0.151426
v 0.662104 0.260070 0.136095
v 0.524128 0.318133 -0.139030
v 0.701649 0.241873 -0.137500
v 0.444990 0.592751 -0.143644
v 0.425022 0.600649 0.145878
v 0.330758 0.336922 0.137053
v 0.503190 0.624723 0.000000
v 0.454018 0.615576 0.071052
v 0.454018 0.615576 -0.078280
v 0.424867 0.460586 0.149941
v 0.420096 0.272891 0.083660
v 0.512765 0.250686 0.085752
v 0.610211 0.229604 0.030584
v 0.598842 0.229837 0.003379
v 0.598984 0.228600 0.019288
v 0.711848 0.298864 0.012213
v 0.692240 0.275711 0.031963
v 0.683043 0.257564 -0.055564
v 0.664160 0.255910 -0.055013
v 0.669361 0.263859 0.039092
v 0.648285 0.251665 0.018629
v 0.636971 0.235017 0.019447
v 0.716208 0.297139 -0.027820
v 0.716904 0.298853 -0.007993
v 0.640604 0.250232 -0.030518
v 0.625602 0.235250 -0.007758
v 0.636829 0.236254 0.003538
v 0.702777 0.273945 -0.050987
v 0.644990 0.252519 -0.045121
v 0.571496 -0.862082 -0.005264
v 0.551889 -0.885234 0.014486
v 0.542690 -0.903382 -0.073041
v 0.523808 -0.905035 -0.072491
v 0.575856 -0.863806 -0.045297
v 0.576553 -0.862092 -0.025470
v 0.562425 -0.887000 -0.068465
v 0.504638 -0.908427 -0.062598
v 0.618327 0.239905 -0.076218
v 0.609793 0.235457 -0.047813
v 0.624735 0.238243 0.047788
v 0.665733 0.261965 0.087593
v 0.655616 0.246502 -0.095461
v 0.625946 0.232262 0.030650
v 0.710238 0.285019 0.073726
v 0.758214 0.330034 -0.003996
v 0.756860 0.326701 -0.042564
v 0.730734 0.281585 -0.087629
v 0.692346 0.249719 -0.096532
v 0.609867 0.232592 -0.007824
v 0.617715 0.232185 0.012885
v 0.748379 0.330055 0.035309
v 0.381181 -0.739258 0.029523
v 0.369811 -0.739026 0.002318
v 0.369954 -0.740263 0.018227
v 0.407941 -0.733846 0.018386
v 0.396571 -0.733613 -0.008819
v 0.407798 -0.732608 0.002476
v 0.396916 -0.736601 0.029589
v 0.380837 -0.736271 -0.008885
v 0.527511 -0.021508 0.016454
v 0.527653 -0.022745 0.032363
v 0.516284 -0.022512 0.005158
v 0.489523 -0.027925 0.016295
v 0.500549 -0.025170 0.005092
v 0.489666 -0.029162 0.032204
v 0.500893 -0.028158 0.043500
v 0.516628 -0.025500 0.043566
v 0.436367 -0.454779 0.019447
v 0.409262 -0.457204 -0.007824
v 0.409606 -0.460191 0.030584
v 0.425341 -0.457533 0.030650
v 0.436224 -0.453541 0.003538
v 0.424997 -0.454546 -0.007758
v 0.398237 -0.459958 0.003379
v 0.398379 -0.461195 0.019288
v 0.507106 -0.262780 -0.001636
v 0.495879 -0.263785 -0.012932
v 0.469118 -0.269197 -0.001795
v 0.469261 -0.270434 0.014114
v 0.507248 -0.264017 0.014273
v 0.480144 -0.266442 -0.012998
v 0.480488 -0.269430 0.025410
v 0.496223 -0.266772 0.025476
v 0.529483 -0.396864 -0.009453
v 0.536246 -0.396631 0.002091
v 0.587606 -0.363095 0.031963
v 0.607213 -0.339943 0.012213
v 0.611573 -0.341668 -0.027820
v 0.598142 -0.364861 -0.050987
v 0.578408 -0.381243 -0.055564
v 0.559525 -0.382897 -0.055013
v 0.540355 -0.386288 -0.045121
v 0.535969 -0.388575 -0.030518
v 0.543650 -0.387142 0.018629
v 0.564726 -0.374947 0.039092
v 0.537255 -0.396750 0.014988
v 0.612270 -0.339954 -0.007993
v 0.645208 0.026282 -0.055823
v 0.671067 0.018655 -0.008302
v 0.602837 0.022090 0.002766
v 0.593633 0.024810 -0.008591
v 0.608456 0.029185 -0.045372
v 0.649494 0.014361 0.031632
v 0.604173 0.027520 -0.030779
v 0.626947 0.028434 -0.055265
v 0.661963 0.024461 -0.051258
v 0.665654 0.016473 0.011890
v 0.628709 0.015299 0.038765
v 0.671093 0.021370 -0.028113
v 0.603059 0.019879 0.017644
v 0.610367 0.019827 0.018326
v 0.509289 -0.236962 0.000300
v 0.511881 -0.206313 0.002598
v 0.500947 -0.203849 -0.008438
v 0.483676 -0.224675 -0.009866
v 0.486268 -0.194026 -0.007568
v 0.476442 -0.182599 0.004698
v 0.500246 -0.219197 0.029043
v 0.502838 -0.188548 0.031341
v 0.613852 -0.299410 0.012213
v 0.553632 -0.238051 -0.009027
v 0.610098 -0.291871 -0.050987
v 0.605451 -0.320242 -0.050987
v 0.605410 -0.254401 0.031963
v 0.572946 -0.300963 -0.055013
v 0.577593 -0.272592 -0.055013
v 0.568393 -0.236080 0.018629
v 0.586909 -0.239516 0.039092
v 0.563000 -0.233638 0.016139
v 0.556884 -0.266772 0.002388
v 0.549284 -0.266646 -0.009104
v 0.563746 -0.264450 0.018629
v 0.558495 -0.262183 0.015937
v 0.659204 -0.294494 0.094438
v 0.640391 -0.288638 0.079340
v 0.594125 -0.249298 0.102262
v 0.544052 -0.224853 0.083412
v 0.476957 -0.182981 0.080103
v 0.448661 -0.182215 0.038032
v 0.377401 -0.183745 -0.076251
v 0.383647 -0.158494 -0.005754
v 0.658309 -0.325821 -0.057911
v 0.671936 -0.274742 0.086235
v 0.388000 -0.135685 -0.019599
v 0.388717 -0.161978 -0.081800
v 0.456117 -0.160537 0.026276
v 0.495936 -0.167330 0.071721
v 0.521605 -0.184179 0.070986
v 0.613179 -0.231096 0.100137
v 0.640760 -0.266299 0.058178
v 0.663117 -0.305531 -0.001592
v 0.583443 -0.288152 -0.083400
v 0.559071 -0.276856 -0.094027
v 0.442413 -0.204930 -0.101888
v 0.646345 -0.314446 0.026438
v 0.660806 -0.353236 -0.044523
v 0.587428 -0.316316 -0.069505
v 0.533412 -0.288639 -0.086695
v 0.441062 -0.231699 -0.092918
v 0.582629 -0.305589 -0.088887
v 0.537747 -0.204233 0.085514
v 0.465635 -0.156896 0.087577
v 0.554983 -0.292776 -0.100942
v 0.616714 -0.242785 0.115241
v 0.416692 -0.207511 -0.110261
v 0.653354 -0.281147 0.079735
v 0.683009 -0.290377 0.103533
v 0.361748 -0.162467 -0.087072
v 0.668422 -0.313009 0.026400
v 0.360935 -0.132642 -0.016517
v 0.684826 -0.357010 -0.054093
v 0.453416 -0.166384 0.045768
v 0.500742 -0.240893 -0.097958
v 0.409231 -0.207722 -0.084584
v 0.510325 -0.274404 -0.088251
v 0.650236 -0.291703 0.087241
v 0.656348 -0.270520 0.072206
v 0.416912 -0.153066 0.021183
v 0.529906 -0.258875 -0.095993
v 0.399084 -0.176735 -0.101245
v 0.422059 -0.148111 0.003338
v 0.649798 -0.291566 0.086889
v 0.487237 -0.260169 -0.089807
v 0.416154 -0.170354 0.016139
v 0.661156 -0.283575 0.085997
v 0.396458 -0.190923 -0.101721
v 0.518061 -0.270011 -0.103430
v 0.492739 -0.254399 -0.105136
v 0.511263 0.002242 0.127485
v 0.501294 -0.457340 -0.016002
v 0.499807 -0.440744 -0.015763
v 0.512442 -0.437561 -0.009811
v 0.498315 -0.478290 0.056307
v 0.496508 -0.463938 0.064290
v 0.509462 -0.458511 0.062498
v 0.550996 -0.467997 -0.071453
v 0.533930 -0.460775 -0.063799
v 0.562144 -0.448218 -0.065263
v 0.545078 -0.440996 -0.057609
v 0.535938 -0.444546 -0.068679
v 0.554831 -0.452543 -0.077153
v 0.532800 -0.442046 -0.032142
v 0.647760 0.237852 -0.132649
v 0.700899 0.242506 -0.134199
v 0.756437 0.288608 -0.121319
v 0.794237 0.353880 -0.056120
v 0.786559 0.342169 0.049108
v 0.726785 0.293578 0.112124
v 0.796196 0.358703 -0.000322
v 0.581466 0.221872 -0.063714
v 0.662397 0.260223 0.132187
v 0.614595 0.257738 0.132018
v 0.593811 0.228307 -0.104810
v 0.717012 0.262113 0.125117
v 0.678477 0.242151 0.137124
v 0.716167 0.261676 0.123156
v 0.678648 0.242240 0.134847
v 0.729182 0.293362 0.115297
v 0.787103 0.310251 0.077383
v 0.784160 0.307737 0.075522
v 0.727732 0.292612 0.111931
v 0.803594 0.330361 0.009521
v 0.798781 0.336940 0.023582
v 0.798036 0.336072 0.023392
v 0.802722 0.329666 0.009702
v 0.802796 0.332918 -0.021368
v 0.803855 0.342725 -0.037067
v 0.802514 0.342528 -0.036952
v 0.801483 0.332979 -0.021666
v 0.789185 0.321487 -0.072545
v 0.798772 0.338043 -0.056007
v 0.788629 0.321335 -0.071816
v 0.797964 0.337455 -0.055714
v 0.749160 0.275742 -0.124235
v 0.719773 0.230008 -0.135865
v 0.718910 0.230327 -0.133495
v 0.747522 0.274856 -0.122172
v 0.648847 0.226936 -0.129596
v 0.683466 0.238170 -0.129860
v 0.611074 0.228572 -0.109993
v 0.649300 0.227435 -0.127451
v 0.682973 0.238586 -0.127687
v 0.612488 0.229241 -0.108344
v 0.620356 0.244956 0.137698
v 0.621523 0.250297 0.140129
v 0.621728 0.250505 0.139744
v 0.620966 0.245298 0.137069
v 0.588549 0.213378 -0.078145
v 0.593083 0.215741 -0.093235
v 0.589437 0.213804 -0.077647
v 0.593851 0.216105 -0.092339
v 0.448481 0.556567 0.084951
v 0.437495 0.440297 0.112531
v 0.179303 0.655742 -0.039140
v 0.179303 0.655742 0.035526
v 0.285375 0.279350 -0.081056
v 0.242109 0.454561 0.035526
v 0.475245 0.419844 -0.021015
v 0.227729 0.479013 -0.093111
v 0.229996 0.473364 -0.078043
v 0.241603 0.455027 0.029130
v 0.297176 0.250219 -0.040628
v 0.223280 0.504888 -0.017376
v 0.179303 0.658201 -0.019570
v 0.179303 0.658201 0.017763
v 0.289986 0.264795 -0.067613
v 0.249509 0.416582 -0.037677
v 0.231464 0.467692 -0.076153
v 0.241325 0.453246 0.021100
v 0.230608 0.486079 0.014036
v 0.249154 0.425010 -0.000320
v 0.242182 0.433964 -0.069089
v 0.223635 0.497534 -0.054733
v 0.498910 0.322744 -0.138204
v 0.467431 0.485641 -0.026383
v 0.442988 0.498432 0.098741
v 0.426304 0.379850 0.114339
v 0.444403 0.326677 -0.010616
v 0.505254 0.362349 -0.138373
v 0.466351 0.357249 -0.010963
v 0.462607 0.353692 -0.011933
v 0.474121 0.433132 -0.019816
v 0.511519 0.320439 -0.138617
v 0.431900 0.410482 0.113435
v 0.460597 0.395834 0.013732
v 0.440241 0.469551 0.105636
v 0.514691 0.340241 -0.138702
v 0.480998 0.381517 -0.045710
v 0.480759 0.337033 -0.075068
v 0.444456 0.368701 0.051203
v 0.458555 0.468093 0.039462
v 0.489688 0.397027 -0.079095
v 0.481155 0.405862 -0.040559
v 0.474866 0.361285 -0.033451
v 0.460440 0.371527 0.008581
v 0.466729 0.415219 0.001473
v 0.361245 0.477019 -0.046710
v 0.360190 0.449787 -0.060469
v 0.345948 0.419981 0.003194
v 0.355273 0.421800 -0.051551
v 0.357819 0.487546 -0.018334
v 0.351920 0.475200 0.008036
v 0.349373 0.409454 -0.025181
v 0.347003 0.447214 0.016953
v 0.297699 0.429946 -0.060390
v 0.295300 0.499029 -0.017728
v 0.291860 0.422993 0.001327
v 0.298130 0.490047 -0.050611
v 0.299124 0.461426 -0.068283
v 0.290867 0.451599 0.018999
v 0.292292 0.483100 0.011106
v 0.294690 0.414031 -0.031557
v 0.418363 0.454655 -0.019289
v 0.413775 0.393947 -0.042595
v 0.420595 0.416788 -0.052836
v 0.422495 0.442241 -0.043182
v 0.401899 0.399486 0.005436
v 0.410618 0.447451 0.004848
v 0.406031 0.386787 -0.018458
v 0.403799 0.424607 0.015089
v 0.318498 0.423137 0.002183
v 0.330716 0.485794 -0.048552
v 0.330322 0.457749 -0.064292
v 0.322633 0.481161 0.009583
v 0.321682 0.413448 -0.028417
v 0.326580 0.427786 -0.055952
v 0.327531 0.495496 -0.017952
v 0.318892 0.451186 0.017923
v 0.388663 0.472975 -0.018702
v 0.384228 0.409952 -0.047110
v 0.375248 0.437904 0.015964
v 0.390545 0.435283 -0.056595
v 0.392383 0.461387 -0.044828
v 0.373410 0.411795 0.004197
v 0.381565 0.463248 0.006479
v 0.377130 0.400221 -0.021929
v 0.268931 0.430849 -0.064807
v 0.263931 0.501700 -0.017430
v 0.262883 0.450654 0.020024
v 0.264954 0.421417 0.000400
v 0.266436 0.493730 -0.052569
v 0.268507 0.464632 -0.072193
v 0.262459 0.483890 0.012639
v 0.267459 0.413201 -0.034738
v 0.451311 0.397518 -0.049048
v 0.453293 0.422318 -0.041544
v 0.430457 0.385519 0.006719
v 0.439949 0.430287 0.003195
v 0.435163 0.371749 -0.014921
v 0.448587 0.435785 -0.019904
v 0.443801 0.376548 -0.038020
v 0.432439 0.409871 0.014223
v 0.259531 0.432454 -0.065418
v 0.248461 0.501191 -0.017537
v 0.255990 0.451425 0.019240
v 0.260576 0.423522 -0.000593
v 0.249928 0.493738 -0.052603
v 0.254513 0.465189 -0.072437
v 0.250972 0.483474 0.012222
v 0.262042 0.415460 -0.035660
v 0.280693 0.422678 0.000178
v 0.284451 0.490249 -0.050686
v 0.285937 0.462265 -0.068768
v 0.279692 0.482111 0.010853
v 0.283279 0.414350 -0.032802
v 0.285452 0.430622 -0.061361
v 0.281865 0.498469 -0.017705
v 0.279207 0.450723 0.018261
v 0.313403 0.429137 -0.057067
v 0.312701 0.495461 -0.017958
v 0.306363 0.450981 0.017242
v 0.306653 0.423512 0.001043
v 0.315617 0.486402 -0.048738
v 0.315908 0.458928 -0.064937
v 0.308867 0.480788 0.009372
v 0.309569 0.414469 -0.029737
v 0.332877 0.422052 0.001948
v 0.346218 0.480086 -0.046846
v 0.345515 0.453284 -0.061149
v 0.337778 0.476957 0.007883
v 0.336082 0.412250 -0.026646
v 0.341317 0.425187 -0.052782
v 0.343013 0.489893 -0.018252
v 0.333580 0.448855 0.016251
v 0.372652 0.478974 -0.018616
v 0.369268 0.416541 -0.048495
v 0.360904 0.442415 0.015301
v 0.374715 0.442392 -0.057417
v 0.376117 0.468252 -0.045041
v 0.359501 0.416553 0.002925
v 0.366351 0.468272 0.006378
v 0.362966 0.405837 -0.023500
v 0.404002 0.426393 -0.053716
v 0.405814 0.451390 -0.043331
v 0.386629 0.406616 0.004011
v 0.394811 0.454818 0.004833
v 0.390436 0.394847 -0.020240
v 0.402007 0.463027 -0.019079
v 0.397632 0.403036 -0.044152
v 0.388441 0.431454 0.014397
v 0.431061 0.444996 -0.019662
v 0.426516 0.386841 -0.039745
v 0.416170 0.417862 0.013553
v 0.433464 0.408082 -0.050057
v 0.435346 0.432447 -0.041739
v 0.414288 0.393876 0.005234
v 0.423118 0.438837 0.003241
v 0.418573 0.381042 -0.016842
v 0.462750 0.390981 -0.046602
v 0.463787 0.414809 -0.040466
v 0.442672 0.380320 0.006759
v 0.450323 0.423209 0.001604
v 0.447819 0.366721 -0.013209
v 0.458640 0.428118 -0.020499
v 0.456136 0.371005 -0.035312
v 0.443709 0.403912 0.012895
v 0.209116 0.953609 0.003669
v 0.176898 0.875827 0.003668
v 0.171748 0.913793 0.079065
v 0.202752 0.995705 0.058668
v 0.168166 0.932660 0.100489
v 0.142632 0.840141 0.042559
v 0.154986 0.894925 0.092879
v 0.103741 0.840141 0.109920
v 0.151404 0.913793 0.114302
v 0.087193 0.875827 0.159041
v 0.147752 0.995705 0.153931
v 0.103302 0.953609 0.186943
v 0.159043 0.927134 0.111832
v 0.149723 0.900452 0.106451
v 0.164109 0.900452 0.081535
v 0.173429 0.927134 0.086916
v -0.214138 1.037800 0.003669
v -0.181919 1.115582 0.003669
v -0.147653 1.151268 -0.035222
v -0.207774 0.995705 -0.051331
v -0.173913 1.076474 -0.081590
v -0.160647 1.091405 -0.092522
v -0.171078 1.061542 -0.098545
v -0.152774 0.995705 -0.146594
v -0.157812 1.076474 -0.109477
v -0.108763 1.151268 -0.102583
v -0.092215 1.115581 -0.151704
v -0.108324 1.037799 -0.179606
v -0.163858 1.065915 -0.107522
v -0.156482 1.087032 -0.103264
v -0.175243 1.065915 -0.087803
v -0.167867 1.087032 -0.083545
v 0.412479 0.799598 0.219502
v 0.403494 0.802997 0.237805
v 0.408897 0.818466 0.240925
v 0.395717 0.780731 0.233315
v 0.392135 0.799598 0.254739
v 0.399774 0.812940 0.252269
v 0.390454 0.786257 0.246888
v 0.404840 0.786257 0.221972
v 0.414160 0.812940 0.227352
v -0.365893 1.166804 -0.208693
v -0.359490 1.185135 -0.204997
v -0.369921 1.155271 -0.211019
v -0.356655 1.170203 -0.221951
v -0.362701 1.159644 -0.219997
v -0.355325 1.180761 -0.215738
v -0.374086 1.159644 -0.200278
v -0.366710 1.180761 -0.196019
v 0.140062 0.881984 0.109815
v 0.146728 0.931474 0.134099
v 0.184573 0.930858 0.069173
v 0.180761 0.910493 0.064769
v 0.183061 0.941206 0.082513
v 0.169826 0.891418 0.063859
v 0.139950 0.910547 0.134060
v 0.158076 0.944468 0.126402
v 0.151265 0.877620 0.092253
v 0.160946 0.882149 0.073890
v 0.137428 0.891888 0.121419
v 0.176380 0.948994 0.106761
v -0.186569 1.064006 -0.072435
v -0.185834 1.055580 -0.081559
v -0.148357 1.095547 -0.113367
v -0.184078 1.080097 -0.067068
v -0.181228 1.045453 -0.101349
v -0.160660 1.105673 -0.089719
v -0.151073 1.080089 -0.123104
v -0.154761 1.061997 -0.125354
v -0.174795 1.094949 -0.069332
v -0.152829 1.101079 -0.103831
v -0.164757 1.049212 -0.118893
v -0.168299 1.102561 -0.074745
v -0.108324 0.953609 0.186943
v -0.108324 1.037800 0.186943
v -0.141336 1.079895 0.142493
v -0.141336 0.911514 0.142493
v -0.173200 0.989438 0.126703
v -0.183401 1.009842 0.109033
v -0.183401 0.969035 0.109033
v -0.192149 0.911514 0.054482
v -0.193603 0.989438 0.091364
v -0.192149 1.079895 0.054482
v -0.214138 0.953609 0.003669
v -0.190615 1.003866 0.096539
v -0.190615 0.975011 0.096539
v -0.176188 0.975011 0.121528
v -0.176188 1.003866 0.121528
v 0.103302 1.037800 -0.179606
v 0.103302 0.953610 -0.179606
v 0.136314 0.911514 -0.135156
v 0.167881 0.996282 -0.119659
v 0.136314 1.079895 -0.135156
v 0.178236 1.016990 -0.101726
v 0.178236 0.975573 -0.101726
v 0.187127 0.911514 -0.047145
v 0.188590 0.996282 -0.083792
v 0.369644 0.997666 -0.231324
v 0.187127 1.079895 -0.047145
v 0.209116 1.037799 0.003669
v 0.185557 0.981639 -0.089045
v 0.185557 1.010924 -0.089045
v 0.170914 0.981639 -0.114407
v 0.170914 1.010924 -0.114407
v 0.374839 0.996247 -0.215053
v 0.379998 1.018374 -0.213390
v 0.387320 0.983023 -0.200709
v 0.379998 0.976957 -0.213390
v 0.390352 0.997666 -0.195456
v 0.387320 1.012308 -0.200709
v 0.372677 0.983023 -0.226071
v 0.372677 1.012308 -0.226071
v -0.476767 0.989539 0.277724
v -0.475272 1.010465 0.285333
v -0.485473 0.990062 0.267664
v -0.482485 1.004489 0.272839
v -0.475272 0.969659 0.285333
v -0.482485 0.975635 0.272839
v -0.468058 0.975635 0.297827
v -0.468058 1.004489 0.297827
v 0.048302 1.079895 -0.185970
v -0.002511 1.115582 -0.175740
v 0.036380 1.151268 -0.141474
v 0.087193 1.115582 -0.151704
v 0.018537 1.198958 -0.074882
v -0.002511 1.207331 -0.038427
v 0.018537 1.207331 -0.032787
v 0.036380 0.840141 -0.141474
v -0.002511 0.875827 -0.175740
v 0.048303 0.911514 -0.185970
v 0.087193 0.875827 -0.151704
v 0.052489 0.995705 -0.201594
v -0.002511 1.037800 -0.207958
v 0.181592 1.029029 -0.103119
v -0.002511 1.175113 -0.116208
v 0.057428 1.175113 -0.100148
v 0.040963 0.792451 -0.093874
v -0.002511 0.816296 -0.122885
v 0.079853 0.816296 -0.112464
v -0.002511 0.953609 -0.207958
v -0.055418 1.037800 -0.193782
v 0.103741 0.840141 -0.102583
v 0.167697 0.966714 -0.120882
v 0.152861 0.875827 -0.086036
v 0.193323 0.977811 -0.078640
v 0.103741 1.151268 -0.102583
v 0.054992 1.198958 -0.053835
v 0.101306 1.175113 -0.056270
v 0.084436 0.792451 -0.066150
v 0.108324 0.816296 -0.056270
v 0.152861 1.115581 -0.086036
v 0.033945 1.207331 -0.017379
v 0.084436 0.792451 -0.017379
v 0.142632 0.840141 -0.035222
v 0.118744 0.816296 0.003668
v 0.050396 1.037800 -0.193782
v 0.142632 1.151268 -0.035222
v 0.176898 1.115581 0.003669
v 0.076040 1.198958 -0.017379
v 0.039584 1.207331 0.003668
v 0.316810 0.976512 -0.178322
v 0.117366 1.175113 0.003668
v 0.142033 1.037799 0.148212
v 0.187127 1.079895 0.054482
v 0.142632 1.151268 0.042559
v 0.152861 1.115581 0.093373
v 0.076040 1.198958 0.024716
v 0.033945 1.207331 0.024716
v 0.181384 0.961981 -0.102987
v 0.180763 1.037800 0.109482
v 0.101306 1.175113 0.063607
v 0.084436 0.792451 0.040667
v 0.108324 0.816296 0.079557
v 0.165149 1.014993 -0.126497
v 0.190092 0.967727 -0.082829
v 0.136314 1.079895 0.142493
v 0.103302 1.037799 0.186943
v 0.103741 1.151268 0.109920
v 0.054992 1.198958 0.061172
v 0.057428 1.175113 0.107485
v 0.062010 0.792451 0.077665
v 0.057428 0.816296 0.108028
v 0.385012 0.981111 -0.204707
v 0.087193 1.115582 0.159041
v 0.018537 1.207331 0.040124
v 0.052489 0.995705 0.208931
v 0.048302 1.079895 0.193307
v -0.002511 1.037800 0.215295
v 0.036380 1.151268 0.148811
v 0.018537 1.198958 0.082219
v -0.002511 1.175113 0.123545
v 0.018537 0.792451 0.077665
v 0.036380 0.840141 0.148811
v -0.002511 0.816296 0.118448
v 0.048302 0.911514 0.193307
v -0.002511 0.953610 0.215295
v -0.002511 1.115581 0.183077
v -0.002511 1.207331 0.045764
v -0.002511 0.875827 0.183077
v -0.023558 0.792451 0.077665
v -0.041402 0.840141 0.148811
v -0.062449 0.816296 0.108028
v -0.053324 0.911514 0.193307
v -0.057511 0.995705 0.208931
v 0.082876 0.816296 0.093792
v -0.053324 1.079895 0.193307
v -0.041402 1.151268 0.148811
v -0.092215 1.115582 0.159041
v -0.023559 1.198958 0.082219
v -0.023558 1.207331 0.040124
v -0.092215 0.875827 0.159041
v 0.042341 0.875827 0.171059
v -0.062449 1.175113 0.107485
v -0.125049 1.115582 0.126207
v -0.108763 1.151268 0.109920
v -0.157883 1.115582 0.093373
v -0.060014 1.198958 0.061172
v -0.038966 1.207331 0.024716
v -0.108763 0.840141 0.109920
v 0.120028 1.115582 -0.118870
v -0.157883 0.875827 0.093373
v -0.106327 1.175113 0.063607
v -0.064114 0.792451 0.077665
v -0.110428 0.816296 0.079557
v -0.147654 0.840141 0.042559
v -0.169901 1.115582 0.048521
v -0.181919 0.875827 0.003668
v -0.125049 0.875827 0.126207
v -0.147654 1.151268 0.042559
v -0.081062 1.198958 0.024716
v -0.122388 1.175113 0.003669
v -0.083623 0.792451 0.040667
v -0.120849 0.816296 0.003669
v -0.047363 1.115582 -0.163722
v -0.174248 0.972360 0.132350
v -0.044606 1.207331 0.003669
v -0.200797 1.009754 0.082988
v -0.081062 1.198958 -0.017379
v -0.106327 1.175113 -0.056270
v -0.083623 0.792451 -0.017379
v -0.147654 0.840141 -0.035222
v -0.110428 0.816296 -0.056270
v -0.192149 0.911514 -0.047145
v -0.188445 1.023210 0.110831
v -0.185785 0.953609 -0.102145
v -0.038966 1.207331 -0.017379
v -0.157883 0.875827 -0.086036
v -0.083623 0.792451 -0.066150
v -0.108763 0.840141 -0.102583
v -0.081958 0.816296 -0.112464
v -0.141336 0.911514 -0.135156
v -0.172455 1.008878 0.133834
v -0.108324 0.953609 -0.179606
v -0.197005 0.964243 0.091983
v 0.162672 0.976442 -0.128624
v -0.060014 1.198958 -0.053834
v -0.023558 1.207331 -0.032787
v -0.092215 0.875827 -0.151704
v -0.204397 0.990432 0.080072
v -0.062449 1.175113 -0.100148
v -0.023558 1.198958 -0.074882
v -0.041402 0.840141 -0.141474
v -0.053324 0.911514 -0.185970
v -0.057511 0.995705 -0.201594
v -0.053324 1.079895 -0.185970
v -0.041402 1.151268 -0.141474
v -0.043067 0.792451 -0.093874
v 0.120027 0.875827 -0.118870
v 0.197065 0.996203 -0.074185
v 0.192757 1.013762 -0.081594
v 0.190343 1.019917 -0.085856
v 0.194939 1.037799 0.056575
v -0.114358 1.175113 -0.026301
v -0.084388 1.175113 -0.078209
v -0.177044 1.015612 0.127390
v -0.147055 0.953609 -0.140875
v 0.169075 1.023220 -0.120255
v -0.196896 1.018173 0.091144
v 0.164325 0.996204 -0.130954
v 0.113534 0.816296 0.041613
v -0.055418 0.953610 0.201119
v -0.055418 1.037800 0.201119
v 0.050396 0.953609 0.201119
v 0.164880 1.115581 -0.041184
v -0.169901 0.875827 0.048521
v -0.199961 0.953609 -0.049238
v -0.200420 0.971798 0.085234
v -0.171015 0.990319 0.138855
v 0.164880 0.875827 -0.041184
v -0.177551 0.965963 0.127176
v 0.050396 0.953610 -0.193782
v -0.188605 0.958809 0.110920
v -0.055418 0.953609 -0.193782
v -0.042234 0.816296 -0.117674
v -0.032480 1.175113 -0.108178
v -0.047363 0.875827 -0.163722
v -0.125049 0.875827 -0.118870
v -0.096193 0.816296 -0.084367
v -0.169901 0.875827 -0.041184
v -0.115638 0.816296 -0.026301
v -0.115638 0.816296 0.041613
v -0.114358 1.175113 0.033638
v -0.086439 0.816296 0.093793
v -0.084388 1.175113 0.085546
v -0.032480 1.175113 0.115515
v -0.047363 0.875827 0.171059
v -0.047363 1.115582 0.171059
v -0.032480 0.816296 0.113238
v 0.042341 1.115582 0.171059
v 0.027458 0.816296 0.113238
v 0.027458 1.175113 0.115515
v 0.050396 1.037800 0.201119
v 0.120027 1.115582 0.126207
v 0.079367 1.175113 0.085546
v 0.109336 1.175113 0.033638
v 0.164880 1.115581 0.048521
v 0.109336 1.175113 -0.026301
v 0.113534 0.816296 -0.026301
v 0.094088 0.816296 -0.084367
v 0.079367 1.175113 -0.078209
v 0.038671 0.816296 -0.117674
v 0.027458 1.175113 -0.108178
v 0.042341 0.875827 -0.163722
v 0.042341 1.115582 -0.163722
vn 0.8990 0.3600 0.2493
vn 0.3624 0.8851 0.2918
vn -0.3936 0.8944 0.2124
vn -0.9305 0.3620 0.0565
vn -0.9180 -0.3867 -0.0879
vn -0.3831 -0.9124 -0.1445
vn 0.3762 -0.9240 -0.0689
vn 0.9148 -0.3912 0.1007
vn 0.8063 0.2613 0.5307
vn 0.2646 0.7757 0.5730
vn -0.4386 0.8516 0.2870
vn -0.8939 0.4130 -0.1746
vn -0.8101 -0.2659 -0.5226
vn -0.2654 -0.7766 -0.5714
vn 0.4399 -0.8501 -0.2896
vn 0.8924 -0.4147 0.1777
vn 0.5958 0.0128 0.8030
vn 0.0503 0.5261 0.8489
vn -0.5361 0.7410 0.4043
vn -0.8066 0.5141 -0.2918
vn -0.5867 -0.0029 -0.8098
vn -0.0359 -0.5098 -0.8596
vn 0.5399 -0.7366 -0.4073
vn 0.8056 -0.5152 0.2926
vn 0.3503 -0.2479 0.9032
vn -0.1754 0.2949 0.9393
vn -0.6075 0.6707 0.4255
vn -0.6765 0.6504 -0.3454
vn -0.3413 0.2565 -0.9043
vn 0.1863 -0.2842 -0.9405
vn 0.6091 -0.6691 -0.4257
vn 0.6759 -0.6510 0.3455
vn 0.1210 -0.4493 0.8851
vn -0.3512 0.1463 0.9248
vn -0.6228 0.6605 0.4193
vn -0.5237 0.7837 -0.3339
vn -0.1175 0.4520 -0.8843
vn 0.3558 -0.1427 -0.9236
vn 0.6225 -0.6608 -0.4194
vn 0.5221 -0.7849 0.3335
vn -0.0957 -0.5905 0.8013
vn -0.4802 0.0654 0.8747
vn -0.5856 0.6871 0.4301
vn -0.3447 0.9003 -0.2659
vn 0.0961 0.5908 -0.8011
vn 0.4822 -0.0644 -0.8737
vn 0.5842 -0.6878 -0.4308
vn 0.3417 -0.9018 0.2645
vn -0.3120 -0.6729 0.6707
vn -0.5759 0.0312 0.8169
vn -0.5014 0.7213 0.4779
vn -0.1326 0.9813 -0.1394
vn 0.3118 0.6729 -0.6708
vn 0.5769 -0.0310 -0.8162
vn 0.4996 -0.7217 -0.4791
vn 0.1296 -0.9820 0.1373
vn -0.5233 -0.6840 0.5083
vn -0.6435 0.0296 0.7649
vn -0.3821 0.7294 0.5674
vn 0.1013 0.9941 0.0399
vn 0.5243 0.6838 -0.5074
vn 0.6440 -0.0297 -0.7644
vn 0.3811 -0.7292 -0.5683
vn -0.1019 -0.9940 -0.0404
vn -0.7049 -0.6200 0.3444
vn -0.6843 0.0457 0.7278
vn -0.2564 0.6861 0.6808
vn 0.3181 0.9180 0.2369
vn 0.7067 0.6190 -0.3427
vn 0.6845 -0.0459 -0.7276
vn 0.2566 -0.6862 -0.6807
vn -0.3164 -0.9190 -0.2353
vn -0.8346 -0.5083 0.2123
vn -0.7035 0.0639 0.7078
vn -0.1552 0.5983 0.7861
vn 0.4802 0.7781 0.4049
vn 0.8358 0.5069 -0.2110
vn 0.7036 -0.0640 -0.7077
vn 0.1557 -0.5989 -0.7856
vn -0.4786 -0.7801 -0.4031
vn -0.9133 -0.3883 0.1230
vn -0.7104 0.0755 0.6997
vn -0.0883 0.4944 0.8647
vn 0.5826 0.6217 0.5236
vn 0.9137 0.3874 -0.1224
vn 0.7104 -0.0755 -0.6997
vn 0.0886 -0.4949 -0.8644
vn -0.5818 -0.6232 -0.5226
vn -0.9566 -0.2834 0.0685
vn -0.7122 0.0798 0.6974
vn -0.0491 0.3956 0.9171
vn 0.6413 0.4789 0.5995
vn 0.9567 0.2828 -0.0682
vn 0.7122 -0.0798 -0.6974
vn 0.0493 -0.3963 -0.9168
vn -0.6408 -0.4803 -0.5989
vn -0.9775 -0.2076 0.0374
vn -0.7187 0.1020 0.6878
vn -0.0382 0.3514 0.9354
vn 0.6643 0.3946 0.6349
vn 0.9776 0.2071 -0.0372
vn 0.7187 -0.1019 -0.6879
vn 0.0383 -0.3517 -0.9353
vn -0.6641 -0.3955 -0.6345
vn -0.9882 -0.1522 0.0166
vn -0.7251 0.1349 0.6753
vn -0.0369 0.3431 0.9386
vn 0.6727 0.3502 0.6518
vn 0.9882 0.1521 -0.0165
vn 0.7251 -0.1350 -0.6753
vn 0.0369 -0.3431 -0.9386
vn -0.6727 -0.3502 -0.6518
vn -0.9947 -0.1030 -0.0012
vn -0.7282 0.1590 0.6667
vn -0.0349 0.3280 0.9441
vn 0.6787 0.3046 0.6682
vn 0.9947 0.1029 0.0012
vn 0.7282 -0.1591 -0.6667
vn 0.0349 -0.3279 -0.9441
vn -0.6787 -0.3046 -0.6682
vn -0.9982 -0.0578 -0.0165
vn -0.7296 0.1778 0.6604
vn -0.0334 0.3093 0.9504
vn 0.6822 0.2595 0.6836
vn 0.9982 0.0578 0.0165
vn 0.7296 -0.1778 -0.6603
vn 0.0334 -0.3093 -0.9504
vn -0.6822 -0.2595 -0.6836
vn -0.9994 -0.0157 -0.0297
vn -0.7300 0.1931 0.6556
vn -0.0328 0.2888 0.9568
vn 0.6835 0.2153 0.6975
vn 0.9994 0.0157 0.0297
vn 0.7300 -0.1931 -0.6556
vn 0.0328 -0.2888 -0.9568
vn -0.6835 -0.2153 -0.6975
vn -0.9989 0.0236 -0.0411
vn -0.7298 0.2058 0.6519
vn -0.0331 0.2675 0.9630
vn 0.6829 0.1724 0.7099
vn 0.9989 -0.0236 0.0411
vn 0.7298 -0.2058 -0.6519
vn 0.0331 -0.2675 -0.9630
vn -0.6829 -0.1724 -0.7099
vn -0.9969 0.0605 -0.0508
vn -0.7292 0.2167 0.6491
vn -0.0342 0.2460 0.9687
vn 0.6807 0.1311 0.7208
vn 0.9969 -0.0605 0.0508
vn 0.7292 -0.2167 -0.6491
vn 0.0342 -0.2460 -0.9687
vn -0.6807 -0.1311 -0.7208
vn -0.9937 0.0951 -0.0591
vn -0.7283 0.2262 0.6468
vn -0.0362 0.2247 0.9738
vn 0.6770 0.0916 0.7302
vn 0.9937 -0.0951 0.0591
vn 0.7283 -0.2262 -0.6468
vn 0.0362 -0.2247 -0.9738
vn -0.6770 -0.0916 -0.7302
vn -0.9896 0.1276 -0.0660
vn -0.7273 0.2344 0.6450
vn -0.0388 0.2039 0.9782
vn 0.6723 0.0540 0.7383
vn 0.9896 -0.1276 0.0660
vn 0.7273 -0.2344 -0.6450
vn 0.0388 -0.2039 -0.9782
vn -0.6723 -0.0540 -0.7383
vn -0.9848 0.1580 -0.0718
vn -0.7261 0.2418 0.6436
vn -0.0420 0.1839 0.9821
vn 0.6667 0.0182 0.7451
vn 0.9848 -0.1580 0.0718
vn 0.7261 -0.2418 -0.6436
vn 0.0420 -0.1839 -0.9821
vn -0.6667 -0.0182 -0.7451
vn -0.9794 0.1866 -0.0766
vn -0.7249 0.2483 0.6425
vn -0.0456 0.1646 0.9853
vn 0.6603 -0.0156 0.7508
vn 0.9794 -0.1866 0.0766
vn 0.7249 -0.2483 -0.6425
vn 0.0456 -0.1646 -0.9853
vn -0.6603 0.0156 -0.7508
vn -0.9737 0.2133 -0.0805
vn -0.7235 0.2542 0.6418
vn -0.0495 0.1462 0.9880
vn 0.6534 -0.0474 0.7556
vn 0.9737 -0.2133 0.0805
vn 0.7235 -0.2542 -0.6418
vn 0.0495 -0.1461 -0.9880
vn -0.6534 0.0475 -0.7556
vn -0.9701 0.2285 -0.0820
vn -0.7300 0.2263 0.6449
vn -0.0623 0.0915 0.9939
vn 0.6417 -0.0969 0.7608
vn 0.9701 -0.2285 0.0820
vn 0.7300 -0.2263 -0.6449
vn 0.0623 -0.0916 -0.9938
vn -0.6418 0.0967 -0.7608
vn -0.9693 0.2317 -0.0821
vn -0.7370 0.1974 0.6465
vn -0.0730 0.0475 0.9962
vn 0.6337 -0.1302 0.7625
vn 0.9693 -0.2317 0.0821
vn 0.7370 -0.1975 -0.6464
vn 0.0730 -0.0476 -0.9962
vn -0.6338 0.1301 -0.7625
vn -0.9687 0.2342 -0.0821
vn -0.7405 0.1830 0.6467
vn -0.0785 0.0246 0.9966
vn 0.6294 -0.1482 0.7628
vn 0.9687 -0.2342 0.0821
vn 0.7405 -0.1830 -0.6467
vn 0.0785 -0.0247 -0.9966
vn -0.6294 0.1482 -0.7628
vn -0.9681 0.2368 -0.0821
vn -0.7428 0.1736 0.6466
vn -0.0824 0.0088 0.9966
vn 0.6263 -0.1612 0.7627
vn 0.9681 -0.2368 0.0821
vn 0.7428 -0.1736 -0.6466
vn 0.0824 -0.0088 -0.9966
vn -0.6263 0.1612 -0.7627
vn -0.9674 0.2398 -0.0821
vn -0.7446 0.1663 0.6465
vn -0.0856 -0.0046 0.9963
vn 0.6234 -0.1728 0.7625
vn 0.9674 -0.2398 0.0821
vn 0.7446 -0.1663 -0.6465
vn 0.0856 0.0046 -0.9963
vn -0.6234 0.1728 -0.7625
vn -0.9664 0.2435 -0.0819
vn -0.7462 0.1596 0.6463
vn -0.0889 -0.0177 0.9959
vn 0.6205 -0.1847 0.7621
vn 0.9664 -0.2435 0.0820
vn 0.7462 -0.1596 -0.6463
vn 0.0889 0.0177 -0.9959
vn -0.6205 0.1847 -0.7621
vn -0.9652 0.2483 -0.0817
vn -0.7480 0.1527 0.6459
vn -0.0926 -0.0324 0.9952
vn 0.6170 -0.1985 0.7615
vn 0.9652 -0.2483 0.0817
vn 0.7480 -0.1527 -0.6459
vn 0.0926 0.0324 -0.9952
vn -0.6170 0.1985 -0.7615
vn -0.9635 0.2551 -0.0813
vn -0.7501 0.1444 0.6454
vn -0.0973 -0.0509 0.9940
vn 0.6125 -0.2163 0.7603
vn 0.9635 -0.2551 0.0813
vn 0.7501 -0.1444 -0.6454
vn 0.0973 0.0509 -0.9940
vn -0.6125 0.2163 -0.7603
vn -0.9608 0.2654 -0.0804
vn -0.7530 0.1332 0.6444
vn -0.1041 -0.0770 0.9916
vn 0.6057 -0.2421 0.7580
vn 0.9608 -0.2654 0.0804
vn 0.7530 -0.1332 -0.6444
vn 0.1041 0.0771 -0.9916
vn -0.6056 0.2422 -0.7580
vn -0.9559 0.2831 -0.0783
vn -0.7578 0.1152 0.6422
vn -0.1157 -0.1198 0.9860
vn 0.5938 -0.2846 0.7526
vn 0.9559 -0.2830 0.0783
vn 0.7578 -0.1151 -0.6422
vn 0.1158 0.1204 -0.9860
vn -0.5936 0.2852 -0.7525
vn -0.9331 0.3525 -0.0710
vn -0.7625 0.0748 0.6427
vn -0.0891 -0.2111 0.9734
vn 0.4857 -0.2904 0.8245
vn 0.9394 -0.3336 0.0789
vn 0.7632 -0.0732 -0.6420
vn 0.1374 0.2532 -0.9576
vn -0.5489 0.4271 -0.7186
vn -0.9290 0.3699 0.0110
vn -0.7500 -0.2003 0.6304
vn 0.1266 -0.2340 0.9639
vn 0.4361 -0.5169 0.7366
vn 0.8794 -0.4512 -0.1521
vn 0.7228 0.1740 -0.6688
vn 0.1872 0.6532 -0.7337
vn -0.4609 0.7454 -0.4817
vn -0.1725 -0.2762 0.9455
vn 0.1617 0.3313 -0.9296
vn -0.4812 0.5143 0.7099
vn -0.5055 0.1907 0.8415
vn 0.8721 0.4585 0.1708
vn -0.8721 -0.4585 -0.1708
vn -0.3292 -0.0632 0.9421
vn 0.8563 0.4305 0.2855
vn -0.5681 -0.5494 0.6127
vn 0.0185 0.2540 -0.9670
vn -0.6185 -0.2293 0.7516
vn 0.1518 0.0057 -0.9884
vn 0.0861 -0.7201 0.6885
vn -0.0828 -0.9932 -0.0813
vn 0.5838 0.1448 -0.7989
vn -0.2402 0.1239 0.9628
vn 0.1933 -0.6173 -0.7626
vn -0.2641 -0.2321 0.9362
vn 0.2802 -0.3835 -0.8800
vn -0.2743 -0.6622 0.6973
vn 0.3059 -0.2948 -0.9053
vn 0.1099 -0.9784 -0.1749
vn 0.2034 0.9391 -0.2769
vn 0.1501 -0.9625 0.2259
vn -0.1103 0.9578 0.2656
vn 0.0860 0.9961 -0.0203
vn -0.0156 0.4657 -0.8848
vn 0.8052 -0.4277 0.4108
vn -0.9471 -0.1214 -0.2972
vn 0.7441 0.6639 0.0738
vn -0.4909 0.2841 0.8236
vn -0.8052 0.4277 -0.4108
vn 0.6373 0.3579 -0.6825
vn -0.7425 0.4973 -0.4487
vn -0.8296 0.3773 -0.4116
vn 0.8137 -0.4029 0.4189
vn 0.7782 -0.4768 0.4087
vn 0.1787 -0.3387 -0.9237
vn 0.7731 0.6071 0.1835
vn -0.8680 -0.4702 -0.1595
vn -0.8677 -0.4658 -0.1735
vn -0.7879 0.4869 -0.3770
vn -0.8813 -0.4493 -0.1465
vn -0.7265 0.4663 -0.5046
vn -0.8854 -0.4335 -0.1677
vn -0.8780 -0.4494 -0.1646
vn -0.8739 -0.4509 -0.1815
vn -0.8743 -0.4518 -0.1772
vn -0.8896 -0.4207 -0.1776
vn -0.8698 -0.4620 -0.1731
vn -0.8711 -0.4575 -0.1786
vn 0.8353 -0.3867 0.3909
vn -0.8643 -0.4736 -0.1692
vn -0.7368 0.6080 -0.2957
vn -0.8796 -0.4579 -0.1294
vn -0.8395 0.4245 -0.3392
vn 0.7985 -0.4320 0.4193
vn -0.8551 0.3774 -0.3555
vn -0.8261 0.4071 -0.3896
vn -0.8634 0.2843 -0.4168
vn -0.8253 0.3746 -0.4226
vn -0.8039 0.4077 -0.4330
vn 0.0199 0.9937 -0.1101
vn 0.8471 -0.3285 0.4177
vn -0.7132 0.4997 -0.4917
vn 0.8422 -0.3916 0.3705
vn 0.8314 -0.4119 0.3731
vn 0.8099 -0.4262 0.4031
vn 0.7998 -0.4556 0.3909
vn 0.8126 -0.4104 0.4139
vn 0.8128 -0.4144 0.4095
vn 0.8138 -0.3825 0.4375
vn 0.7939 -0.4296 0.4303
vn 0.4211 0.0229 0.9067
vn -0.2704 0.1322 0.9536
vn 0.0217 -0.0346 -0.9992
vn 0.2410 0.8378 0.4900
vn 0.4390 0.0401 0.8976
vn 0.5841 0.0886 -0.8068
vn 0.1545 0.0643 -0.9859
vn 0.4196 0.0825 0.9040
vn 0.1567 -0.0008 0.9876
vn 0.1247 -0.0560 0.9906
vn 0.6890 -0.1161 0.7154
vn 0.4225 -0.1073 -0.9000
vn -0.3906 -0.4612 0.7967
vn 0.9838 0.1790 -0.0000
vn -0.0388 -0.0272 0.9989
vn 0.1598 0.0139 0.9870
vn 0.1891 0.0045 0.9819
vn 0.0816 -0.0329 0.9961
vn -0.0000 0.0322 0.9995
vn -0.0000 0.0673 -0.9977
vn 0.3761 -0.0186 0.9264
vn -0.3246 -0.0699 -0.9433
vn 0.3915 0.0259 0.9198
vn -0.0126 -0.0144 0.9998
vn -0.0433 0.0429 0.9981
vn -0.2865 -0.0525 -0.9566
vn -0.0000 -0.0392 0.9992
vn -0.0000 -0.0394 -0.9992
vn 0.0333 0.0352 -0.9988
vn 0.5806 -0.0084 0.8142
vn -0.5750 0.0015 -0.8182
vn -0.9620 -0.0020 0.2731
vn 0.9824 -0.0376 -0.1832
vn -0.9642 -0.0682 0.2562
vn 0.9897 0.0438 -0.1366
vn -0.9789 -0.1264 0.1604
vn 0.9911 0.0024 -0.1334
vn -0.4234 -0.9049 -0.0423
vn 0.9814 -0.0365 -0.1885
vn 0.9915 0.0554 -0.1178
vn 0.9810 0.0245 -0.1922
vn 0.2883 0.9548 -0.0728
vn -0.8280 -0.1269 0.5461
vn -0.8227 -0.0705 0.5641
vn -0.8185 0.0035 0.5745
vn 0.9956 -0.0333 0.0872
vn 0.9897 0.0438 0.1366
vn 0.9911 0.0025 0.1333
vn -0.4240 -0.9043 0.0503
vn 0.9830 -0.0359 0.1798
vn 0.9915 0.0554 0.1178
vn 0.9810 0.0245 0.1922
vn 0.3041 0.9507 0.0614
vn 0.3980 0.8976 -0.1897
vn 0.4880 0.0961 -0.8676
vn 0.7664 0.0995 -0.6347
vn 0.8155 -0.0800 -0.5732
vn -0.4201 -0.9075 -0.0003
vn 0.7806 0.0037 -0.6250
vn 0.8188 0.0144 -0.5739
vn 0.7898 -0.0347 -0.6124
vn -0.9843 -0.0084 -0.1765
vn -0.9642 -0.0683 -0.2562
vn -0.9790 -0.1266 -0.1597
vn 0.4444 -0.0009 -0.8958
vn 0.3395 -0.0157 -0.9405
vn 0.3537 -0.0242 -0.9350
vn -0.4450 -0.8789 -0.1717
vn 0.4904 -0.1108 -0.8644
vn 0.3668 0.1024 -0.9246
vn 0.4013 0.1441 -0.9045
vn -0.8824 -0.0015 -0.4705
vn -0.8227 -0.0706 -0.5641
vn -0.8319 -0.1312 -0.5392
vn 0.0369 0.0122 -0.9992
vn 0.0500 0.3388 0.9395
vn 0.0262 -0.0531 0.9982
vn 0.9561 0.2919 -0.0254
vn -0.1260 -0.0260 -0.9917
vn 0.0726 -0.0034 -0.9974
vn 0.0490 -0.0028 -0.9988
vn 0.0243 0.2530 -0.9672
vn 0.0936 -0.0119 -0.9955
vn 0.0008 -1.0000 -0.0000
vn -0.2380 0.0276 -0.9709
vn 0.1839 0.0329 0.9824
vn 0.0298 -0.0065 0.9995
vn 0.1760 -0.0363 -0.9837
vn 0.2838 -0.0857 0.9550
vn 0.3087 0.0594 0.9493
vn 0.0166 -0.0139 -0.9998
vn 0.4403 0.0325 -0.8972
vn -0.0117 -0.0401 -0.9991
vn -0.1247 0.0728 -0.9895
vn 0.4263 0.0369 0.9038
vn -0.4228 0.0178 0.9060
vn -0.2865 -0.0523 0.9566
vn -0.2894 -0.0472 0.9561
vn 0.8642 -0.0377 0.5018
vn 0.7694 0.0315 0.6380
vn 0.7840 0.0028 0.6208
vn -0.4436 -0.8791 0.1743
vn 0.6431 -0.0551 0.7638
vn 0.4659 0.0881 0.8805
vn 0.4390 0.0358 0.8978
vn 0.5330 0.0147 0.8460
vn -0.3731 -0.2587 0.8910
vn -0.0335 -0.0428 -0.9985
vn 0.1372 0.0023 0.9905
vn -0.8795 -0.3888 -0.2745
vn 0.3539 -0.0150 -0.9352
vn -0.9624 -0.2686 -0.0400
vn 0.8313 0.0153 -0.5556
vn 0.9989 0.0459 0.0132
vn -0.8781 -0.3572 0.3183
vn -0.9625 -0.2680 0.0412
vn 0.9989 0.0459 -0.0132
vn -0.0409 -0.0158 0.9990
vn 0.3328 0.0211 0.9428
vn -0.4636 -0.5475 -0.6967
vn 0.0730 -0.0315 -0.9968
vn -0.4211 0.0229 0.9067
vn -0.0477 0.0068 -0.9988
vn -0.6953 0.3439 0.6311
vn 0.2704 0.1322 0.9536
vn -0.0039 -0.0356 -0.9994
vn -0.2410 0.8378 0.4900
vn -0.4390 0.0401 0.8976
vn -0.1545 0.0643 -0.9859
vn -0.4195 0.0825 0.9040
vn -0.1567 -0.0008 0.9876
vn -0.1247 -0.0560 0.9906
vn -0.6484 -0.0967 0.7551
vn -0.3887 -0.1025 -0.9157
vn 0.3906 -0.4612 0.7967
vn -0.9766 0.2152 -0.0000
vn 0.0388 -0.0272 0.9989
vn -0.1598 0.0139 0.9870
vn -0.1891 0.0045 0.9819
vn -0.0816 -0.0329 0.9961
vn -0.0454 0.0067 -0.9989
vn -0.0470 -0.1094 0.9929
vn -0.2871 -0.0020 0.9579
vn 0.2932 -0.0657 -0.9538
vn -0.2639 0.0277 0.9642
vn 0.0433 0.0429 0.9981
vn 0.2865 -0.0525 -0.9566
vn -0.0046 -0.0402 0.9992
vn -0.0333 0.0352 -0.9988
vn -0.5806 -0.0084 0.8142
vn 0.5750 0.0015 -0.8182
vn 0.9620 -0.0020 0.2731
vn -0.9824 -0.0376 -0.1832
vn 0.9636 -0.0682 0.2586
vn -0.9839 0.0431 -0.1736
vn 0.9732 -0.1259 0.1924
vn -0.9913 0.0024 -0.1315
vn -0.4205 -0.8471 0.3248
vn 0.4234 -0.9050 -0.0423
vn -0.9814 -0.0365 -0.1886
vn -0.9915 0.0554 -0.1178
vn -0.9810 0.0245 -0.1922
vn -0.2883 0.9548 -0.0728
vn -0.7105 0.7022 -0.0467
vn -0.2078 -0.6633 0.7189
vn 0.8251 -0.1265 0.5507
vn 0.8224 -0.0705 0.5645
vn 0.8185 0.0035 0.5745
vn -0.9956 -0.0333 0.0872
vn -0.9839 0.0430 0.1736
vn -0.9913 0.0025 0.1315
vn 0.4240 -0.9043 0.0503
vn -0.9831 -0.0360 0.1797
vn -0.9915 0.0554 0.1178
vn -0.9810 0.0245 0.1922
vn -0.3041 0.9507 0.0614
vn -0.7379 0.6621 0.1307
vn -0.8020 0.4463 -0.3971
vn -0.3980 0.8976 -0.1897
vn -0.4880 0.0961 -0.8676
vn -0.7664 0.0995 -0.6347
vn -0.8159 -0.0801 -0.5727
vn 0.4201 -0.9075 -0.0003
vn -0.7787 0.0036 -0.6274
vn -0.8157 0.0141 -0.5783
vn -0.7898 -0.0347 -0.6124
vn 0.9843 -0.0084 -0.1765
vn 0.9636 -0.0682 -0.2586
vn 0.9732 -0.1262 -0.1923
vn -0.4700 -0.8774 -0.0967
vn -0.4444 -0.0009 -0.8958
vn -0.3359 -0.0158 -0.9418
vn -0.3545 -0.0241 -0.9347
vn 0.4450 -0.8789 -0.1717
vn -0.4689 -0.1077 -0.8767
vn -0.3668 0.1024 -0.9246
vn -0.4827 0.1013 -0.8699
vn 0.8824 -0.0015 -0.4705
vn 0.8224 -0.0706 -0.5645
vn 0.8253 -0.1304 -0.5494
vn -0.2556 -0.7790 -0.5726
vn -0.1027 0.0339 -0.9941
vn -0.0796 -0.1781 0.9808
vn -0.0500 0.3388 0.9395
vn -0.0262 -0.0531 0.9982
vn -0.0131 -0.4449 -0.8955
vn -0.7181 -0.2754 -0.6392
vn 0.1260 -0.0260 -0.9917
vn -0.1662 0.0640 -0.9840
vn -0.0490 -0.0028 -0.9988
vn -0.0243 0.2530 -0.9672
vn -0.0658 -0.0140 -0.9977
vn -0.0746 -0.0819 0.9938
vn -0.0008 -1.0000 -0.0000
vn -0.1003 0.9568 -0.2729
vn -0.1304 0.9866 0.0985
vn -0.1296 0.9879 -0.0850
vn 0.2380 0.0276 -0.9709
vn -0.0037 -0.0386 0.9992
vn -0.1839 0.0329 0.9824
vn -0.1455 -0.0580 -0.9877
vn -0.3261 -0.0810 0.9418
vn -0.3087 0.0594 0.9493
vn -0.0166 -0.0139 -0.9998
vn -0.1056 0.9580 0.2667
vn 0.0022 -0.0391 -0.9992
vn -0.0464 0.0211 0.9987
vn 0.1498 0.0782 -0.9856
vn -0.4263 0.0369 0.9038
vn 0.4228 0.0178 0.9060
vn 0.2220 -0.0382 0.9743
vn 0.1954 0.0031 0.9807
vn 0.0159 -0.7756 0.6310
vn -0.8642 -0.0377 0.5018
vn -0.8211 0.0356 0.5697
vn -0.7816 0.0027 0.6238
vn 0.4436 -0.8791 0.1743
vn -0.6346 -0.0528 0.7710
vn -0.4659 0.0881 0.8805
vn -0.4390 0.0358 0.8978
vn -0.5330 0.0147 0.8460
vn 0.3731 -0.2587 0.8910
vn 0.0335 -0.0428 -0.9985
vn -0.1372 0.0023 0.9905
vn 0.8795 -0.3888 -0.2745
vn -0.3539 -0.0150 -0.9352
vn 0.9624 -0.2686 -0.0400
vn -0.8313 0.0153 -0.5556
vn -0.9989 0.0459 0.0132
vn 0.8781 -0.3572 0.3183
vn 0.9625 -0.2680 0.0412
vn -0.9989 0.0459 -0.0132
vn 0.0409 -0.0158 0.9990
vn -0.3328 0.0211 0.9428
vn 0.4636 -0.5475 -0.6967
vn -0.0730 -0.0315 -0.9968
vn -0.2341 -0.7266 0.6460
vn 0.2175 0.5423 -0.8116
vn 0.0522 0.9794 -0.1948
vn 0.2175 -0.5423 -0.8116
vn 0.2542 0.1887 -0.9486
vn 0.1472 0.8224 -0.5495
vn 0.1464 -0.6453 -0.7498
vn 0.2542 -0.1887 -0.9486
vn 0.5941 -0.5423 -0.5941
vn 0.8506 -0.1980 -0.4871
vn 0.4023 0.8224 -0.4023
vn 0.5596 -0.7130 -0.4225
vn -0.1802 -0.9241 -0.3371
vn 0.5941 0.5423 -0.5941
vn 0.1426 0.9794 -0.1426
vn 0.5838 -0.8010 -0.1325
vn 0.9389 -0.2018 -0.2790
vn 0.8116 0.5423 -0.2175
vn 0.1948 0.9794 -0.0522
vn 0.8116 -0.5423 -0.2175
vn 0.5495 0.8224 -0.1472
vn 0.7740 -0.4797 0.4133
vn 0.8116 0.5423 0.2175
vn 0.1948 0.9794 0.0522
vn -0.4960 -0.8543 0.1555
vn 0.9486 0.1887 0.2542
vn 0.5495 0.8224 0.1472
vn 0.6002 -0.7988 0.0417
vn 0.8181 -0.3824 0.4295
vn 0.6944 0.1887 0.6944
vn 0.4023 0.8224 0.4023
vn 0.2412 -0.5328 0.8111
vn 0.7762 -0.3798 0.5033
vn 0.5941 0.5423 0.5941
vn 0.1426 0.9794 0.1426
vn 0.2542 0.1887 0.9486
vn 0.1472 0.8224 0.5495
vn 0.1172 -0.8484 0.5162
vn 0.2542 -0.1887 0.9486
vn 0.2175 0.5423 0.8116
vn 0.0522 0.9794 0.1948
vn 0.2175 -0.5423 0.8116
vn -0.1244 -0.8273 0.5479
vn -0.2542 -0.1887 0.9486
vn -0.2175 0.5423 0.8116
vn -0.0522 0.9794 0.1948
vn -0.2175 -0.5423 0.8116
vn -0.2542 0.1887 0.9486
vn -0.1472 0.8224 0.5495
vn -0.5941 0.5423 0.5941
vn -0.1426 0.9794 0.1426
vn -0.5941 -0.5423 0.5941
vn -0.8582 -0.3232 0.3988
vn -0.4023 0.8224 0.4023
vn -0.4592 -0.6862 0.5641
vn -0.1964 0.9239 -0.3285
vn -0.8116 -0.5423 0.2175
vn -0.4771 0.3826 -0.7912
vn -0.5495 0.8224 0.1472
vn -0.5624 -0.8189 0.1144
vn -0.7406 0.0534 0.6698
vn -0.8116 0.5423 0.2175
vn -0.1948 0.9794 0.0522
vn -0.5495 0.8224 -0.1472
vn -0.5869 -0.7986 -0.1332
vn -0.9486 -0.1887 -0.2542
vn -0.8602 0.1738 -0.4794
vn -0.1948 0.9794 -0.0522
vn -0.8116 -0.5423 -0.2175
vn 0.3301 -0.3512 -0.8762
vn -0.6699 -0.5435 -0.5058
vn -0.6944 -0.1887 -0.6944
vn -0.8385 0.1976 -0.5079
vn -0.1426 0.9794 -0.1426
vn -0.5941 -0.5423 -0.5941
vn -0.8526 0.2941 -0.4320
vn -0.4023 0.8224 -0.4023
vn -0.0522 0.9794 -0.1948
vn -0.2175 -0.5423 -0.8116
vn -0.2542 0.1887 -0.9486
vn -0.1472 0.8224 -0.5495
vn -0.1323 -0.7346 -0.6655
vn -0.2542 -0.1887 -0.9486
vn -0.2175 0.5423 -0.8116
vn -0.9999 -0.0121 -0.0000
vn -0.0000 0.0312 0.9995
vn 0.9966 0.0828 -0.0000
vn -0.0000 0.0716 -0.9974
vn -0.4530 0.1322 0.8816
vn 0.0535 -0.0215 -0.9983
vn -0.1792 0.0534 0.9824
vn 0.0281 -0.0519 -0.9983
vn -0.3878 0.0757 -0.9186
vn -0.7831 0.1592 -0.6012
vn -0.9949 0.0951 0.0330
vn -0.9949 0.0951 -0.0330
vn -0.1020 -0.0535 0.9933
vn 0.0125 0.0106 0.9999
vn -0.3293 0.0907 0.9399
vn -0.0530 -0.0176 -0.9984
vn 0.4530 0.1322 0.8816
vn -0.0535 -0.0215 -0.9983
vn 0.1792 0.0534 0.9824
vn -0.0281 -0.0519 -0.9983
vn 0.3878 0.0757 -0.9186
vn 0.7831 0.1592 -0.6012
vn 0.9949 0.0951 0.0330
vn 0.9949 0.0951 -0.0330
vn 0.1020 -0.0535 0.9933
vn -0.0125 0.0106 0.9999
vn 0.3293 0.0907 0.9399
vn 0.0530 -0.0176 -0.9984
vn -0.5137 -0.0513 0.8565
vn -0.3044 -0.0512 0.9512
vn -0.1203 -0.0023 -0.9927
vn -0.4360 -0.1251 -0.8912
vn -0.6554 -0.0760 -0.7515
vn -0.9827 -0.0498 0.1784
vn -0.9806 -0.0482 -0.1901
vn -0.1721 -0.0277 0.9847
vn -0.4966 -0.0708 0.8651
vn -0.2032 -0.0181 0.9790
vn 0.5137 -0.0513 0.8565
vn 0.3044 -0.0512 0.9512
vn 0.3026 -0.0375 -0.9524
vn 0.0603 -0.0009 -0.9982
vn 0.4280 -0.0993 -0.8983
vn 0.6554 -0.0760 -0.7515
vn 0.9827 -0.0498 0.1784
vn 0.9806 -0.0482 -0.1900
vn 0.1721 -0.0277 0.9847
vn 0.4789 -0.0960 -0.8726
vn 0.4966 -0.0708 0.8651
vn 0.2032 -0.0181 0.9790
vn -0.8035 0.5495 0.2291
vn -0.8424 -0.0724 -0.5340
vn -0.4069 0.7679 -0.4948
vn -0.0329 -0.4606 -0.8870
vn 0.2163 -0.5096 0.8328
vn -0.8112 -0.2552 0.5262
vn -0.3557 0.9345 -0.0102
vn -0.4855 0.4597 -0.7436
vn -0.2777 -0.3203 0.9057
vn -0.8638 -0.4972 0.0811
vn -0.2040 -0.9249 0.3209
vn -0.1476 0.6825 -0.7158
vn 0.9492 0.0422 -0.3118
vn -0.6557 -0.6422 0.3970
vn -0.6714 -0.7298 0.1288
vn 0.9692 -0.0500 0.2412
vn -0.6190 -0.7823 -0.0697
vn -0.6899 -0.7237 -0.0153
vn -0.7774 -0.5223 0.3506
vn -0.8630 -0.4735 0.1762
vn -0.9142 -0.4006 0.0609
vn -0.8184 -0.5658 0.1003
vn -0.8849 -0.4647 0.0320
vn 0.4331 0.0063 -0.9013
vn -0.7071 -0.6896 0.1564
vn -0.5931 -0.7745 0.2198
vn -0.9706 -0.0316 -0.2387
vn -0.7635 -0.6458 0.0013
vn -0.7812 -0.6109 -0.1287
vn -0.8503 -0.4115 0.3281
vn -0.8285 -0.5397 0.1491
vn -0.8425 -0.5365 0.0491
vn -0.8392 -0.5438 0.0053
vn -0.9006 -0.4308 0.0585
vn -0.7920 -0.5898 -0.1579
vn 0.0937 -0.2902 0.9524
vn -0.6033 0.2767 0.7480
vn -0.3034 0.0075 0.9528
vn -0.3992 0.4817 -0.7801
vn 0.5334 -0.5496 0.6429
vn 0.4982 -0.1638 -0.8515
vn 0.7957 -0.6043 0.0404
vn -0.7242 0.6140 -0.3138
vn 0.0709 0.1828 -0.9806
vn 0.7568 -0.4483 -0.4757
vn -0.8186 -0.4105 -0.4017
vn -0.3878 -0.0003 -0.9217
vn -0.2725 -0.3988 0.8756
vn 0.5018 -0.2323 0.8332
vn -0.9492 -0.0883 0.3020
vn -0.5821 -0.0216 -0.8128
vn -0.4980 -0.2125 0.8407
vn -0.3388 0.5111 0.7899
vn 0.7830 -0.5694 -0.2504
vn 0.8139 -0.3535 0.4611
vn -0.7642 0.5908 0.2586
vn 0.3904 0.0058 0.9206
vn -0.7550 -0.5679 0.3279
vn 0.8266 0.3905 0.4053
vn 0.7736 0.5376 -0.3354
vn -0.5690 -0.7910 0.2249
vn -0.5843 -0.6167 0.5275
vn -0.3646 -0.8498 0.3807
vn -0.3670 -0.7794 0.5077
vn -0.3553 -0.1563 -0.9216
vn -0.8383 0.3273 -0.4361
vn 0.3394 -0.5006 -0.7964
vn 0.3200 0.1221 0.9395
vn 0.0576 -0.8600 -0.5071
vn -0.6232 -0.2168 -0.7514
vn -0.9965 0.0770 -0.0329
vn 0.1251 -0.9921 -0.0125
vn -0.2399 -0.5536 -0.7975
vn -0.0746 -0.8343 0.5462
vn -0.9008 0.0099 -0.4341
vn -0.1179 -0.4427 0.8889
vn -0.7755 -0.1664 0.6090
vn -0.3862 -0.2088 0.8985
vn -0.9462 0.0127 0.3235
vn -0.7726 -0.5670 0.2857
vn 0.2820 0.3881 -0.8774
vn -0.8240 -0.4197 -0.3807
vn -0.3541 -0.4352 0.8278
vn 0.3602 0.4224 -0.8317
vn -0.3613 0.0185 -0.9323
vn 0.8316 0.3978 0.3875
vn 0.3657 -0.0113 0.9307
vn 0.7894 0.5372 -0.2969
vn -0.7946 0.2908 -0.5329
vn 0.2724 0.1913 0.9430
vn 0.8031 -0.2891 0.5210
vn -0.8016 0.5732 0.1702
vn -0.3838 0.5352 0.7525
vn 0.3942 -0.5163 -0.7603
vn 0.6618 -0.6039 -0.4442
vn -0.2767 -0.1842 -0.9431
vn 0.2129 -0.3930 -0.8946
vn -0.2314 0.1464 0.9618
vn 0.3533 -0.6120 0.7075
vn -0.1596 0.3089 0.9376
vn 0.0139 -0.1786 0.9838
vn 0.5156 -0.2387 -0.8229
vn -0.0204 0.4620 -0.8866
vn 0.5741 -0.7453 0.3392
vn 0.7380 -0.6747 -0.0145
vn 0.4898 -0.2266 0.8419
vn 0.2664 0.0506 0.9625
vn 0.8031 -0.5771 0.1480
vn 0.4337 -0.2062 -0.8772
vn 0.4935 0.4332 -0.7542
vn 0.4203 0.3518 -0.8364
vn 0.1079 0.3204 -0.9411
vn 0.6339 0.7292 0.2577
vn 0.4707 0.6730 0.5706
vn 0.7326 0.6805 -0.0151
vn 0.3052 -0.2944 -0.9056
vn 0.2391 -0.3617 -0.9011
vn 0.0390 -0.5369 -0.8428
vn -0.4860 -0.3005 0.8207
vn -0.6106 -0.5270 0.5911
vn -0.0202 0.2738 0.9616
vn 0.1274 0.2683 -0.9549
vn 0.1971 0.2577 -0.9459
vn 0.1495 0.2339 -0.9607
vn 0.1016 0.2094 -0.9725
vn 0.2048 0.2356 -0.9500
vn 0.2505 0.2580 -0.9331
vn 0.2953 0.2797 -0.9136
vn -0.2552 0.0927 0.9624
vn -0.2419 0.0995 0.9652
vn -0.2234 0.1090 0.9686
vn -0.1938 0.1237 0.9732
vn -0.3706 -0.0225 0.9285
vn -0.6664 -0.1167 0.7364
vn -0.4553 0.0124 0.8903
vn -0.5979 0.0815 0.7974
vn -0.5905 0.0771 0.8033
vn -0.5839 0.0731 0.8085
vn -0.5778 0.0694 0.8132
vn -0.3449 -0.0556 0.9370
vn -0.3401 -0.0579 0.9386
vn -0.3349 -0.0604 0.9403
vn 0.4393 0.2209 -0.8707
vn 0.4349 0.2231 -0.8724
vn 0.4300 0.2255 -0.8742
vn 0.4244 0.2281 -0.8763
vn 0.5923 0.1400 -0.7935
vn 0.5892 0.1417 -0.7955
vn 0.5864 0.1434 -0.7972
vn -0.0376 -0.0036 0.9993
vn -0.0728 0.0503 0.9961
vn -0.4613 -0.4759 0.7488
vn -0.1868 -0.1809 0.9656
vn -0.0984 -0.0892 0.9911
vn -0.0875 -0.1206 0.9888
vn 0.1696 -0.0199 0.9853
vn -0.1097 -0.1400 0.9841
vn -0.6594 -0.6969 0.2820
vn -0.4485 -0.8536 0.2651
vn -0.4582 -0.6818 0.5702
vn -0.6673 -0.6241 0.4065
vn 0.8212 0.5142 0.2476
vn 0.2171 0.9607 0.1730
vn -0.5297 0.8482 0.0029
vn -0.9641 0.2202 -0.1485
vn -0.8298 -0.5217 -0.1981
vn -0.2262 -0.9643 -0.1379
vn 0.5239 -0.8516 0.0153
vn 0.9567 -0.2280 0.1809
vn 0.6880 0.2572 0.6786
vn 0.1773 0.7981 0.5758
vn -0.4462 0.8844 0.1365
vn -0.8059 0.4410 -0.3950
vn -0.6806 -0.2521 -0.6880
vn -0.1714 -0.7938 -0.5835
vn 0.4468 -0.8841 -0.1372
vn 0.8078 -0.4397 0.3925
vn 0.4693 0.0904 0.8784
vn -0.0344 0.6448 0.7636
vn -0.5229 0.8280 0.2025
vn -0.7019 0.5221 -0.4845
vn -0.4641 -0.0864 -0.8816
vn 0.0386 -0.6413 -0.7663
vn 0.5233 -0.8277 -0.2028
vn 0.7031 -0.5212 0.4837
vn 0.2989 -0.0501 0.9530
vn -0.2027 0.5106 0.8355
vn -0.5882 0.7754 0.2295
vn -0.6274 0.5844 -0.5146
vn -0.2970 0.0516 -0.9535
vn 0.2043 -0.5093 -0.8360
vn 0.5884 -0.7753 -0.2296
vn 0.6278 -0.5841 0.5145
vn 0.1700 -0.1628 0.9719
vn -0.3343 0.3975 0.8545
vn -0.6444 0.7269 0.2374
vn -0.5760 0.6297 -0.5212
vn -0.1694 0.1633 -0.9719
vn 0.3347 -0.3971 -0.8546
vn 0.6445 -0.7268 -0.2374
vn 0.5762 -0.6296 0.5212
vn 0.0635 -0.2620 0.9630
vn -0.4475 0.2926 0.8451
vn -0.6979 0.6772 0.2331
vn -0.5386 0.6648 -0.5176
vn -0.0634 0.2620 -0.9630
vn 0.4474 -0.2927 -0.8451
vn 0.6978 -0.6773 -0.2331
vn 0.5387 -0.6648 0.5176
vn -0.0339 -0.3600 0.9323
vn -0.5553 0.1837 0.8111
vn -0.7534 0.6211 0.2160
vn -0.5091 0.6947 -0.5081
vn 0.0336 0.3598 -0.9324
vn 0.5550 -0.1841 -0.8113
vn 0.7532 -0.6213 -0.2161
vn 0.5091 -0.6947 0.5081
vn -0.1291 -0.4668 0.8749
vn -0.6646 0.0599 0.7448
vn -0.8134 0.5530 0.1804
vn -0.4844 0.7227 -0.4930
vn 0.1287 0.4663 -0.8752
vn 0.6638 -0.0609 -0.7454
vn 0.8131 -0.5533 -0.1806
vn 0.4844 -0.7227 0.4930
vn -0.2214 -0.5892 0.7771
vn -0.7727 -0.0861 0.6289
vn -0.8760 0.4685 0.1147
vn -0.4636 0.7505 -0.4709
vn 0.2208 0.5883 -0.7779
vn 0.7718 0.0847 -0.6302
vn 0.8756 -0.4690 -0.1153
vn 0.4636 -0.7506 0.4709
vn -0.2959 -0.7244 0.6227
vn -0.8612 -0.2508 0.4421
vn -0.9290 0.3699 0.0050
vn -0.4486 0.7780 -0.4398
vn 0.2956 0.7236 -0.6237
vn 0.8607 0.2496 -0.4438
vn 0.9288 -0.3704 -0.0056
vn 0.4487 -0.7780 0.4398
vn -0.3238 -0.8515 0.4125
vn -0.8946 -0.4071 0.1844
vn -0.9497 0.2744 -0.1511
vn -0.4436 0.8015 -0.4011
vn 0.3238 0.8515 -0.4124
vn 0.8946 0.4070 -0.1845
vn 0.9497 -0.2744 0.1510
vn 0.4437 -0.8014 0.4011
vn -0.2860 -0.9397 0.1874
vn -0.8518 -0.5151 -0.0956
vn -0.9224 0.2095 -0.3245
vn -0.4510 0.8157 -0.3623
vn 0.2849 0.9409 -0.1833
vn 0.8499 0.5170 0.1017
vn 0.9218 -0.2088 0.3266
vn 0.4510 -0.8157 0.3624
vn -0.2676 -0.9529 0.1426
vn -0.8259 -0.5367 -0.1726
vn -0.9014 0.1940 -0.3872
vn -0.4476 0.8116 -0.3754
vn 0.2680 0.9526 -0.1438
vn 0.8262 0.5366 0.1719
vn 0.9013 -0.1940 0.3874
vn 0.4478 -0.8117 0.3751
vn -0.3119 -0.9094 0.2752
vn -0.8648 -0.4991 -0.0541
vn -0.9130 0.2047 -0.3529
vn -0.4238 0.7890 -0.4448
vn 0.3122 0.9091 -0.2760
vn 0.8650 0.4989 0.0537
vn 0.9130 -0.2047 0.3529
vn 0.4239 -0.7891 0.4445
vn -0.3515 -0.8308 0.4316
vn -0.8981 -0.4325 0.0800
vn -0.9211 0.2211 -0.3204
vn -0.4008 0.7451 -0.5331
vn 0.3517 0.8301 -0.4328
vn 0.8982 0.4321 -0.0806
vn 0.9211 -0.2211 0.3204
vn 0.4009 -0.7454 0.5326
vn -0.3772 -0.6993 0.6071
vn -0.9186 -0.3252 0.2248
vn -0.9251 0.2423 -0.2924
vn -0.3844 0.6669 -0.6384
vn 0.3773 0.6981 -0.6085
vn 0.9186 0.3245 -0.2255
vn 0.9251 -0.2423 0.2924
vn 0.3844 -0.6675 0.6377
vn -0.3757 -0.5009 0.7797
vn -0.9168 -0.1684 0.3620
vn -0.9247 0.2658 -0.2725
vn -0.3843 0.5426 -0.7469
vn 0.3756 0.4997 -0.7805
vn 0.9168 0.1680 -0.3623
vn 0.9247 -0.2658 0.2725
vn 0.3842 -0.5433 0.7465
vn -0.3369 -0.2455 0.9090
vn -0.8871 0.0268 0.4608
vn -0.9214 0.2860 -0.2629
vn -0.4090 0.3760 -0.8315
vn 0.3370 0.2458 -0.9088
vn 0.8872 -0.0264 -0.4606
vn 0.9214 -0.2860 0.2630
vn 0.4090 -0.3761 0.8314
vn -0.2674 0.0223 0.9633
vn -0.8362 0.2252 0.5001
vn -0.9183 0.2975 -0.2613
vn -0.4564 0.1945 -0.8683
vn 0.2679 -0.0207 -0.9632
vn 0.8365 -0.2241 -0.5000
vn 0.9183 -0.2975 0.2613
vn 0.4565 -0.1940 0.8683
vn -0.1875 0.2551 0.9486
vn -0.7798 0.3918 0.4883
vn -0.9175 0.2993 -0.2619
vn -0.5133 0.0309 -0.8576
vn 0.1881 -0.2535 -0.9489
vn 0.7801 -0.3909 -0.4885
vn 0.9175 -0.2993 0.2619
vn 0.5136 -0.0303 0.8575
vn -0.1140 0.4342 0.8936
vn -0.7296 0.5156 0.4493
vn -0.9194 0.2946 -0.2608
vn -0.5677 -0.0993 -0.8173
vn 0.1144 -0.4333 -0.8939
vn 0.7299 -0.5151 -0.4495
vn 0.9194 -0.2946 0.2608
vn 0.5678 0.0997 0.8171
vn -0.0531 0.5650 0.8234
vn -0.6895 0.6025 0.4018
vn -0.9230 0.2867 -0.2567
vn -0.6139 -0.1972 -0.7643
vn 0.0533 -0.5645 -0.8237
vn 0.6897 -0.6023 -0.4020
vn 0.9230 -0.2867 0.2567
vn 0.6141 0.1975 0.7642
vn -0.0048 0.6593 0.7519
vn -0.6588 0.6630 0.3555
vn -0.9275 0.2779 -0.2501
vn -0.6517 -0.2701 -0.7088
vn 0.0049 -0.6591 -0.7520
vn 0.6589 -0.6629 -0.3556
vn 0.9275 -0.2779 0.2501
vn 0.6518 0.2702 0.7087
vn 0.0330 0.7283 0.6845
vn -0.6358 0.7054 0.3134
vn -0.9323 0.2692 -0.2417
vn -0.6822 -0.3246 -0.6552
vn -0.0328 -0.7280 -0.6848
vn 0.6358 -0.7053 -0.3135
vn 0.9323 -0.2692 0.2417
vn 0.6823 0.3248 0.6550
vn 0.0304 0.7250 0.6881
vn -0.6423 0.6938 0.3259
vn -0.9394 0.2563 -0.2276
vn -0.6858 -0.3320 -0.6477
vn -0.0306 -0.7253 -0.6878
vn 0.6421 -0.6940 -0.3256
vn 0.9394 -0.2563 0.2276
vn 0.6858 0.3319 0.6478
vn -0.0113 0.6381 0.7698
vn -0.6792 0.6147 0.4010
vn -0.9513 0.2314 -0.2035
vn -0.6644 -0.2889 -0.6893
vn 0.0112 -0.6385 -0.7695
vn 0.6791 -0.6150 -0.4007
vn 0.9513 -0.2314 0.2036
vn 0.6644 0.2888 0.6894
vn -0.0616 0.4981 0.8649
vn -0.7240 0.4859 0.4897
vn -0.9664 0.1895 -0.1739
vn -0.6391 -0.2204 -0.7368
vn 0.0613 -0.4994 -0.8642
vn 0.7236 -0.4869 -0.4891
vn 0.9663 -0.1896 0.1739
vn 0.6391 0.2201 0.7370
vn -0.1133 0.2738 0.9551
vn -0.7694 0.2767 0.5757
vn -0.9826 0.1184 -0.1433
vn -0.6133 -0.1126 -0.7818
vn 0.1129 -0.2765 -0.9544
vn 0.7690 -0.2793 -0.5751
vn 0.9825 -0.1188 0.1434
vn 0.6133 0.1120 0.7819
vn -0.1403 -0.0476 0.9890
vn -0.7922 -0.0275 0.6097
vn -0.9915 0.0092 -0.1296
vn -0.5998 0.0399 -0.7992
vn 0.1403 0.0455 -0.9891
vn 0.7922 0.0252 -0.6098
vn 0.9915 -0.0096 0.1296
vn 0.5998 -0.0402 0.7991
vn -0.1093 -0.3986 0.9106
vn -0.7621 -0.3654 0.5344
vn -0.9803 -0.1194 -0.1574
vn -0.6145 0.2019 -0.7627
vn 0.1090 0.4006 -0.9098
vn 0.7618 0.3669 -0.5338
vn 0.9803 0.1194 0.1575
vn 0.6144 -0.2013 0.7629
vn -0.0263 -0.6681 0.7436
vn -0.6826 -0.6311 0.3684
vn -0.9477 -0.2266 -0.2248
vn -0.6518 0.3176 -0.6886
vn 0.0251 0.6707 -0.7413
vn 0.6816 0.6333 -0.3665
vn 0.9476 0.2268 0.2249
vn 0.6516 -0.3170 0.6892
vn 0.0735 -0.8261 0.5587
vn -0.5830 -0.7928 0.1778
vn -0.9034 -0.2975 -0.3088
vn -0.6919 0.3777 -0.6153
vn -0.0744 0.8272 -0.5570
vn 0.5822 0.7936 -0.1765
vn 0.9034 0.2976 0.3088
vn 0.6917 -0.3775 0.6157
vn 0.1728 -0.9057 0.3872
vn -0.4765 -0.8791 -0.0087
vn -0.8505 -0.3405 -0.4008
vn -0.7253 0.4025 -0.5585
vn -0.1731 0.9058 -0.3866
vn 0.4765 0.8791 0.0087
vn 0.8507 0.3404 0.4005
vn 0.7252 -0.4025 0.5587
vn 0.2771 -0.9349 0.2219
vn -0.3538 -0.9132 -0.2021
vn -0.7811 -0.3612 -0.5093
vn -0.7510 0.4085 -0.5187
vn -0.2765 0.9348 -0.2228
vn 0.3553 0.9131 0.1999
vn 0.7820 0.3611 0.5081
vn 0.7510 -0.4085 0.5188
vn 0.4071 -0.9125 0.0407
vn -0.1851 -0.8834 -0.4304
vn -0.6730 -0.3465 -0.6535
vn -0.7697 0.4041 -0.4941
vn -0.4042 0.9136 -0.0442
vn 0.1914 0.8858 0.4227
vn 0.6762 0.3478 0.6494
vn 0.7697 -0.4042 0.4942
vn 0.6115 -0.7902 -0.0413
vn 0.0899 -0.8110 -0.5781
vn -0.5091 -0.4006 -0.7618
vn -0.8483 0.2311 -0.4765
vn -0.6948 0.7105 0.1116
vn -0.1581 0.7510 0.6411
vn 0.4401 0.3305 0.8349
vn 0.7658 -0.3219 0.5568
vn -0.8754 -0.4241 -0.2320
vn -0.7074 -0.6893 0.1564
vn -0.5986 -0.7714 0.2158
vn -0.7315 -0.6212 -0.2810
vn -0.7630 -0.6464 0.0028
vn -0.7813 -0.6116 -0.1250
vn -0.8502 -0.4123 0.3273
vn -0.8296 -0.5391 0.1457
vn -0.8425 -0.5364 0.0492
vn -0.8731 -0.4792 -0.0894
vn -0.8286 -0.5035 -0.2449
vn -0.8338 -0.5388 0.1201
vn -0.5001 0.8592 -0.1078
vn 0.4382 -0.8933 -0.0997
vn 0.4187 -0.9010 0.1133
vn -0.8521 -0.5215 -0.0449
vn 0.4786 -0.8504 -0.2187
vn -0.6064 0.7593 0.2361
vn -0.8100 -0.4809 -0.3355
vn -0.6543 -0.6577 0.3734
vn -0.8259 -0.5543 0.1033
vn 0.4786 0.1622 0.8629
vn -0.5605 0.8162 0.1406
vn -0.8378 -0.4760 -0.2674
vn -0.1357 0.5295 0.8374
vn -0.1341 -0.5660 -0.8134
vn -0.7181 -0.6554 -0.2340
vn -0.6497 -0.7171 -0.2523
vn -0.0242 -0.0106 -0.9997
vn -0.4328 -0.7533 -0.4953
vn -0.0285 -0.0926 0.9953
vn -0.8377 -0.1125 -0.5344
vn -0.6745 0.2953 -0.6767
vn -0.3619 -0.9294 -0.0722
vn -0.7945 0.3105 -0.5218
vn 0.6836 -0.3953 0.6135
vn -0.6219 0.7194 -0.3093
vn 0.5933 -0.3143 0.7411
vn -0.4968 0.3967 0.7719
vn -0.6270 -0.6750 0.3889
vn -0.7075 -0.6891 0.1566
vn -0.0732 0.0602 -0.9955
vn -0.0308 -0.1575 0.9870
vn -0.8421 -0.4410 0.3104
vn -0.7510 -0.6223 0.2206
vn -0.3526 0.3952 0.8482
vn 0.1309 -0.6309 0.7647
vn 0.2403 -0.5248 -0.8166
vn -0.7627 -0.6467 0.0034
vn 0.0134 -0.9679 -0.2508
vn -0.4596 -0.6640 0.5898
vn -0.1112 0.9565 0.2696
vn -0.8698 -0.4534 -0.1945
vn -0.7696 0.3170 0.5542
vn -0.7210 -0.1431 -0.6780
vn -0.0329 -0.7705 0.6365
vn -0.8700 -0.4815 -0.1056
vn 0.3106 -0.8346 0.4550
vn -0.1985 -0.4337 0.8789
vn -0.2161 -0.2898 -0.9324
vn -0.7813 -0.6119 -0.1234
vn -0.5852 -0.1243 -0.8013
vn -0.7371 -0.4890 0.4665
vn 0.2166 -0.9762 -0.0094
vn 0.0742 0.0001 -0.9972
vn 0.5424 -0.0914 -0.8351
vn -0.4609 -0.0274 -0.8871
vn 0.7839 -0.1085 -0.6114
vn -0.1348 -0.1716 -0.9759
vn 0.1253 -0.0512 0.9908
vn 0.7055 -0.1381 0.6951
vn 0.9989 0.0008 0.0476
vn -0.7219 -0.0485 -0.6903
vn 0.0883 -0.1003 0.9910
vn 0.7482 -0.1123 0.6539
vn -0.9317 -0.0011 -0.3632
vn 0.3957 0.0004 0.9184
vn -0.5178 -0.0005 0.8555
vn -0.5049 -0.0765 0.8598
vn 0.0742 -0.0001 0.9972
vn 0.7415 -0.0007 -0.6709
vn -0.5258 0.0005 -0.8506
vn -0.0742 0.0001 -0.9972
vn 0.7417 -0.0007 -0.6707
vn 0.9635 -0.0009 0.2678
vn -0.9635 -0.0000 -0.2676
vn -0.7284 -0.0391 0.6841
vn -0.9989 0.0013 0.0466
vn 0.7209 -0.0334 -0.6922
vn 0.9988 -0.0010 -0.0486
vn -0.7518 -0.0511 0.6574
vn -0.4973 -0.0802 -0.8639
vn -0.3958 0.0003 0.9184
vn -0.9357 -0.1033 0.3374
vn -0.9315 0.0009 0.3637
vn -0.6333 0.0216 0.7736
vn 0.2938 -0.0478 0.9547
vn 0.0273 -0.0417 -0.9988
vn -0.0913 -0.0015 0.9958
vn 0.8478 -0.1332 -0.5133
vn -0.3480 -0.0153 -0.9374
vn 0.9882 -0.1271 -0.0852
vn -0.8261 0.0149 -0.5633
vn -0.9972 0.0452 0.0599
vn 0.8358 -0.1279 0.5340
vn 0.9881 -0.1270 0.0862
vn -0.9972 0.0452 -0.0599
vn 0.0292 -0.0161 0.9994
vn -0.3567 0.0231 0.9339
vn 0.3836 -0.0776 -0.9202
vn -0.0548 -0.0326 -0.9980
vn -0.8044 0.0031 0.5941
vn 0.1870 -0.0122 0.9823
vn 0.8253 -0.0707 -0.5603
vn -0.3464 -0.0245 -0.9378
vn 0.9698 -0.0684 -0.2342
vn -0.7963 0.0043 -0.6049
vn -0.9885 0.0025 0.1510
vn 0.8253 -0.0706 0.5603
vn -0.9885 0.0025 -0.1510
vn 0.9698 -0.0684 0.2342
vn -0.2581 0.0141 0.9660
vn 0.6333 0.0216 0.7736
vn -0.2938 -0.0478 0.9547
vn -0.0273 -0.0417 -0.9988
vn 0.0913 -0.0015 0.9958
vn -0.8478 -0.1332 -0.5133
vn 0.3480 -0.0153 -0.9374
vn -0.9882 -0.1271 -0.0852
vn 0.8261 0.0149 -0.5633
vn 0.9972 0.0452 0.0599
vn -0.8358 -0.1279 0.5340
vn -0.9881 -0.1270 0.0862
vn 0.9972 0.0452 -0.0599
vn -0.0292 -0.0161 0.9994
vn 0.3567 0.0231 0.9339
vn -0.3836 -0.0776 -0.9202
vn 0.0548 -0.0326 -0.9980
vn 0.8180 0.0034 0.5753
vn -0.8271 -0.0707 -0.5575
vn 0.3409 -0.0248 -0.9398
vn -0.9736 -0.0685 -0.2178
vn 0.8061 0.0046 -0.5918
vn 0.9863 0.0026 0.1651
vn -0.8271 -0.0706 0.5575
vn 0.9863 0.0025 -0.1651
vn -0.9736 -0.0685 0.2178
vn 0.4002 -0.0176 0.9163
vn -0.7587 0.0307 0.6508
vn 0.2296 -0.0522 0.9719
vn 0.0133 -0.0403 -0.9991
vn -0.0625 -0.0094 0.9980
vn 0.8332 -0.1314 -0.5372
vn -0.3402 -0.0156 -0.9402
vn 0.9800 -0.1267 -0.1533
vn -0.8194 0.0144 -0.5730
vn -0.9906 0.0440 0.1297
vn 0.8287 -0.1270 0.5452
vn 0.9799 -0.1265 0.1541
vn -0.9906 0.0440 -0.1297
vn 0.0020 -0.0122 0.9999
vn -0.3135 -0.0011 0.9496
vn 0.3303 -0.0707 -0.9412
vn -0.0249 -0.0344 -0.9991
vn -0.2595 -0.0426 0.9648
vn 0.9768 -0.0686 0.2028
vn -0.9839 0.0026 -0.1788
vn 0.8288 -0.0707 0.5551
vn -0.9839 0.0026 0.1788
vn -0.8138 0.0049 -0.5811
vn 0.9768 -0.0686 -0.2028
vn -0.3360 -0.0250 -0.9415
vn 0.8288 -0.0708 -0.5551
vn 0.1982 -0.0742 0.9774
vn -0.8292 0.0036 0.5589
vn -0.2531 -0.0191 0.9672
vn -0.0344 -0.0390 0.9986
vn 0.9734 -0.0685 0.2186
vn -0.9864 0.0025 -0.1645
vn 0.8271 -0.0706 0.5577
vn -0.9864 0.0026 0.1645
vn -0.8056 0.0046 -0.5924
vn 0.9734 -0.0685 -0.2186
vn -0.3412 -0.0248 -0.9397
vn 0.8270 -0.0707 -0.5577
vn -0.0403 -0.0346 0.9986
vn 0.1841 -0.0493 0.9817
vn -0.8174 0.0034 0.5761
vn -0.8004 0.0031 0.5995
vn 0.1900 -0.0757 0.9789
vn 0.8248 -0.0707 -0.5610
vn -0.3479 -0.0245 -0.9372
vn 0.9687 -0.0684 -0.2388
vn -0.7933 0.0042 -0.6088
vn -0.9891 0.0025 0.1472
vn 0.8248 -0.0706 0.5611
vn -0.9891 0.0025 -0.1472
vn 0.9687 -0.0684 0.2388
vn -0.2530 -0.0619 0.9655
vn 0.1189 -0.0264 0.9926
vn 0.0588 -0.0009 -0.9983
vn -0.1189 -0.0264 0.9926
vn -0.0918 -0.0250 -0.9955
vn -0.5273 -0.0459 0.8485
vn -0.3034 -0.0788 0.9496
vn -0.4398 -0.0735 -0.8951
vn -0.6745 -0.0596 -0.7359
vn -0.9834 -0.0360 0.1781
vn -0.9811 -0.0365 -0.1899
vn -0.5126 -0.0824 0.8546
vn -0.1904 -0.0602 0.9799
vn 0.5273 -0.0459 0.8485
vn 0.3034 -0.0788 0.9496
vn 0.2800 -0.0441 -0.9590
vn 0.4308 -0.1025 -0.8966
vn 0.6745 -0.0596 -0.7359
vn 0.9834 -0.0360 0.1781
vn 0.9811 -0.0365 -0.1899
vn 0.4706 -0.1070 -0.8758
vn 0.5126 -0.0824 0.8547
vn 0.1904 -0.0602 0.9799
vn 0.2768 -0.0124 0.9608
vn 0.4707 -0.0684 0.8796
vn 0.5319 -0.1013 -0.8407
vn 0.9803 -0.0482 -0.1915
vn 0.9815 -0.0498 0.1851
vn 0.5685 -0.0717 -0.8196
vn 0.4190 -0.0984 -0.9027
vn 0.3781 -0.0551 -0.9241
vn 0.3501 -0.0532 0.9352
vn 0.4757 -0.0486 0.8782
vn -0.2768 -0.0124 0.9608
vn -0.4707 -0.0684 0.8796
vn -0.3644 -0.0579 -0.9294
vn -0.9803 -0.0482 -0.1915
vn -0.9815 -0.0498 0.1851
vn -0.5685 -0.0717 -0.8196
vn -0.4570 -0.0841 -0.8855
vn -0.4115 -0.0491 -0.9101
vn -0.3501 -0.0532 0.9352
vn -0.4757 -0.0486 0.8782
vn -0.1321 -0.0827 -0.9878
vn -0.1790 0.0037 0.9838
vn 0.0606 -0.0008 -0.9982
vn 0.1790 0.0037 0.9838
vn -0.4417 -0.0460 0.8960
vn -0.4190 -0.0562 0.9062
vn -0.4884 -0.0519 -0.8711
vn -0.4783 -0.0668 -0.8757
vn -0.9801 -0.0498 0.1924
vn -0.9800 -0.0482 -0.1931
vn -0.4412 -0.0657 0.8950
vn -0.4053 -0.0020 0.9142
vn 0.4417 -0.0460 0.8960
vn 0.4190 -0.0562 0.9062
vn 0.4494 -0.0616 -0.8912
vn 0.4105 -0.0975 -0.9066
vn 0.4783 -0.0668 -0.8757
vn 0.9801 -0.0498 0.1924
vn 0.9800 -0.0482 -0.1931
vn 0.5910 -0.1068 -0.7996
vn 0.4412 -0.0657 0.8950
vn 0.4053 -0.0020 0.9142
vn -0.1572 -0.0124 -0.9875
vn -0.1847 0.0041 0.9828
vn 0.0658 -0.0031 -0.9978
vn 0.1847 0.0041 0.9828
vn -0.4473 0.0359 0.8937
vn -0.3955 0.0370 0.9177
vn -0.2044 0.0618 -0.9769
vn -0.1629 -0.0334 -0.9861
vn -0.3937 0.1267 -0.9105
vn -0.6530 0.0885 -0.7522
vn -0.9831 0.0244 0.1815
vn -0.9831 0.0244 -0.1815
vn -0.1869 0.0132 0.9823
vn -0.3462 0.0811 -0.9347
vn -0.4472 0.0401 0.8935
vn -0.3756 0.0246 0.9265
vn 0.4473 0.0359 0.8937
vn 0.3955 0.0370 0.9177
vn 0.2701 0.0440 -0.9618
vn 0.0704 0.0110 -0.9975
vn 0.3418 0.1463 -0.9283
vn 0.6530 0.0885 -0.7522
vn 0.9831 0.0244 0.1815
vn 0.9831 0.0244 -0.1815
vn 0.1869 0.0132 0.9823
vn 0.4361 0.0980 -0.8945
vn 0.4472 0.0401 0.8935
vn 0.3756 0.0246 0.9265
vn 0.8783 0.3326 0.3435
vn 0.3879 0.9086 0.1550
vn -0.3962 0.9180 -0.0158
vn -0.9210 0.3881 0.0340
vn -0.9554 -0.2952 0.0084
vn -0.4596 -0.8870 0.0450
vn 0.3138 -0.9176 0.2439
vn 0.8370 -0.3970 0.3766
vn 0.5345 0.4065 0.7410
vn 0.3637 0.9167 0.1654
vn 0.0033 0.8446 -0.5354
vn -0.3049 0.2834 -0.9092
vn -0.4925 -0.4168 -0.7640
vn -0.3637 -0.9167 -0.1654
vn 0.0320 -0.8569 0.5145
vn 0.3957 -0.3117 0.8639
vn 0.2263 0.5293 0.8177
vn 0.3671 0.9159 0.1627
vn 0.3006 0.7496 -0.5897
vn 0.0664 0.1494 -0.9866
vn -0.2137 -0.5338 -0.8182
vn -0.3671 -0.9158 -0.1627
vn -0.2886 -0.7548 0.5891
vn -0.0414 -0.1594 0.9863
vn 0.0774 0.5987 0.7972
vn 0.3792 0.9107 0.1636
vn 0.4593 0.6851 -0.5654
vn 0.2715 0.0603 -0.9605
vn -0.0755 -0.5996 -0.7967
vn -0.3792 -0.9107 -0.1636
vn -0.4573 -0.6860 0.5658
vn -0.2677 -0.0621 0.9615
vn -0.0023 0.6392 0.7690
vn 0.3950 0.9030 0.1688
vn 0.5606 0.6363 -0.5300
vn 0.3982 -0.0020 -0.9173
vn 0.0027 -0.6394 -0.7689
vn -0.3951 -0.9030 -0.1688
vn -0.5602 -0.6365 0.5301
vn -0.3974 0.0015 0.9177
vn -0.0539 0.6681 0.7422
vn 0.4141 0.8926 0.1784
vn 0.6390 0.5933 -0.4896
vn 0.4899 -0.0525 -0.8702
vn 0.0540 -0.6681 -0.7421
vn -0.4141 -0.8926 -0.1784
vn -0.6389 -0.5933 0.4896
vn -0.4897 0.0524 0.8703
vn -0.0928 0.6925 0.7154
vn 0.4367 0.8785 0.1936
vn 0.7096 0.5492 -0.4413
vn 0.5673 -0.1008 -0.8173
vn 0.0929 -0.6925 -0.7154
vn -0.4368 -0.8785 -0.1936
vn -0.7098 -0.5491 0.4412
vn -0.5674 0.1009 0.8173
vn -0.1257 0.7164 0.6862
vn 0.4635 0.8592 0.2168
vn 0.7799 0.4979 -0.3792
vn 0.6402 -0.1538 -0.7526
vn 0.1257 -0.7164 -0.6863
vn -0.4636 -0.8591 -0.2169
vn -0.7802 -0.4977 0.3789
vn -0.6405 0.1539 0.7524
vn -0.1555 0.7429 0.6511
vn 0.4943 0.8318 0.2525
vn 0.8524 0.4328 -0.2935
vn 0.7125 -0.2180 -0.6670
vn 0.1555 -0.7429 -0.6512
vn -0.4944 -0.8317 -0.2527
vn -0.8529 -0.4323 0.2928
vn -0.7129 0.2184 0.6664
vn -0.1820 0.7749 0.6053
vn 0.5265 0.7927 0.3072
vn 0.9228 0.3456 -0.1705
vn 0.7809 -0.3013 -0.5472
vn 0.1819 -0.7748 -0.6055
vn -0.5266 -0.7925 -0.3076
vn -0.9234 -0.3447 0.1691
vn -0.7814 0.3021 0.5460
vn -0.2001 0.8148 0.5441
vn 0.5512 0.7380 0.3892
vn 0.9734 0.2288 0.0059
vn 0.8295 -0.4106 -0.3785
vn 0.2001 -0.8147 -0.5443
vn -0.5512 -0.7377 -0.3898
vn -0.9738 -0.2275 -0.0081
vn -0.8298 0.4118 0.3767
vn -0.1937 0.8618 0.4688
vn 0.5498 0.6692 0.4999
vn 0.9668 0.0845 0.2413
vn 0.8214 -0.5481 -0.1579
vn 0.1937 -0.8619 -0.4687
vn -0.5496 -0.6684 -0.5013
vn -0.9674 -0.0866 -0.2380
vn -0.8224 0.5452 0.1628
vn -0.2060 0.8200 0.5340
vn 0.5049 0.5685 0.6495
vn 0.9223 -0.0152 0.3861
vn 0.7994 -0.5914 -0.1062
vn 0.2066 -0.8189 -0.5354
vn -0.5048 -0.5682 -0.6498
vn -0.9227 0.0145 -0.3853
vn -0.7992 0.5916 0.1060
vn -0.2819 0.6615 0.6950
vn 0.4351 0.4258 0.7933
vn 0.9017 -0.0603 0.4281
vn 0.8371 -0.5126 -0.1911
vn 0.2818 -0.6619 -0.6946
vn -0.4353 -0.4261 -0.7931
vn -0.9017 0.0603 -0.4281
vn -0.8371 0.5125 0.1912
vn -0.3472 0.4983 0.7944
vn 0.3766 0.2765 0.8841
vn 0.8829 -0.1080 0.4569
vn 0.8702 -0.4300 -0.2406
vn 0.3471 -0.4988 -0.7942
vn -0.3767 -0.2768 -0.8840
vn -0.8830 0.1079 -0.4569
vn -0.8702 0.4299 0.2406
vn -0.3982 0.3508 0.8476
vn 0.3302 0.1392 0.9336
vn 0.8672 -0.1544 0.4735
vn 0.8951 -0.3579 -0.2660
vn 0.3981 -0.3511 -0.8475
vn -0.3303 -0.1394 -0.9335
vn -0.8672 0.1544 -0.4735
vn -0.8951 0.3578 0.2660
vn -0.4376 0.2236 0.8709
vn 0.2932 0.0178 0.9559
vn 0.8536 -0.1987 0.4815
vn 0.9134 -0.2989 -0.2764
vn 0.4375 -0.2238 -0.8709
vn -0.2932 -0.0180 -0.9559
vn -0.8536 0.1987 -0.4815
vn -0.9134 0.2989 0.2764
vn -0.4693 0.1131 0.8758
vn 0.2621 -0.0913 0.9607
vn 0.8411 -0.2425 0.4835
vn 0.9270 -0.2516 -0.2781
vn 0.4693 -0.1132 -0.8758
vn -0.2622 0.0913 -0.9607
vn -0.8411 0.2425 -0.4835
vn -0.9270 0.2516 0.2781
vn -0.4968 0.0124 0.8678
vn 0.2337 -0.1955 0.9524
vn 0.8282 -0.2893 0.4799
vn 0.9375 -0.2134 -0.2749
vn 0.4968 -0.0124 -0.8678
vn -0.2337 0.1956 -0.9524
vn -0.8282 0.2893 -0.4799
vn -0.9375 0.2134 0.2749
vn -0.5234 -0.0871 0.8476
vn 0.2043 -0.3047 0.9303
vn 0.8132 -0.3444 0.4691
vn 0.9460 -0.1819 -0.2684
vn 0.5235 0.0873 -0.8476
vn -0.2042 0.3049 -0.9302
vn -0.8132 0.3445 -0.4691
vn -0.9460 0.1819 0.2684
vn -0.5531 -0.1975 0.8094
vn 0.1686 -0.4331 0.8854
vn 0.7928 -0.4166 0.4448
vn 0.9534 -0.1549 -0.2588
vn 0.5533 0.1980 -0.8091
vn -0.1684 0.4341 -0.8850
vn -0.7927 0.4170 -0.4446
vn -0.9534 0.1549 0.2588
vn -0.5920 -0.3366 0.7322
vn 0.1171 -0.6031 0.7890
vn 0.7596 -0.5218 0.3884
vn 0.9606 -0.1308 -0.2451
vn 0.5928 0.3388 -0.7306
vn -0.1158 0.6070 -0.7862
vn -0.7590 0.5235 -0.3871
vn -0.9606 0.1308 0.2451
vn -0.6524 -0.5220 0.5495
vn 0.0291 -0.8330 0.5526
vn 0.6956 -0.6774 0.2393
vn 0.9686 -0.1096 -0.2234
vn 0.6553 0.5273 -0.5409
vn -0.0244 0.8433 -0.5370
vn -0.6937 0.6819 -0.2319
vn -0.9685 0.1096 0.2234
vn -0.8344 -0.5432 0.0931
vn -0.2465 -0.9667 -0.0695
vn 0.5015 -0.8459 -0.1816
vn 0.9628 -0.2025 -0.1792
vn 0.8344 0.5432 -0.0937
vn 0.2345 0.9715 0.0332
vn -0.5122 0.8443 0.1577
vn -0.9597 0.2048 0.1925
vn 0.4903 -0.8474 0.2036
vn -0.5120 -0.6627 -0.5465
vn -0.7415 0.0007 0.6709
vn 0.3958 -0.0004 -0.9183
vn 0.9862 -0.0010 0.1656
vn -0.3958 0.0004 0.9183
vn 0.4385 -0.8976 -0.0445
vn 0.9525 -0.0008 -0.3044
vn -0.9901 -0.0267 -0.1378
vn -0.3551 -0.9073 0.2254
vn 0.7329 -0.0006 -0.6803
vn -0.5178 0.0005 -0.8555
vn 0.5178 -0.0005 0.8555
vn -0.1566 -0.8345 0.5283
vn -0.4208 -0.0265 0.9067
vn -0.9635 0.0009 -0.2678
vn 0.1298 -0.0396 -0.9908
vn 0.2699 -0.9001 -0.3419
vn -0.8146 0.0004 -0.5801
vn 0.4186 -0.4401 -0.7944
vn 0.8146 -0.0004 0.5801
vn -0.0225 -0.4987 -0.8665
vn -0.1853 -0.0575 -0.9810
vn -0.9988 0.0010 0.0487
vn -0.1112 0.0001 0.9938
vn 0.1892 -0.8538 0.4851
vn 0.2300 -0.0719 0.9705
vn -0.9317 0.0009 0.3632
vn 0.9317 -0.0009 -0.3632
vn 0.4407 -0.7436 0.5029
vn 0.5384 -0.0345 0.8420
vn -0.7831 -0.0800 -0.6167
vn -0.7418 0.0007 0.6706
vn -0.2252 -0.9695 -0.0970
vn -0.9802 -0.0506 -0.1915
vn 0.3958 -0.0003 -0.9184
vn 0.8203 -0.0232 0.5714
vn 0.7180 -0.6947 -0.0435
vn 0.9859 -0.0869 0.1429
vn -0.9595 -0.0725 0.2722
vn 0.3129 -0.9323 -0.1815
vn 0.5180 -0.0005 0.8554
vn -0.5180 0.0005 -0.8554
vn 0.9431 -0.0519 -0.3284
vn -0.3020 -0.8616 0.4079
vn 0.8144 -0.0007 0.5803
vn -0.4470 -0.0438 0.8935
vn -0.8144 0.0007 -0.5803
vn 0.0424 -0.9896 -0.1374
vn 0.4303 -0.0000 -0.9027
vn -0.1370 -0.0575 0.9889
vn 0.9635 -0.0000 0.2676
vn 0.0274 -0.4015 0.9154
vn 0.1891 -0.1054 0.9763
vn 0.1113 -0.0001 -0.9938
vn 0.9989 -0.0013 -0.0464
vn -0.2259 -0.7748 -0.5904
vn 0.5108 -0.0369 0.8589
vn -0.2084 0.0003 -0.9781
vn 0.9315 -0.0009 -0.3638
vn -0.0009 -1.0000 -0.0000
vn -0.3958 0.0003 0.9183
vn 0.8132 -0.0007 0.5820
vn 0.8146 -0.0008 0.5800
vn -0.5177 0.0005 -0.8556
vn 0.9998 0.0060 -0.0183
vn 0.9997 -0.0208 0.0158
vn -0.8143 0.0007 -0.5804
vn 0.2084 -0.0002 0.9781
vn -0.8146 0.0008 -0.5800
vn -0.5181 0.0005 -0.8553
vn 0.9548 0.0085 0.2971
vn -0.9998 -0.0062 0.0182
vn -0.5222 0.0201 0.8526
vn -0.2084 0.0002 -0.9781
vn -0.4700 -0.7263 -0.5016
vn -0.7416 0.0006 0.6709
vn -0.5258 0.0004 -0.8506
vn 0.7416 -0.0006 -0.6709
vn 0.0818 -0.9742 0.2101
vn -0.9317 0.0008 0.3633
vn 0.5194 -0.0129 0.8544
vn 0.9317 -0.0008 -0.3633
vn 0.6983 -0.7141 -0.0499
vn -0.3888 -0.9085 -0.1533
vn -0.8224 -0.0111 -0.5688
vn 0.3958 -0.0003 -0.9183
vn -0.3611 -0.9322 0.0257
vn -0.3266 -0.7797 -0.5342
vn 0.1439 -0.9442 -0.2963
vn -0.1398 -0.9165 0.3748
vn -0.5756 -0.5086 0.6403
vn -0.0100 -0.9062 -0.4226
vn 0.2119 -0.9417 -0.2614
vn -0.0510 -0.8927 0.4477
vn -0.6486 -0.6607 0.3779
vn 0.0785 -0.8761 0.4757
vn 0.5437 -0.7954 0.2677
vn 0.5359 -0.7841 -0.3129
vn 0.8197 -0.0362 -0.5717
vn -0.9525 0.0008 0.3044
vn 0.9544 -0.0262 -0.2975
vn -0.9997 0.0202 -0.0155
vn 0.9483 -0.0182 0.3169
vn 0.5203 -0.0207 -0.8538
vn 0.5177 -0.0005 0.8556
vn -0.9548 -0.0088 -0.2973
vn -0.8203 0.0352 0.5709
vn -0.9544 0.0255 0.2975
vn 0.8143 -0.0007 0.5804
vn -0.9484 0.0176 -0.3166
vn 0.0009 -1.0000 -0.0000
vn -0.9988 -0.0010 -0.0482
vn 0.7417 0.0006 0.6707
vn 0.8146 0.0007 -0.5801
vn -0.1675 0.0160 0.9857
vn 0.9989 0.0010 0.0475
vn -0.4413 0.0102 -0.8973
vn -0.8431 -0.0173 0.5374
vn -0.9146 0.0138 -0.4041
vn -0.7415 -0.0006 -0.6709
vn 0.9640 -0.0247 -0.2647
vn 0.4761 0.0127 -0.8793
vn -0.9635 -0.0010 0.2677
vn 0.4819 0.0180 0.8760
vn -0.7417 -0.0006 -0.6707
vn 0.9318 0.0009 0.3630
vn 0.4404 -0.8513 0.2853
vn -0.7330 -0.0006 -0.6803
vn 0.5178 0.0005 -0.8555
vn 0.9301 -0.1274 0.3446
vn 0.4455 -0.8947 0.0326
vn 0.9875 -0.0982 -0.1232
vn -0.0742 -0.0001 0.9972
vn -0.9609 -0.0815 -0.2646
vn -0.1785 -0.9802 0.0856
vn -0.9703 -0.1025 0.2191
vn 0.8164 -0.0106 -0.5774
vn 0.4462 0.0276 0.8945
vn 0.3335 -0.8674 -0.3693
vn 0.7415 0.0005 0.6709
vn -0.7415 -0.0005 -0.6710
vn -0.7827 -0.1268 0.6094
vn 0.2149 -0.8077 -0.5491
vn 0.9316 0.0007 0.3636
vn 0.2205 -0.0643 -0.9733
vn -0.9315 -0.0007 -0.3636
vn -0.0445 -0.7367 0.6748
vn -0.0868 -0.0824 -0.9928
vn -0.2013 -0.0403 0.9787
vn -0.9989 -0.0008 -0.0475
vn -0.1066 -0.8989 -0.4250
vn 0.9636 0.0009 -0.2674
vn -0.3821 -0.1948 -0.9034
vn -0.9636 -0.0009 0.2674
vn 0.3247 -0.8477 0.4194
vn -0.8144 -0.0008 0.5803
vn 0.4582 -0.1640 0.8736
vn 0.8144 0.0008 -0.5803
vn 0.4378 -0.8559 0.2754
vn -0.5178 -0.0003 0.8555
vn -0.9158 -0.1837 -0.3572
vn 0.5178 0.0003 -0.8555
vn -0.6480 -0.7610 -0.0325
vn 0.9599 -0.0503 0.2757
vn -0.9874 -0.0238 0.1564
vn 0.3949 -0.9031 -0.1688
vn -0.8132 -0.0007 0.5820
vn -0.3957 -0.0004 -0.9184
vn 0.9831 -0.0505 -0.1762
vn 0.4764 -0.6825 -0.5543
vn -0.7414 -0.0007 -0.6711
vn -0.5258 -0.0004 0.8506
vn 0.7414 0.0007 0.6711
vn -0.1692 -0.8704 0.4623
vn -0.2224 -0.1044 0.9694
vn 0.9317 0.0011 0.3632
vn 0.4768 -0.2066 -0.8544
vn -0.0312 -0.6819 0.7308
vn 0.1799 -0.0827 -0.9802
vn 0.9989 0.0010 0.0474
vn -0.9989 -0.0010 -0.0475
vn -0.2174 -0.6876 -0.6927
vn 0.9636 0.0005 -0.2673
vn -0.9636 -0.0005 0.2674
vn 0.4303 0.0001 0.9027
vn 0.2146 -0.9341 0.2852
vn 0.8145 0.0007 -0.5802
vn -0.4600 -0.1490 -0.8753
vn -0.8145 -0.0007 0.5802
vn 0.5922 -0.8058 -0.0006
vn 0.3589 -0.8592 -0.3646
vn -0.4767 -0.8500 0.2240
vn 0.0910 -0.9957 0.0150
vn -0.4509 -0.6637 0.5968
vn 0.0875 -0.9205 0.3808
vn -0.0205 -0.9971 -0.0733
vn 0.0704 -0.9919 0.1056
vn -0.0684 -0.6977 0.7131
vn -0.1552 -0.9694 -0.1903
vn 0.0244 -0.8767 -0.4805
vn 0.5161 -0.7704 0.3742
vn -0.2675 -0.6952 0.6672
vn 0.3274 -0.9285 -0.1750
vn -0.5516 -0.7877 -0.2742
vn 0.2290 -0.8529 -0.4692
vn 0.9635 0.0010 -0.2677
vn -0.9642 0.0236 0.2642
vn -0.9318 -0.0009 -0.3630
vn 0.8434 0.0166 -0.5370
vn -0.4806 -0.0191 -0.8768
vn -0.4755 -0.0138 0.8796
vn -0.8146 -0.0007 0.5801
vn 0.7415 0.0006 0.6709
vn 0.9144 -0.0146 0.4046
vn 0.9988 0.0010 0.0482
vn 0.4405 -0.0108 0.8977
vn 0.1663 -0.0172 -0.9859
vn -0.8360 0.1570 0.5258
vn 0.5309 -0.8434 0.0830
vn -0.9896 0.0568 0.1324
vn -0.9581 0.0772 -0.2757
vn -0.9959 0.0649 -0.0637
vn -0.8881 0.0409 0.4579
vn -0.7036 0.0251 0.7102
vn -0.9404 0.0429 0.3375
vn 0.3224 -0.0559 0.9450
vn 0.0273 -0.0089 -0.9996
vn 0.0803 -0.8328 0.5477
vn 0.4898 -0.8697 0.0616
vn -0.4703 -0.2003 -0.8595
vn -0.3758 -0.6323 0.6774
vn 0.5758 -0.7333 -0.3616
vn 0.2776 -0.5610 -0.7799
vn -0.2634 0.8045 0.5323
vn -0.9270 -0.0778 -0.3669
vn -0.9396 -0.2489 0.2349
vn 0.4737 0.8405 0.2630
vn -0.2431 0.9700 -0.0027
vn 0.7939 0.4493 -0.4096
vn 0.9900 0.1083 -0.0902
vn 0.1860 0.3615 0.9136
vn 0.1801 0.8836 -0.4322
vn 0.9427 0.0594 0.3283
vn 0.5921 0.1551 0.7908
vn -0.7077 0.0152 0.7063
vn 0.7538 -0.0388 0.6559
vn -0.6234 0.0042 0.7819
vn -0.0421 0.0176 -0.9990
vn 0.2053 0.0080 -0.9787
vn 0.9680 -0.0403 0.2479
vn 0.3331 -0.0276 0.9425
vn 0.8883 -0.0260 -0.4586
vn -0.8869 0.0136 0.4617
vn -0.9738 0.0251 -0.2261
vn -0.9964 0.0273 0.0798
vn 0.9991 -0.0371 -0.0197
vn -0.4758 0.0319 -0.8790
vn -0.9634 0.0499 -0.2635
vn -0.0218 -0.8880 -0.4594
vn -0.0730 -0.8904 0.4494
vn -0.3247 -0.7668 -0.5538
vn 0.2711 -0.8867 0.3745
vn -0.1328 -0.9800 -0.1482
vn -0.5838 -0.8094 0.0634
vn 0.1193 -0.9786 -0.1676
vn 0.3461 -0.9349 -0.0784
vn 0.1328 0.9800 0.1482
vn -0.9088 -0.3054 -0.2845
vn -0.2580 -0.7906 0.5553
vn -0.6425 -0.7658 0.0290
vn -0.6080 -0.6361 -0.4751
vn -0.4170 -0.8459 -0.3325
vn 0.0835 0.1492 0.9853
vn 0.2341 -0.7858 0.5725
vn -0.1298 -0.8811 -0.4548
vn 0.2606 0.8455 -0.4661
vn 0.3997 0.2029 0.8939
vn -0.3023 0.9466 -0.1122
vn -0.6535 -0.7222 0.2268
vn -0.5972 0.4843 -0.6393
vn -0.4692 0.8365 0.2830
vn -0.0839 0.5835 0.8077
vn -0.5795 0.8043 0.1318
vn 0.6895 0.7034 0.1728
vn 0.6408 0.7658 0.0534
vn -0.4001 0.8545 0.3313
vn 0.7058 0.2249 0.6717
vn -0.2486 0.9275 -0.2791
vn 0.1419 0.6681 0.7304
vn 0.1864 0.9364 -0.2974
vn -0.1402 -0.9797 -0.1430
vn -0.1436 -0.9764 -0.1610
vn -0.1072 -0.9740 -0.1998
vn 0.0298 -0.9700 -0.2411
vn -0.1342 -0.9762 -0.1701
vn -0.1187 -0.9828 -0.1415
vn -0.1176 -0.9809 -0.1546
vn -0.1319 -0.9800 -0.1488
vn -0.1343 -0.9798 -0.1485
vn -0.1306 -0.9807 -0.1453
vn -0.1512 -0.9771 -0.1495
vn -0.1250 -0.9807 -0.1502
vn -0.1244 -0.9755 -0.1814
vn -0.1385 -0.9797 -0.1450
vn -0.1311 -0.9805 -0.1466
vn -0.1539 -0.9766 -0.1503
vn -0.1320 -0.9805 -0.1455
vn -0.1110 -0.9834 -0.1437
vn -0.1559 -0.9771 -0.1447
vn -0.1398 -0.9782 -0.1536
vn -0.1238 -0.9803 -0.1542
vn -0.1207 -0.9818 -0.1464
vn -0.1277 -0.9800 -0.1527
vn -0.1294 -0.9809 -0.1451
vn -0.1271 -0.9809 -0.1472
vn -0.1247 -0.9814 -0.1459
vn -0.1509 -0.9776 -0.1469
vn -0.1299 -0.9793 -0.1552
vn -0.1356 -0.9803 -0.1436
vn -0.1276 -0.9810 -0.1460
vn 0.7822 0.0587 0.6203
vn -0.0237 -0.0618 -0.9978
vn -0.0625 -0.1651 -0.9843
vn -0.1001 -0.0847 0.9914
vn 0.0640 -0.9610 0.2691
vn 0.9189 0.3916 -0.0467
vn -0.0235 -0.7422 0.6697
vn 0.9315 0.3316 0.1497
vn 0.9099 0.1201 -0.3971
vn 0.1143 -0.9887 -0.0967
vn -0.0293 -0.8514 -0.5237
vn 0.2389 -0.0585 0.9693
vn -0.1720 -0.4638 -0.8691
vn 0.0648 0.0167 -0.9978
vn 0.0065 -0.2317 0.9728
vn 0.4452 0.8528 -0.2729
vn 0.4993 0.8254 0.2636
vn 0.5013 0.8345 -0.2285
vn 0.4505 0.8520 0.2667
vn 0.0515 0.0768 0.9957
vn -0.2478 -0.6707 0.6991
vn 0.4368 -0.8995 -0.0096
vn 0.8004 -0.5826 -0.1412
vn 0.3396 -0.6677 0.6624
vn -0.0577 -0.9623 0.2658
vn 0.7527 -0.6450 -0.1320
vn -0.8704 0.0303 0.4914
vn 0.4983 -0.8670 0.0034
vn 0.2550 -0.9523 0.1676
vn 0.7146 -0.5900 0.3757
vn 0.4599 -0.8880 -0.0003
vn 0.5988 -0.7995 0.0481
vn 0.5746 -0.7698 0.2779
vn 0.3985 -0.9027 -0.1620
vn -0.1704 0.9824 0.0762
vn 0.5868 -0.7962 0.1473
vn -0.1679 0.9824 0.0817
vn 0.6929 -0.7071 -0.1410
vn 0.6306 -0.7000 0.3352
vn 0.0913 -0.9740 0.2073
vn 0.7492 -0.0722 0.6584
vn 0.8830 -0.0441 -0.4673
vn -0.0325 0.0346 -0.9989
vn -0.9628 0.0615 -0.2632
vn -0.7036 0.0239 0.7102
vn -0.4665 0.0594 -0.8825
vn -0.5464 0.0036 0.8375
vn 0.3223 -0.0527 0.9452
vn 0.9974 -0.0664 -0.0291
vn 0.2115 0.0178 -0.9772
vn -0.9951 0.0548 0.0826
vn 0.9675 -0.0733 0.2422
vn 0.5324 -0.8128 -0.2363
vn -0.1625 0.9835 0.0796
vn 0.4814 -0.8746 -0.0571
vn -0.1646 0.9836 0.0736
vn 0.3886 -0.9212 -0.0180
vn 0.2460 -0.9335 0.2610
vn 0.2146 -0.9643 0.1553
vn 0.9947 -0.1013 -0.0168
vn 0.7106 -0.0697 -0.7001
vn -0.7199 0.0760 -0.6899
vn 0.0036 0.0034 -1.0000
vn -0.7106 0.0697 0.7001
vn 0.7199 -0.0760 0.6899
vn -0.0036 -0.0034 1.0000
vn -0.9947 0.1013 0.0168
vn -0.9192 0.3918 0.0387
vn -0.9201 0.3898 0.0392
vn -0.0136 0.0558 0.9983
vn -0.0132 0.0538 0.9985
vn 0.7184 -0.2726 0.6400
vn 0.7185 -0.2720 0.6401
vn -0.6854 0.3234 0.6524
vn -0.6855 0.3205 0.6537
vn 0.0136 -0.0558 -0.9984
vn 0.0132 -0.0539 -0.9985
vn -0.7184 0.2726 -0.6400
vn -0.7185 0.2720 -0.6401
vn 0.6854 -0.3234 -0.6525
vn 0.6855 -0.3207 -0.6537
vn 0.9192 -0.3918 -0.0387
vn 0.9201 -0.3898 -0.0392
vn -0.9365 0.3489 0.0355
vn -0.0093 0.0306 0.9995
vn 0.7201 -0.2500 0.6472
vn -0.6939 0.2759 0.6651
vn 0.0093 -0.0306 -0.9995
vn -0.7201 0.2500 -0.6472
vn 0.6939 -0.2759 -0.6651
vn 0.9365 -0.3489 -0.0355
vn 0.9964 -0.0831 -0.0154
vn 0.7096 -0.0072 -0.7046
vn -0.0086 0.0755 -0.9971
vn 0.7219 -0.1122 0.6829
vn 0.7219 -0.1122 0.6828
vn 0.0086 -0.0755 0.9971
vn -0.9964 0.0831 0.0154
vn 0.9580 -0.1570 0.2398
vn 0.9775 -0.1235 0.1713
vn 0.9581 -0.1569 0.2398
vn -0.9870 0.1559 0.0384
vn -0.9016 0.1434 -0.4080
vn 0.2585 -0.0412 -0.9651
vn 0.2590 -0.0424 -0.9649
vn 0.9867 -0.1614 -0.0208
vn 0.9928 -0.1144 0.0347
vn 0.9866 -0.1616 -0.0207
vn 0.3219 -0.0539 0.9452
vn 0.3219 -0.0527 0.9453
vn -0.1000 0.0114 0.9949
vn -0.4679 0.0775 -0.8804
vn -0.7259 0.1178 0.6776
vn -0.9524 0.1561 -0.2617
vn -0.0299 0.0060 -0.9995
vn 0.9129 -0.1489 -0.3801
vn 0.9130 -0.1495 -0.3796
vn 0.7743 -0.1274 0.6198
vn 0.7743 -0.1268 0.6200
vn -0.7595 0.1156 0.6402
vn -0.1297 -0.9812 -0.1426
vn -0.1296 -0.9812 -0.1426
vn -0.7337 0.1115 0.6702
vn 0.7741 -0.1274 0.6201
vn 0.9129 -0.1489 -0.3800
vn -0.0298 0.0060 -0.9995
vn -0.7260 0.1178 0.6776
vn 0.0134 -0.0069 0.9999
vn 0.3222 -0.0539 0.9451
vn 0.2582 -0.0412 -0.9652
vn -0.8836 0.1407 -0.4467
vn -0.9873 0.1560 0.0292
vn 0.9580 -0.1570 0.2399
vn -0.0296 0.0048 -0.9996
vn -0.4679 0.0766 -0.8805
vn -0.7262 0.1190 0.6771
vn -0.2558 0.0377 0.9660
vn -0.9865 0.1560 0.0507
vn -0.7929 0.1218 0.5970
vn -0.9241 0.1466 -0.3530
vn -0.9525 0.1560 -0.2617
vn -0.5144 0.0795 0.8539
vn -0.9852 0.1557 0.0713
vn -0.8417 0.1296 0.5242
vn -0.9528 0.1504 -0.2638
vn -0.7096 0.0072 0.7046
vn -0.7219 0.1122 -0.6828
vn -0.0437 -0.6298 0.7755
vn -0.4462 -0.7729 -0.4511
vn -0.4367 -0.2224 0.8717
vn -0.1757 -0.2610 0.9492
vn -0.3729 0.6083 0.7006
vn -0.5115 -0.7936 0.3296
vn -0.3202 -0.8867 -0.3335
vn 0.0630 -0.9608 0.2700
vn -0.8038 -0.5430 0.2430
vn 0.0576 -0.8710 0.4879
vn -0.5965 -0.2006 0.7771
vn -0.2972 -0.8647 -0.4050
vn -0.8487 -0.2928 0.4404
vn 0.0643 0.9955 -0.0691
vn 0.4237 0.2538 -0.8695
vn 0.1404 0.9428 0.3023
vn 0.8271 0.5325 -0.1801
vn 0.0592 0.9197 -0.3881
vn 0.9445 0.2488 -0.2146
vn -0.4197 0.6005 0.6806
vn 0.4955 0.7346 0.4635
vn 0.1221 0.7167 0.6866
vn -0.6412 -0.7429 -0.1924
vn 0.7938 0.6020 0.0865
vn 0.5115 0.7936 -0.3296
vn 0.2627 0.3268 -0.9078
vn 0.4801 0.2428 -0.8429
vn -0.4501 0.5298 0.7188
vn -0.6521 -0.7002 -0.2906
vn 0.0974 0.3307 -0.9387
vn -0.1081 0.5439 -0.8322
vn 0.9672 -0.0774 0.2418
vn -0.4660 0.0636 -0.8825
vn 0.9971 -0.0699 -0.0295
vn -0.0320 0.0370 -0.9988
vn 0.2114 0.0191 -0.9772
vn 0.7499 -0.0763 0.6571
vn 0.8831 -0.0464 -0.4668
vn -0.9617 0.0685 -0.2654
vn -0.4737 -0.8405 -0.2630
vn 0.8892 0.3284 0.3185
vn 0.1467 -0.6509 -0.7448
vn -0.1136 0.7031 0.7020
vn -0.1518 -0.2775 -0.9486
vn 0.2644 -0.7681 -0.5832
vn -0.5531 -0.8329 -0.0175
vn 0.2332 -0.2641 -0.9359
vn 0.2826 0.0877 0.9552
vn 0.2772 0.7055 0.6523
vn 0.4599 -0.8880 -0.0002
vn 0.1832 0.2224 0.9576
vn -0.7335 -0.6749 -0.0812
vn 0.8737 -0.3909 -0.2894
vn 0.3951 -0.8909 0.2242
vn 0.3440 0.5497 0.7612
vn -0.3493 -0.5484 -0.7597
vn -0.6077 -0.6782 0.4132
vn 0.6010 -0.6249 0.4982
vn -0.9015 -0.3458 -0.2601
vn 0.4920 -0.7760 0.3946
vn 0.9452 0.2121 0.2481
vn 0.0792 -0.8479 -0.5243
vn 0.2051 -0.5868 0.7833
vn -0.9393 -0.3430 -0.0106
vn 0.9746 0.2239 0.0022
vn 0.6307 -0.6999 0.3350
vn 0.8551 0.0222 -0.5179
vn -0.7754 -0.1609 0.6106
vn 0.5116 -0.8314 0.2170
vn 0.7459 -0.5678 0.3480
vn 0.7444 -0.5169 0.4226
vn 0.2540 0.0224 -0.9669
vn -0.1996 -0.0756 0.9770
vn 0.0872 -0.9634 0.2536
vn 0.3065 -0.9306 0.2001
vn 0.1260 -0.7739 -0.6207
vn -0.2296 -0.7840 -0.5767
vn 0.2907 -0.9254 0.2433
vn 0.1035 -0.9495 0.2963
vn 0.8121 -0.3678 0.4530
vn 0.2254 -0.9727 -0.0556
vn 0.0073 0.0856 0.9963
vn -0.8920 -0.4427 -0.0914
vn 0.4369 -0.8995 -0.0096
vn 0.0978 -0.8360 0.5400
vn -0.8107 -0.4901 -0.3203
vn 0.7561 -0.4666 -0.4589
vn 0.9571 0.2896 -0.0129
vn -0.9607 0.0696 -0.2686
vn -0.4815 0.8765 -0.0000
vn -0.9900 -0.1370 -0.0323
vn -0.4297 0.2369 -0.8713
vn -0.9859 0.0698 -0.1522
vn -0.9289 0.2767 -0.2463
vn -0.9391 -0.0016 -0.3436
vn -0.9486 0.1237 -0.2912
vn 0.9606 0.2749 -0.0414
vn 0.9336 0.2795 0.2243
vn 0.9400 0.3051 0.1525
vn 0.5011 -0.0373 0.8646
vn -0.4437 -0.7860 0.4304
vn 0.9600 0.2737 -0.0593
vn 0.9621 0.2716 -0.0255
vn 0.9610 0.2745 -0.0334
vn 0.9542 0.2979 0.0267
vn -0.1812 -0.2213 0.9582
vn 0.9597 0.2803 -0.0218
vn 0.9573 0.2758 -0.0870
vn -0.1719 -0.4567 -0.8728
vn 0.9610 0.2690 -0.0646
vn 0.9607 0.2751 -0.0377
vn 0.4211 0.8413 0.3388
vn 0.9609 0.2744 -0.0365
vn 0.9370 0.3114 -0.1581
vn -0.4072 -0.8578 -0.3137
vn -0.4372 0.8728 -0.2171
vn -0.9209 0.2907 -0.2599
vn -0.9815 -0.0459 -0.1857
vn -0.9657 -0.2559 -0.0439
vn 0.3991 0.8029 -0.4429
vn -0.9741 -0.0956 -0.2047
vn -0.9427 -0.3214 -0.0893
vn -0.9488 -0.1572 -0.2740
vn -0.7476 0.4151 -0.5185
vn -0.3557 0.8477 -0.3935
vn -0.8402 0.4337 -0.3256
vn 0.2034 0.4594 0.8647
vn -0.8755 0.3150 -0.3664
vn -0.9299 0.1899 -0.3151
vn -0.9629 0.0377 -0.2673
vn -0.9542 0.0415 -0.2964
vn 0.1368 0.2228 -0.9652
vn -0.9358 0.0788 -0.3435
vn 0.1246 0.4541 -0.8822
vn 0.0065 0.2935 0.9559
vn 0.1701 0.9342 -0.3136
vn -0.1540 -0.8771 -0.4550
vn 0.1242 0.8835 0.4517
vn -0.0068 -0.2935 -0.9559
vn -0.1285 -0.4538 0.8818
vn -0.2033 -0.9294 0.3080
vn -0.0268 -0.9674 0.2518
vn -0.0419 -0.5346 0.8441
vn 0.0415 -0.2366 -0.9707
vn -0.0562 0.8723 0.4857
vn 0.0090 -0.8725 -0.4885
vn -0.0123 0.9672 -0.2536
vn -0.0578 0.2377 0.9696
vn 0.0383 0.5348 -0.8441
vn 0.2230 0.3456 -0.9115
vn 0.1413 0.3557 0.9239
vn 0.4397 0.8304 -0.3423
vn -0.4056 -0.8266 -0.3902
vn 0.4064 0.8257 0.3912
vn -0.1353 -0.3575 -0.9240
vn -0.2221 -0.3487 0.9105
vn -0.4429 -0.8267 0.3471
vn -0.0847 -0.9553 0.2831
vn -0.0681 -0.4974 0.8648
vn 0.0372 -0.2653 -0.9635
vn -0.0162 0.8850 0.4653
vn -0.0372 -0.8810 -0.4717
vn 0.0202 0.9567 -0.2904
vn -0.0385 0.2653 0.9634
vn 0.0545 0.4978 -0.8656
vn -0.3566 -0.8766 0.3231
vn -0.1936 -0.4034 0.8943
vn -0.0756 -0.3220 -0.9437
vn 0.3008 0.8526 0.4274
vn -0.3119 -0.8480 -0.4286
vn 0.3513 0.8781 -0.3248
vn 0.0792 0.3211 0.9437
vn 0.2038 0.4020 -0.8927
vn 0.0180 0.5662 -0.8241
vn -0.0597 0.2103 0.9758
vn -0.0143 0.9764 -0.2153
vn -0.1718 -0.8538 -0.4914
vn -0.0394 0.8589 0.5107
vn 0.0163 -0.2103 -0.9775
vn -0.2677 -0.5684 0.7780
vn -0.4295 -0.8848 0.1808
vn 0.1970 0.2863 -0.9377
vn 0.1827 0.3994 0.8984
vn 0.4403 0.8085 -0.3906
vn -0.4405 -0.8270 -0.3493
vn 0.4301 0.8260 0.3643
vn -0.1666 -0.3988 -0.9018
vn -0.2079 -0.2892 0.9344
vn -0.4682 -0.7943 0.3871
vn -0.1214 -0.9685 0.2174
vn -0.0095 -0.5935 0.8048
vn 0.1611 -0.1679 -0.9725
vn 0.1403 0.8599 0.4909
vn 0.0170 -0.8705 -0.4919
vn 0.1486 0.9696 -0.1945
vn 0.1313 0.2406 0.9617
vn 0.1690 0.5924 -0.7877
vn 0.2116 0.5478 -0.8094
vn 0.1137 0.2216 0.9685
vn 0.1885 0.9585 -0.2137
vn 0.1066 -0.8635 -0.4930
vn 0.1507 0.8500 0.5047
vn 0.1777 -0.2172 -0.9598
vn 0.0743 -0.5451 0.8351
vn 0.0609 -0.9689 0.2399
vn 0.2180 0.5081 -0.8333
vn 0.1267 0.2394 0.9626
vn 0.2073 0.9460 -0.2494
vn 0.0685 -0.8797 -0.4706
vn 0.1762 0.8552 0.4874
vn 0.1693 -0.2557 -0.9518
vn 0.0560 -0.5153 0.8552
vn 0.0169 -0.9617 0.2735
vn -0.0914 -0.9488 0.3025
vn 0.0011 -0.4804 0.8771
vn 0.1313 -0.2907 -0.9478
vn 0.2962 0.8278 0.4765
vn -0.0380 -0.8879 -0.4584
vn 0.3415 0.9030 -0.2607
vn 0.1630 0.2521 0.9539
vn 0.2844 0.4562 -0.8432
vn 0.3553 0.3995 -0.8450
vn 0.2206 0.2682 0.9378
vn 0.4959 0.8288 -0.2590
vn -0.2054 -0.8737 -0.4409
vn 0.4406 0.7753 0.4525
vn 0.0584 -0.3241 -0.9442
vn -0.0685 -0.4380 0.8963
vn -0.2535 -0.9123 0.3218
vn -0.3637 -0.8647 0.3464
vn -0.1109 -0.3896 0.9143
vn -0.0105 -0.3620 -0.9321
vn 0.5368 0.7300 0.4230
vn -0.3227 -0.8550 -0.4061
vn 0.5829 0.7675 -0.2667
vn 0.2735 0.2877 0.9178
vn 0.3816 0.3446 -0.8577
vn -0.4002 -0.8303 0.3879
vn -0.1014 -0.3350 0.9367
vn -0.0520 -0.4086 -0.9112
vn 0.5597 0.7291 0.3938
vn -0.3715 -0.8559 -0.3597
vn 0.5856 0.7525 -0.3014
vn 0.3116 0.3215 0.8942
vn 0.3564 0.2930 -0.8872
vn 0.3019 0.2400 -0.9226
vn 0.3379 0.3669 0.8667
vn 0.5620 0.7497 -0.3494
vn -0.3256 -0.8959 -0.3021
vn 0.5676 0.7299 0.3809
vn -0.0452 -0.4660 -0.8836
vn -0.0749 -0.2685 0.9604
vn -0.3667 -0.8148 0.4491
vn 0.8232 -0.3128 0.4738
vn -0.5907 -0.3527 0.7258
vn 0.7323 -0.4654 0.4972
vn -0.6827 0.2051 0.7013
vn 0.6245 -0.5151 0.5871
vn 0.3394 -0.3556 -0.8709
vn 0.8199 -0.5164 0.2470
vn 0.6856 -0.2011 -0.6996
vn 0.8166 -0.5227 0.2449
vn -0.3394 0.3556 0.8709
vn 0.9350 -0.2029 0.2907
vn 0.9404 -0.2088 0.2686
vn -0.9483 -0.2236 0.2251
vn -0.7042 0.2132 -0.6773
vn -0.3301 0.3512 0.8762
vn -0.8632 0.3546 -0.3594
vn 0.4925 0.8559 -0.1575
vn -0.8684 0.1490 -0.4729
vn -0.9354 0.2252 -0.2724
vn -0.9428 0.2029 -0.2644
vn -0.9391 0.2011 -0.2788
vn -0.5817 -0.3569 0.7309
vn -0.8171 0.5249 -0.2384
vn 0.8032 -0.3740 0.4637
vn 0.8032 -0.3741 0.4637
vn 0.5907 0.3527 -0.7258
vn 0.4960 0.8543 -0.1555
vn 0.1107 0.8555 0.5058
vn -0.1107 -0.8555 -0.5058
vn -0.8031 0.3741 -0.4637
vn -0.8032 0.3740 -0.4637
vn 0.1149 0.8535 0.5082
vn -0.1149 -0.8535 -0.5082
vn -0.4925 -0.8559 0.1575
vn 0.5817 0.3569 -0.7310
vn 0.8370 -0.3277 0.4382
vn 0.6207 -0.5229 0.5842
vn 0.8054 -0.4207 0.4176
vn 0.7580 -0.4099 0.5074
vn 0.7202 -0.2021 0.6637
vn 0.9304 -0.2419 0.2752
vn 0.8055 -0.3140 0.5026
vn 0.7025 -0.2444 0.6684
vn 0.6059 -0.5325 0.5910
vn 0.8128 -0.3389 0.4738
vn 0.8149 -0.2654 0.5153
vn 0.8524 -0.2689 0.4485
vn -0.6975 0.1959 -0.6893
vn -0.6069 0.5271 -0.5948
vn -0.6137 0.5347 -0.5809
vn -0.7037 0.1997 -0.6819
vn -0.8163 0.5238 -0.2434
vn -0.7398 0.4635 -0.4877
vn -0.7506 0.3509 -0.5598
vn -0.7289 0.5132 -0.4531
vn -0.7908 0.3730 -0.4854
vn -0.7373 0.3487 -0.5786
vn -0.7266 0.4639 -0.5068
vn -0.7888 0.2863 -0.5440
vn -0.8141 0.5347 -0.2267
vn -0.9274 -0.2560 0.2728
vn 0.1964 -0.9239 0.3285
vn -0.7005 -0.2552 0.6665
vn 0.8146 -0.5331 0.2285
vn -0.6622 -0.1773 0.7280
vn 0.1994 0.9238 0.3268
vn -0.6792 0.1750 0.7128
vn -0.6696 -0.2229 0.7084
vn -0.7648 -0.0052 0.6443
vn -0.9487 0.2058 0.2401
vn -0.9363 0.2149 0.2777
vn 0.7406 -0.0929 -0.6655
vn -0.1901 0.9239 -0.3321
vn 0.7904 -0.2586 -0.5553
vn 0.7102 -0.2049 -0.6735
vn 0.6844 0.2027 -0.7003
vn 0.6853 -0.1742 -0.7071
vn -0.4494 0.3826 -0.8072
vn 0.6837 0.1741 -0.7087
vn -0.5967 0.5402 -0.5935
vn 0.9211 0.1491 -0.3597
vn 0.9487 -0.1993 -0.2454
vn 0.9545 -0.1733 -0.2426
vn 0.1805 0.9238 0.3376
vn 0.8049 -0.1036 -0.5843
vn 0.9173 -0.1338 -0.3751
vn 0.7987 0.1126 -0.5911
vn 0.4494 -0.3826 0.8072
vn 0.4454 0.3826 0.8095
vn 0.1908 -0.9233 0.3334
vn -0.4454 -0.3826 -0.8095
vn -0.8968 0.0700 0.4369
vn -0.7988 -0.1124 0.5910
vn -0.7950 0.1179 0.5951
vn -0.8960 -0.0680 0.4388
vn 0.4771 -0.3826 0.7912
vn -0.4783 -0.3826 -0.7905
vn -0.1993 -0.9238 -0.3268
vn 0.4783 0.3826 0.7905
vn -0.0435 -0.7411 -0.6700
vn -0.0485 -0.6621 -0.7478
vn -0.1477 -0.6527 -0.7430
vn -0.8958 -0.3812 -0.2285
vn -0.6897 -0.7024 -0.1759
vn -0.5330 -0.7443 -0.4024
vn -0.6113 -0.7890 -0.0624
vn -0.5613 -0.8256 -0.0573
vn -0.5518 -0.8245 -0.1253
vn -0.5664 -0.8232 0.0394
vn -0.6279 -0.7771 0.0437
vn -0.6211 -0.7735 0.1263
vn -0.2573 -0.5621 0.7861
vn -0.2003 -0.7652 0.6119
vn -0.3872 -0.7898 0.4757
vn -0.0582 -0.8200 0.5695
vn -0.0536 -0.8497 0.5245
vn -0.1172 -0.8484 0.5162
vn 0.0536 -0.8497 0.5245
vn 0.0582 -0.8200 0.5695
vn 0.1244 -0.8273 0.5479
vn 0.5945 -0.8018 -0.0607
vn 0.6488 -0.7581 -0.0663
vn 0.6219 -0.7702 -0.1412
vn 0.7317 -0.6556 -0.1866
vn 0.9297 -0.2818 -0.2371
vn 0.6993 -0.4818 -0.5280
vn 0.0462 -0.6599 -0.7499
vn 0.0413 -0.7406 -0.6706
vn 0.1303 -0.7330 -0.6676
vn 0.7398 -0.1621 -0.6531
vn 0.7030 -0.2094 0.6796
vn 0.1856 -0.7590 0.6241
vn 0.3844 -0.7852 0.4854
vn 0.4664 -0.6601 0.5888
vn 0.6669 -0.7437 0.0464
vn 0.6590 -0.7401 0.1341
vn 0.5955 -0.7942 0.1211
vn -0.7677 0.1976 0.6096
vn -0.9280 0.2876 0.2368
vn -0.7755 0.3625 0.5168
vn -0.9570 0.1756 0.2309
vn -0.8405 0.4201 0.3422
vn -0.8208 -0.1528 0.5504
vn -0.8248 -0.2732 0.4950
vn -0.9617 -0.1779 0.2083
vn -0.8930 -0.2514 0.3733
vn -0.7093 0.2144 0.6715
vn -0.9754 0.1208 0.1844
vn -0.9675 -0.0535 0.2470
vn 0.9105 -0.0539 -0.4100
vn 0.9487 0.2009 -0.2441
vn 0.9289 0.0004 -0.3702
vn 0.8887 -0.0817 -0.4512
vn 0.1907 -0.9239 0.3318
vn 0.9551 0.1732 -0.2404
vn 0.8001 -0.0072 -0.5999
vn 0.8646 0.1554 -0.4779
vn 0.7786 0.0246 -0.6271
vn 0.9374 0.2065 -0.2804
vn 0.8385 0.1408 -0.5264
vn 0.7103 0.2089 -0.6722
vn 0.8587 0.0367 -0.5112
vn 0.1664 -0.9830 -0.0780
vt 0.000000 1.000000
vt 0.027778 1.000000
vt 0.027778 0.875000
vt 0.000000 0.875000
vt 0.000000 0.125000
vt 0.027778 0.125000
vt 0.027778 0.000000
vt 0.000000 0.000000
vt 0.000000 0.250000
vt 0.027778 0.250000
vt 0.000000 0.375000
vt 0.027778 0.375000
vt 0.000000 0.500000
vt 0.027778 0.500000
vt 0.000000 0.625000
vt 0.027778 0.625000
vt 0.000000 0.750000
vt 0.027778 0.750000
vt 0.055556 1.000000
vt 0.055556 0.875000
vt 0.055556 0.125000
vt 0.055556 0.000000
vt 0.055556 0.250000
vt 0.055556 0.375000
vt 0.055556 0.500000
vt 0.055556 0.625000
vt 0.055556 0.750000
vt 0.083333 1.000000
vt 0.083333 0.875000
vt 0.083333 0.125000
vt 0.083333 0.000000
vt 0.083333 0.250000
vt 0.083333 0.375000
vt 0.083333 0.500000
vt 0.083333 0.625000
vt 0.083333 0.750000
vt 0.111111 1.000000
vt 0.111111 0.875000
vt 0.111111 0.125000
vt 0.111111 0.000000
vt 0.111111 0.250000
vt 0.111111 0.375000
vt 0.111111 0.500000
vt 0.111111 0.625000
vt 0.111111 0.750000
vt 0.138889 1.000000
vt 0.138889 0.875000
vt 0.138889 0.125000
vt 0.138889 0.000000
vt 0.138889 0.250000
vt 0.138889 0.375000
vt 0.138889 0.500000
vt 0.138889 0.625000
vt 0.138889 0.750000
vt 0.166667 1.000000
vt 0.166667 0.875000
vt 0.166667 0.125000
vt 0.166667 0.000000
vt 0.166667 0.250000
vt 0.166667 0.375000
vt 0.166667 0.500000
vt 0.166667 0.625000
vt 0.166667 0.750000
vt 0.194444 1.000000
vt 0.194444 0.875000
vt 0.194444 0.125000
vt 0.194444 0.000000
vt 0.194444 0.250000
vt 0.194444 0.375000
vt 0.194444 0.500000
vt 0.194444 0.625000
vt 0.194444 0.750000
vt 0.222222 1.000000
vt 0.222222 0.875000
vt 0.222222 0.125000
vt 0.222222 0.000000
vt 0.222222 0.250000
vt 0.222222 0.375000
vt 0.222222 0.500000
vt 0.222222 0.625000
vt 0.222222 0.750000
vt 0.250000 1.000000
vt 0.250000 0.875000
vt 0.250000 0.125000
vt 0.250000 0.000000
vt 0.250000 0.250000
vt 0.250000 0.375000
vt 0.250000 0.500000
vt 0.250000 0.625000
vt 0.250000 0.750000
vt 0.277778 1.000000
vt 0.277778 0.875000
vt 0.277778 0.125000
vt 0.277778 0.000000
vt 0.277778 0.250000
vt 0.277778 0.375000
vt 0.277778 0.500000
vt 0.277778 0.625000
vt 0.277778 0.750000
vt 0.305556 1.000000
vt 0.305556 0.875000
vt 0.305556 0.125000
vt 0.305556 0.000000
vt 0.305556 0.250000
vt 0.305556 0.375000
vt 0.305556 0.500000
vt 0.305556 0.625000
vt 0.305556 0.750000
vt 0.333333 1.000000
vt 0.333333 0.875000
vt 0.333333 0.125000
vt 0.333333 0.000000
vt 0.333333 0.250000
vt 0.333333 0.375000
vt 0.333333 0.500000
vt 0.333333 0.625000
vt 0.333333 0.750000
vt 0.361111 1.000000
vt 0.361111 0.875000
vt 0.361111 0.125000
vt 0.361111 0.000000
vt 0.361111 0.250000
vt 0.361111 0.375000
vt 0.361111 0.500000
vt 0.361111 0.625000
vt 0.361111 0.750000
vt 0.388889 1.000000
vt 0.388889 0.875000
vt 0.388889 0.125000
vt 0.388889 0.000000
vt 0.388889 0.250000
vt 0.388889 0.375000
vt 0.388889 0.500000
vt 0.388889 0.625000
vt 0.388889 0.750000
vt 0.416667 1.000000
vt 0.416667 0.875000
vt 0.416667 0.125000
vt 0.416667 0.000000
vt 0.416667 0.250000
vt 0.416667 0.375000
vt 0.416667 0.500000
vt 0.416667 0.625000
vt 0.416667 0.750000
vt 0.444444 1.000000
vt 0.444444 0.875000
vt 0.444444 0.125000
vt 0.444444 0.000000
vt 0.444444 0.250000
vt 0.444444 0.375000
vt 0.444444 0.500000
vt 0.444444 0.625000
vt 0.444444 0.750000
vt 0.472222 1.000000
vt 0.472222 0.875000
vt 0.472222 0.125000
vt 0.472222 0.000000
vt 0.472222 0.250000
vt 0.472222 0.375000
vt 0.472222 0.500000
vt 0.472222 0.625000
vt 0.472222 0.750000
vt 0.500000 1.000000
vt 0.500000 0.875000
vt 0.500000 0.125000
vt 0.500000 0.000000
vt 0.500000 0.250000
vt 0.500000 0.375000
vt 0.500000 0.500000
vt 0.500000 0.625000
vt 0.500000 0.750000
vt 0.527778 1.000000
vt 0.527778 0.875000
vt 0.527778 0.125000
vt 0.527778 0.000000
vt 0.527778 0.250000
vt 0.527778 0.375000
vt 0.527778 0.500000
vt 0.527778 0.625000
vt 0.527778 0.750000
vt 0.555556 1.000000
vt 0.555556 0.875000
vt 0.555556 0.125000
vt 0.555556 0.000000
vt 0.555556 0.250000
vt 0.555556 0.375000
vt 0.555556 0.500000
vt 0.555556 0.625000
vt 0.555556 0.750000
vt 0.583333 1.000000
vt 0.583333 0.875000
vt 0.583333 0.125000
vt 0.583333 0.000000
vt 0.583333 0.250000
vt 0.583333 0.375000
vt 0.583333 0.500000
vt 0.583333 0.625000
vt 0.583333 0.750000
vt 0.611111 1.000000
vt 0.611111 0.875000
vt 0.611111 0.125000
vt 0.611111 0.000000
vt 0.611111 0.250000
vt 0.611111 0.375000
vt 0.611111 0.500000
vt 0.611111 0.625000
vt 0.611111 0.750000
vt 0.638889 1.000000
vt 0.638889 0.875000
vt 0.638889 0.125000
vt 0.638889 0.000000
vt 0.638889 0.250000
vt 0.638889 0.375000
vt 0.638889 0.500000
vt 0.638889 0.625000
vt 0.638889 0.750000
vt 0.666667 1.000000
vt 0.666667 0.875000
vt 0.666667 0.125000
vt 0.666667 0.000000
vt 0.666667 0.250000
vt 0.666667 0.375000
vt 0.666667 0.500000
vt 0.666667 0.625000
vt 0.666667 0.750000
vt 0.694444 1.000000
vt 0.694444 0.875000
vt 0.694444 0.125000
vt 0.694444 0.000000
vt 0.694444 0.250000
vt 0.694444 0.375000
vt 0.694444 0.500000
vt 0.694444 0.625000
vt 0.694444 0.750000
vt 0.722222 1.000000
vt 0.722222 0.875000
vt 0.722222 0.125000
vt 0.722222 0.000000
vt 0.722222 0.250000
vt 0.722222 0.375000
vt 0.722222 0.500000
vt 0.722222 0.625000
vt 0.722222 0.750000
vt 0.750000 1.000000
vt 0.750000 0.875000
vt 0.750000 0.125000
vt 0.750000 0.000000
vt 0.750000 0.250000
vt 0.750000 0.375000
vt 0.750000 0.500000
vt 0.750000 0.625000
vt 0.750000 0.750000
vt 0.777778 1.000000
vt 0.777778 0.875000
vt 0.777778 0.125000
vt 0.777778 0.000000
vt 0.777778 0.250000
vt 0.777778 0.375000
vt 0.777778 0.500000
vt 0.777778 0.625000
vt 0.777778 0.750000
vt 0.805556 1.000000
vt 0.805556 0.875000
vt 0.805556 0.125000
vt 0.805556 0.000000
vt 0.805556 0.250000
vt 0.805556 0.375000
vt 0.805556 0.500000
vt 0.805556 0.625000
vt 0.805556 0.750000
vt 0.833333 1.000000
vt 0.833333 0.875000
vt 0.833333 0.125000
vt 0.833333 0.000000
vt 0.833333 0.250000
vt 0.833333 0.375000
vt 0.833333 0.500000
vt 0.833333 0.625000
vt 0.833333 0.750000
vt 0.861111 1.000000
vt 0.861111 0.875000
vt 0.861111 0.125000
vt 0.861111 0.000000
vt 0.861111 0.250000
vt 0.861111 0.375000
vt 0.861111 0.500000
vt 0.861111 0.625000
vt 0.861111 0.750000
vt 0.888889 1.000000
vt 0.888889 0.875000
vt 0.888889 0.125000
vt 0.888889 0.000000
vt 0.888889 0.250000
vt 0.888889 0.375000
vt 0.888889 0.500000
vt 0.888889 0.625000
vt 0.888889 0.750000
vt 0.916667 1.000000
vt 0.916667 0.875000
vt 0.916667 0.125000
vt 0.916667 0.000000
vt 0.916667 0.250000
vt 0.916667 0.375000
vt 0.916667 0.500000
vt 0.916667 0.625000
vt 0.916667 0.750000
vt 0.944444 1.000000
vt 0.944444 0.875000
vt 0.944444 0.125000
vt 0.944444 0.000000
vt 0.944444 0.250000
vt 0.944444 0.375000
vt 0.944444 0.500000
vt 0.944444 0.625000
vt 0.944444 0.750000
vt 0.972222 1.000000
vt 0.972222 0.875000
vt 0.972222 0.125000
vt 0.972222 0.000000
vt 0.969491 0.211574
vt 0.972222 0.375000
vt 0.972222 0.500000
vt 0.972222 0.625000
vt 0.972222 0.750000
vt 1.000000 1.000000
vt 1.000000 0.875000
vt 1.000000 0.125000
vt 1.000000 0.000000
vt 1.000000 0.250000
vt 1.000000 0.375000
vt 1.000000 0.500000
vt 1.000000 0.625000
vt 1.000000 0.750000
vt 0.770027 0.738576
vt 0.770027 0.738576
vt 0.715430 0.707877
vt 0.715430 0.707877
vt 0.653819 0.515215
vt 0.653865 0.514243
vt 0.668315 0.521917
vt 0.670515 0.526151
vt 0.870850 0.715707
vt 0.870850 0.715707
vt 0.854987 0.740829
vt 0.771503 0.737333
vt 0.702843 0.539276
vt 0.739312 0.500000
vt 0.833016 0.726726
vt 0.833652 0.727343
vt 0.823910 0.725027
vt 0.823395 0.724528
vt 0.677167 0.661408
vt 0.666423 0.645713
vt 0.664630 0.609202
vt 0.674950 0.616323
vt 0.843156 0.732186
vt 0.844232 0.733230
vt 0.834288 0.727961
vt 0.700966 0.537499
vt 0.702843 0.539276
vt 0.739312 0.500000
vt 0.741189 0.502189
vt 0.741189 0.502189
vt 0.708408 0.688109
vt 0.708408 0.688109
vt 0.625000 0.658936
vt 0.625000 0.658936
vt 0.625000 0.628072
vt 0.770463 0.536347
vt 0.770463 0.536347
vt 0.781903 0.537393
vt 0.781792 0.537461
vt 0.697837 0.693928
vt 0.698734 0.694237
vt 0.816149 0.540577
vt 0.816518 0.540349
vt 0.827109 0.533342
vt 0.826490 0.533724
vt 0.662669 0.710325
vt 0.662669 0.710325
vt 0.652398 0.706973
vt 0.835746 0.520740
vt 0.835746 0.520740
vt 0.853840 0.500000
vt 0.853840 0.500000
vt 0.628388 0.560750
vt 0.875000 0.630606
vt 0.625000 0.525842
vt 0.625000 0.525842
vt 0.869642 0.686980
vt 0.644497 0.500000
vt 0.644498 0.500000
vt 0.653911 0.513271
vt 0.776480 0.581743
vt 0.780654 0.613229
vt 0.788515 0.672536
vt 0.794532 0.717932
vt 0.771503 0.737333
vt 0.794532 0.717932
vt 0.794532 0.717932
vt 0.782497 0.627140
vt 0.776480 0.581743
vt 0.809841 0.585875
vt 0.820961 0.587252
vt 0.805004 0.539349
vt 0.825403 0.634155
vt 0.829845 0.681058
vt 0.818659 0.678318
vt 0.828707 0.680246
vt 0.815780 0.540804
vt 0.825871 0.534106
vt 0.842080 0.731143
vt 0.824398 0.633765
vt 0.820089 0.587285
vt 0.706548 0.650456
vt 0.704687 0.612804
vt 0.702826 0.575151
vt 0.672732 0.571237
vt 0.663651 0.589278
vt 0.662669 0.710325
vt 0.644166 0.500439
vt 0.671996 0.658410
vt 0.660479 0.661061
vt 0.674104 0.704771
vt 0.658290 0.611798
vt 0.656100 0.562534
vt 0.692795 0.573847
vt 0.682764 0.572542
vt 0.680665 0.529934
vt 0.690816 0.533716
vt 0.694775 0.613977
vt 0.689059 0.700366
vt 0.686961 0.657758
vt 0.696754 0.654107
vt 0.679384 0.706494
vt 0.667782 0.565688
vt 0.669889 0.612049
vt 0.824349 0.725453
vt 0.819513 0.678927
vt 0.695030 0.653108
vt 0.683513 0.655759
vt 0.685538 0.699217
vt 0.696973 0.693663
vt 0.787600 0.583121
vt 0.798720 0.584498
vt 0.793491 0.538348
vt 0.781977 0.537348
vt 0.693088 0.612552
vt 0.689202 0.531442
vt 0.677438 0.525385
vt 0.679463 0.568843
vt 0.691145 0.571997
vt 0.665675 0.519328
vt 0.804451 0.539690
vt 0.809187 0.585899
vt 0.814677 0.632401
vt 0.814410 0.722946
vt 0.809180 0.676797
vt 0.798563 0.674463
vt 0.808611 0.676391
vt 0.813774 0.722329
vt 0.804153 0.720131
vt 0.804471 0.720439
vt 0.798847 0.674666
vt 0.793224 0.628893
vt 0.813923 0.632109
vt 0.793121 0.538576
vt 0.798285 0.584514
vt 0.787382 0.583129
vt 0.792973 0.628796
vt 0.457911 0.810969
vt 0.461662 0.810969
vt 0.461662 0.935430
vt 0.457911 0.935430
vt 0.589073 0.875000
vt 0.625000 0.875000
vt 0.625000 1.000000
vt 0.571992 1.000000
vt 0.375000 0.375000
vt 0.375000 0.426392
vt 0.375000 0.419934
vt 0.750000 0.687500
vt 0.875000 0.687500
vt 0.875000 0.750000
vt 0.750000 0.750000
vt 0.457911 0.718750
vt 0.461662 0.718750
vt 0.461662 0.738229
vt 0.457911 0.738229
vt 0.457911 0.375000
vt 0.461662 0.375000
vt 0.461662 0.500000
vt 0.457911 0.500000
vt 0.400390 0.375000
vt 0.425780 0.375000
vt 0.425780 0.500000
vt 0.400390 0.467878
vt 0.400390 0.746504
vt 0.425780 0.718750
vt 0.425780 0.738229
vt 0.400390 0.787904
vt 0.400390 0.842984
vt 0.425780 0.810969
vt 0.425780 0.935430
vt 0.400390 0.967715
vt 0.497781 0.846372
vt 0.553770 0.875000
vt 0.595766 0.947285
vt 0.501479 0.965554
vt 0.486842 0.721970
vt 0.517060 0.725834
vt 0.522949 0.749872
vt 0.486538 0.742955
vt 0.497199 0.375000
vt 0.525936 0.375000
vt 0.532887 0.500000
vt 0.486715 0.500000
vt 0.125000 0.718750
vt 0.125000 0.750000
vt 0.125000 0.718750
vt 0.875000 0.562500
vt 0.875000 0.500000
vt 0.062500 0.375000
vt 0.375000 1.000000
vt 0.464818 0.938984
vt 0.696992 0.875000
vt 0.437500 0.375000
vt 0.198626 0.170251
vt 0.375000 0.767892
vt 0.375000 0.826843
vt 0.375000 0.823621
vt 0.375000 0.770093
vt 0.125000 0.505655
vt 0.125000 0.481335
vt 0.125000 0.499579
vt 0.125000 0.509976
vt 0.375000 0.769186
vt 0.375000 0.833132
vt 0.375000 0.830065
vt 0.375000 0.765690
vt 0.375000 0.875000
vt 0.375000 0.914328
vt 0.375000 0.904926
vt 0.375000 0.875000
vt 0.375000 0.875000
vt 0.375000 0.904926
vt 0.375000 0.904927
vt 0.375000 0.875000
vt 0.125000 0.510064
vt 0.125000 0.499710
vt 0.125000 0.499841
vt 0.125000 0.510152
vt 0.375000 0.904926
vt 0.375000 0.375000
vt 0.375000 0.423157
vt 0.375000 0.426379
vt 0.375000 0.375000
vt 0.331572 0.459524
vt 0.331571 0.790475
vt 0.351858 0.756970
vt 0.220073 0.500000
vt 0.188862 0.510259
vt 0.125000 0.715925
vt 0.125000 0.625000
vt 0.159677 0.715867
vt 0.375000 0.544485
vt 0.375000 0.625000
vt 0.345336 0.562500
vt 0.125000 0.715973
vt 0.375000 0.549952
vt 0.375000 0.625000
vt 0.375000 0.541299
vt 0.125000 0.712722
vt 0.125000 0.625000
vt 0.125000 0.625000
vt 0.125000 0.716021
vt 0.375000 0.542892
vt 0.875000 0.625000
vt 0.125000 0.562500
vt 0.485003 0.559600
vt 0.503878 0.557256
vt 0.503756 0.574437
vt 0.503389 0.625979
vt 0.484733 0.625541
vt 0.400390 0.562500
vt 0.425780 0.562500
vt 0.425780 0.625000
vt 0.400390 0.625000
vt 0.457911 0.562500
vt 0.461662 0.562500
vt 0.461662 0.625000
vt 0.457911 0.625000
vt 0.750000 0.562500
vt 0.750000 0.625000
vt 0.750000 0.609375
vt 0.750000 0.593750
vt 0.125000 0.748347
vt 0.125000 0.740024
vt 0.125000 0.739936
vt 0.125000 0.739848
vt 0.188862 0.739741
vt 0.375000 0.705515
vt 0.369508 0.703986
vt 0.375000 0.700048
vt 0.375000 0.708701
vt 0.375000 0.707108
vt 0.125000 0.687500
vt 0.511803 0.701668
vt 0.489385 0.695333
vt 0.425780 0.687500
vt 0.400390 0.687500
vt 0.461662 0.687500
vt 0.457911 0.687500
vt 0.750000 0.656250
vt 0.750000 0.640625
vt 0.457911 0.531250
vt 0.461662 0.531250
vt 0.400390 0.509692
vt 0.425780 0.531250
vt 0.485489 0.530149
vt 0.518382 0.528628
vt 0.511130 0.542942
vt 0.507504 0.550099
vt 0.125000 0.531250
vt 0.375000 0.475660
vt 0.375000 0.479907
vt 0.375000 0.478237
vt 0.375000 0.471414
vt 0.308392 0.531250
vt 0.125000 0.534075
vt 0.159677 0.534133
vt 0.125000 0.534027
vt 0.125000 0.538322
vt 0.125000 0.533979
vt 0.125000 0.500000
vt 0.457911 0.250000
vt 0.425780 0.250000
vt 0.626878 0.607531
vt 0.688439 0.624078
vt 0.626725 0.648409
vt 0.275390 0.375000
vt 0.062500 0.250000
vt 0.464818 0.250000
vt 0.461662 0.250000
vt 0.571992 0.250000
vt 0.518985 0.250000
vt 0.625000 0.250000
vt 0.575468 0.375000
vt 0.304316 0.542381
vt 0.322144 0.577948
vt 0.338386 0.626961
vt 0.337179 0.682866
vt 0.323084 0.724247
vt 0.297924 0.741802
vt 0.261127 0.735071
vt 0.233398 0.727691
vt 0.209810 0.715366
vt 0.187692 0.686590
vt 0.173342 0.628043
vt 0.187441 0.568289
vt 0.210184 0.538193
vt 0.234828 0.525143
vt 0.262313 0.518187
vt 0.292158 0.516328
vt 0.375000 0.345074
vt 0.375000 0.345073
vt 0.375000 0.345073
vt 0.493356 0.250000
vt 0.400390 0.250000
vt 0.375000 0.335672
vt 0.625000 0.375000
vt 0.125000 0.750159
vt 0.220073 0.750000
vt 0.125000 0.750290
vt 0.125000 0.778549
vt 0.125000 0.750422
vt 0.375000 0.687500
vt 0.375000 0.774258
vt 0.375000 0.772683
vt 0.375000 0.691396
vt 0.125000 0.756669
vt 0.125000 0.806677
vt 0.375000 0.250000
vt 0.375000 0.326271
vt 0.375000 0.837579
vt 0.375000 0.875000
vt 0.375000 0.836199
vt 0.125000 0.501333
vt 0.125000 0.542664
vt 0.375000 0.435756
vt 0.375000 0.488133
vt 0.375000 0.485061
vt 0.375000 0.432849
vt 0.375000 0.562500
vt 0.375000 0.558604
vt 0.125000 0.709424
vt 0.375000 0.923729
vt 0.125000 0.463091
vt 0.457911 0.810969
vt 0.457911 0.935430
vt 0.578943 0.500000
vt 0.625000 0.500000
vt 0.625000 0.687500
vt 0.625000 0.700933
vt 0.625000 0.737386
vt 0.625000 0.743693
vt 0.625000 0.750000
vt 0.607037 0.875000
vt 0.375000 0.421004
vt 0.457911 0.718750
vt 0.457911 0.738229
vt 0.400390 0.375000
vt 0.400390 0.467878
vt 0.400390 0.746504
vt 0.400390 0.787904
vt 0.400390 0.842984
vt 0.400390 0.967715
vt 0.497781 0.846372
vt 0.501165 0.965868
vt 0.592792 0.950258
vt 0.553770 0.875000
vt 0.486842 0.721970
vt 0.486538 0.742955
vt 0.497199 0.375000
vt 0.486715 0.500000
vt 0.464818 0.938984
vt 0.571912 0.511877
vt 0.625000 0.525757
vt 0.565517 0.747199
vt 0.566483 0.744463
vt 0.524309 0.749595
vt 0.523629 0.749734
vt 0.375000 0.768150
vt 0.375000 0.826464
vt 0.125000 0.509260
vt 0.125000 0.496557
vt 0.375000 0.766269
vt 0.375000 0.830573
vt 0.125000 0.510074
vt 0.125000 0.499725
vt 0.375000 0.423535
vt 0.125000 0.715967
vt 0.375000 0.542732
vt 0.125000 0.715474
vt 0.125000 0.625000
vt 0.375000 0.543079
vt 0.375000 0.625000
vt 0.557902 0.699413
vt 0.518985 0.614519
vt 0.485003 0.559601
vt 0.484733 0.625541
vt 0.400390 0.562500
vt 0.400390 0.625000
vt 0.457911 0.562500
vt 0.625000 0.562500
vt 0.625000 0.625000
vt 0.625000 0.625000
vt 0.523633 0.715024
vt 0.125000 0.741402
vt 0.125000 0.739926
vt 0.375000 0.707268
vt 0.375000 0.706921
vt 0.489385 0.695333
vt 0.400390 0.687500
vt 0.457911 0.531250
vt 0.400390 0.509692
vt 0.485489 0.530149
vt 0.375000 0.476159
vt 0.375000 0.472544
vt 0.125000 0.534033
vt 0.125000 0.534698
vt 0.518985 0.556435
vt 0.457911 0.500000
vt 0.518985 0.528281
vt 0.457911 0.250000
vt 0.616203 0.744179
vt 0.616828 0.738358
vt 0.608657 0.739330
vt 0.607405 0.744665
vt 0.571422 0.875000
vt 0.567987 0.812468
vt 0.597613 0.812500
vt 0.184786 0.565827
vt 0.169613 0.627779
vt 0.185008 0.688588
vt 0.207872 0.717529
vt 0.232109 0.729706
vt 0.260839 0.737162
vt 0.300212 0.745404
vt 0.325762 0.727150
vt 0.340064 0.684569
vt 0.341407 0.626943
vt 0.324200 0.576842
vt 0.305539 0.540687
vt 0.294334 0.512545
vt 0.261955 0.515762
vt 0.233429 0.522871
vt 0.208229 0.535702
vt 0.375000 0.345073
vt 0.493356 0.250000
vt 0.538360 0.812436
vt 0.687500 0.750000
vt 0.375000 0.343517
vt 0.611307 0.812500
vt 0.625000 0.812500
vt 0.125000 0.750275
vt 0.125000 0.755080
vt 0.708333 0.687500
vt 0.708333 0.750000
vt 0.666667 0.687500
vt 0.729167 0.937500
vt 0.708333 0.875000
vt 0.708333 0.312500
vt 0.708333 0.375000
vt 0.666667 0.312500
vt 0.708333 0.562500
vt 0.708333 0.500000
vt 0.708333 0.812500
vt 0.666667 0.812500
vt 0.708333 0.187500
vt 0.708333 0.250000
vt 0.666667 0.187500
vt 0.750000 0.437500
vt 0.708333 0.437500
vt 0.625000 0.312500
vt 0.625000 0.573642
vt 0.583333 0.574461
vt 0.583333 0.562500
vt 0.583333 0.812500
vt 0.625000 0.187500
vt 0.583333 0.187500
vt 0.583333 0.437500
vt 0.625000 0.437500
vt 0.625000 0.687500
vt 0.645833 0.937500
vt 0.541667 0.187500
vt 0.541667 0.250000
vt 0.500000 0.187500
vt 0.583333 0.424238
vt 0.541667 0.425101
vt 0.541667 0.375000
vt 0.583333 0.687500
vt 0.541667 0.687500
vt 0.541667 0.625000
vt 0.562500 0.937500
vt 0.541667 0.875000
vt 0.583333 0.312500
vt 0.541667 0.312500
vt 0.541667 0.812500
vt 0.500000 0.812500
vt 0.458333 0.437500
vt 0.458333 0.452800
vt 0.416667 0.456191
vt 0.416667 0.437500
vt 0.458333 0.687500
vt 0.458333 0.750000
vt 0.416667 0.687500
vt 0.479167 0.937500
vt 0.458333 0.875000
vt 0.375000 0.312500
vt 0.416667 0.312500
vt 0.500000 0.562500
vt 0.458333 0.562500
vt 0.458333 0.500000
vt 0.458333 0.812500
vt 0.416667 0.812500
vt 0.500000 0.125000
vt 0.458390 0.187754
vt 0.458333 0.125000
vt 0.363969 0.375000
vt 0.365153 0.312500
vt 0.416667 0.562500
vt 0.375000 0.562500
vt 0.375000 0.500000
vt 0.375000 0.812500
vt 0.333333 0.875000
vt 0.333333 0.812500
vt 0.416667 0.125000
vt 0.416667 0.187500
vt 0.377885 0.185078
vt 0.375000 0.125000
vt 0.375000 0.437500
vt 0.375000 0.455625
vt 0.364006 0.437500
vt 0.375000 0.687500
vt 0.375000 0.750000
vt 0.333333 0.750000
vt 0.333333 0.687500
vt 0.395833 0.937500
vt 0.291667 0.562500
vt 0.291667 0.625000
vt 0.250000 0.562500
vt 0.291667 0.812500
vt 0.291667 0.875000
vt 0.250000 0.812500
vt 0.291667 0.187500
vt 0.291667 0.250000
vt 0.250000 0.187500
vt 0.333333 0.375000
vt 0.333333 0.437500
vt 0.291667 0.437500
vt 0.291667 0.375000
vt 0.291667 0.687500
vt 0.291667 0.750000
vt 0.250000 0.687500
vt 0.312500 0.937500
vt 0.333333 0.250000
vt 0.333333 0.312500
vt 0.291667 0.312500
vt 0.208333 0.187500
vt 0.208333 0.250000
vt 0.166667 0.250000
vt 0.166667 0.187500
vt 0.250000 0.437500
vt 0.208333 0.437500
vt 0.208333 0.375000
vt 0.208333 0.687500
vt 0.208333 0.750000
vt 0.166667 0.750000
vt 0.166667 0.687500
vt 0.229167 0.937500
vt 0.208333 0.875000
vt 0.208333 0.312500
vt 0.166667 0.375000
vt 0.166667 0.312500
vt 0.208333 0.562500
vt 0.208333 0.500000
vt 0.208333 0.812500
vt 0.166667 0.875000
vt 0.166667 0.812500
vt 0.166667 0.625000
vt 0.125000 0.687500
vt 0.125000 0.625000
vt 0.145833 0.937500
vt 0.125000 0.875000
vt 0.125000 0.312500
vt 0.125000 0.250000
vt 0.125000 0.562500
vt 0.125000 0.572156
vt 0.083333 0.574427
vt 0.083333 0.562500
vt 0.125000 0.812500
vt 0.083333 0.875000
vt 0.083333 0.812500
vt 0.125000 0.187500
vt 0.083333 0.250000
vt 0.083333 0.187500
vt 0.041667 0.562500
vt 0.083333 0.312500
vt 0.041667 0.312500
vt 0.041667 0.250000
vt 0.041667 0.500000
vt 0.041667 0.812500
vt 0.041667 0.875000
vt 0.000000 0.812500
vt 0.041667 0.187500
vt 0.000000 0.187500
vt 0.041667 0.437500
vt 0.035061 0.500000
vt 0.035411 0.437500
vt 0.083333 0.625000
vt 0.083333 0.687500
vt 0.041667 0.687500
vt 0.041667 0.625000
vt 0.062500 0.937500
vt 1.000000 0.812500
vt 0.958333 0.812500
vt 0.958333 0.750000
vt 0.958333 0.187500
vt 0.958333 0.250000
vt 0.916667 0.250000
vt 0.916667 0.187500
vt 1.000000 0.437500
vt 0.958333 0.437500
vt 0.958333 0.375000
vt 0.958333 0.687500
vt 0.958333 0.699740
vt 0.916667 0.699291
vt 0.916667 0.687500
vt 0.979167 0.937500
vt 0.958333 0.875000
vt 0.958333 0.312500
vt 0.916667 0.375000
vt 0.916667 0.312500
vt 0.875000 0.625000
vt 0.875000 0.187500
vt 0.875000 0.250000
vt 0.833333 0.250000
vt 0.833333 0.187500
vt 0.916667 0.437500
vt 0.875000 0.437500
vt 0.875000 0.375000
vt 0.875000 0.698211
vt 0.866881 0.687500
vt 0.916667 0.875000
vt 0.895833 0.937500
vt 0.875000 0.875000
vt 0.875000 0.312500
vt 0.833333 0.375000
vt 0.833333 0.312500
vt 0.866404 0.625000
vt 0.865056 0.562500
vt 0.916667 0.750000
vt 0.916667 0.812500
vt 0.875000 0.812500
vt 0.833333 0.875000
vt 0.812500 0.937500
vt 0.791667 0.875000
vt 0.791667 0.312500
vt 0.791667 0.375000
vt 0.750000 0.312500
vt 0.833333 0.500000
vt 0.833333 0.562500
vt 0.791667 0.562500
vt 0.791667 0.500000
vt 0.791667 0.812500
vt 0.750000 0.812500
vt 0.791667 0.187500
vt 0.791667 0.250000
vt 0.750000 0.187500
vt 0.791667 0.437500
vt 0.833333 0.625000
vt 0.833333 0.687500
vt 0.791667 0.687500
vt 0.791667 0.625000
vt 0.916667 0.125000
vt 0.875000 0.125000
vt 0.833333 0.125000
vt 1.000000 0.125000
vt 0.958333 0.125000
vt 0.083333 0.125000
vt 0.541667 0.125000
vt 0.166667 0.125000
vt 0.125000 0.125000
vt 0.250000 0.125000
vt 0.208333 0.125000
vt 0.333333 0.125000
vt 0.291667 0.125000
vt 0.583333 0.125000
vt 0.541667 0.125000
vt 0.666667 0.125000
vt 0.625000 0.125000
vt 0.750000 0.125000
vt 0.708333 0.125000
vt 0.791667 0.125000
vt 0.484729 0.694018
vt 0.481541 0.721292
vt 0.483267 0.721513
vt 0.486733 0.694584
vt 0.480587 0.741824
vt 0.488799 0.840426
vt 0.491157 0.842984
vt 0.482230 0.742136
vt 0.490324 0.250000
vt 0.482510 0.500000
vt 0.482015 0.530309
vt 0.483783 0.530227
vt 0.484321 0.500000
vt 0.481083 0.560087
vt 0.482770 0.559878
vt 0.480858 0.625450
vt 0.482525 0.625489
vt 0.490324 0.967715
vt 0.021014 0.018012
vt 0.488033 0.965135
vt 0.484729 0.694018
vt 0.486733 0.694584
vt 0.483267 0.721513
vt 0.481541 0.721292
vt 0.480587 0.741824
vt 0.482230 0.742136
vt 0.491157 0.842984
vt 0.488800 0.840426
vt 0.488033 0.250000
vt 0.490324 0.250000
vt 0.493799 0.375000
vt 0.491231 0.375000
vt 0.482511 0.500000
vt 0.484321 0.500000
vt 0.483783 0.530227
vt 0.482015 0.530309
vt 0.482770 0.559878
vt 0.481083 0.560087
vt 0.490324 0.967715
vt 0.488033 0.965135
vt 0.624667 0.686045
vt 0.624479 0.637318
vt 0.624667 0.686045
vt 0.624982 0.700130
vt 0.558092 0.698552
vt 0.519345 0.613973
vt 0.624961 0.563436
vt 0.519278 0.556508
vt 0.519457 0.528768
vt 0.571513 0.512525
vt 0.608560 0.738496
vt 0.561423 0.683435
vt 0.559662 0.691424
vt 0.564507 0.523903
vt 0.620446 0.538580
vt 0.622723 0.532169
vt 0.568210 0.517890
vt 0.527757 0.537318
vt 0.523371 0.532799
vt 0.558782 0.695418
vt 0.524433 0.557775
vt 0.521709 0.557105
vt 0.525675 0.604389
vt 0.522330 0.609454
vt 0.624277 0.579870
vt 0.624638 0.571185
vt 0.624833 0.693489
vt 0.624739 0.631159
vt 0.623415 0.722289
vt 0.624207 0.729838
vt 0.606852 0.723848
vt 0.623862 0.528963
vt 0.570061 0.514883
vt 0.521178 0.530540
vt 0.520347 0.556770
vt 0.520657 0.611986
vt 0.624819 0.566842
vt 0.624917 0.697211
vt 0.624870 0.628079
vt 0.624604 0.733612
vt 0.561423 0.683435
vt 0.606852 0.723848
vt 0.623415 0.722289
vt 0.525675 0.604389
vt 0.564507 0.523903
vt 0.608206 0.735460
vt 0.608206 0.735460
vt 0.624207 0.729837
vt 0.558782 0.695418
vt 0.624207 0.729838
vt 0.623415 0.722289
vt 0.561423 0.683435
vt 0.560282 0.688611
vt 0.679149 0.527280
vt 0.690039 0.532410
vt 0.687150 0.699802
vt 0.676294 0.705153
vt 0.814130 0.722675
vt 0.804349 0.720321
vt 0.793324 0.538451
vt 0.804746 0.539508
vt 0.615577 0.750000
vt 0.564552 0.749936
vt 0.972222 0.250000
vt 0.624755 0.526448
vt 0.624915 0.736573
vt 0.624972 0.625664
vt 0.228842 0.734713
vt 0.259719 0.742033
vt 0.254075 0.740695
vt 0.234259 0.735997
vt 0.332529 0.734606
vt 0.349532 0.760812
vt 0.329535 0.736941
vt 0.306409 0.754970
vt 0.305221 0.754640
vt 0.271482 0.745292
vt 0.327542 0.458272
vt 0.373239 0.378427
vt 0.229848 0.517231
vt 0.224185 0.519816
vt 0.213402 0.502193
vt 0.159802 0.627105
vt 0.162711 0.637642
vt 0.130456 0.639296
vt 0.349235 0.626773
vt 0.347509 0.622187
vt 0.372426 0.619577
vt 0.203066 0.723096
vt 0.184122 0.735864
vt 0.199042 0.718383
vt 0.369751 0.700493
vt 0.374163 0.637035
vt 0.308176 0.536726
vt 0.311380 0.533778
vt 0.309888 0.539734
vt 0.129974 0.611968
vt 0.162431 0.617363
vt 0.307122 0.531943
vt 0.311607 0.521300
vt 0.181137 0.516578
vt 0.162381 0.531921
vt 0.260692 0.510024
vt 0.259139 0.510387
vt 0.213404 0.747808
vt 0.334520 0.728486
vt 0.354226 0.749863
vt 0.375000 0.878648
vt 0.332530 0.734606
vt 0.306409 0.754969
vt 0.332530 0.734607
vt 0.370773 0.383227
vt 0.326611 0.458635
vt 0.191306 0.509456
vt 0.212656 0.502438
vt 0.157480 0.710109
vt 0.128962 0.635383
vt 0.370290 0.615077
vt 0.203066 0.723096
vt 0.202257 0.722149
vt 0.187913 0.738965
vt 0.370149 0.694771
vt 0.308176 0.536726
vt 0.310122 0.540145
vt 0.311789 0.534123
vt 0.154583 0.547482
vt 0.311578 0.521390
vt 0.307132 0.531986
vt 0.203353 0.529326
vt 0.183434 0.514699
vt 0.198663 0.534878
vt 0.229848 0.517231
vt 0.260692 0.510024
vt 0.256953 0.510898
vt 0.231624 0.516816
vt 0.228842 0.734713
vt 0.224382 0.732703
vt 0.214673 0.748225
vt 0.353645 0.751607
vt 0.375000 0.700048
vt 0.375000 0.769187
vt 0.125000 0.778549
vt 0.375000 0.335672
vt 0.375000 0.833132
vt 0.125000 0.538322
vt 0.125000 0.505655
vt 0.375000 0.478237
vt 0.125000 0.712722
vt 0.375000 0.914328
vt 0.375000 0.707302
vt 0.375000 0.707108
vt 0.375000 0.767892
vt 0.375000 0.767624
vt 0.125000 0.750306
vt 0.125000 0.750290
vt 0.125000 0.739936
vt 0.125000 0.739947
vt 0.375000 0.345073
vt 0.125000 0.534021
vt 0.125000 0.510064
vt 0.125000 0.510053
vt 0.375000 0.422765
vt 0.375000 0.423157
vt 0.375000 0.475660
vt 0.375000 0.475144
vt 0.375000 0.542698
vt 0.375000 0.625000
vt 0.125000 0.715973
vt 0.125000 0.715979
vt 0.125000 0.499710
vt 0.125000 0.499694
vt 0.375000 0.826843
vt 0.375000 0.827235
vt 0.375000 0.875000
vt 0.375000 0.906483
vt 0.375000 0.766051
vt 0.375000 0.829536
vt 0.125000 0.509990
vt 0.125000 0.499600
vt 0.375000 0.420463
vt 0.125000 0.716013
vt 0.375000 0.541560
vt 0.125000 0.740010
vt 0.375000 0.708440
vt 0.375000 0.472111
vt 0.125000 0.533987
vt 0.375000 0.345073
vt 0.125000 0.750400
vt 0.375000 0.904927
vt 0.464910 0.814494
vt 0.464041 0.719054
vt 0.463927 0.738659
vt 0.465200 0.375000
vt 0.464157 0.500000
vt 0.463986 0.562211
vt 0.463959 0.625054
vt 0.464423 0.688280
vt 0.464098 0.531137
vt 0.464910 0.814494
vt 0.464041 0.719054
vt 0.465201 0.375000
vt 0.491231 0.375000
vt 0.463986 0.562211
vt 0.463959 0.625054
vt 0.488033 0.250000
vt 0.041667 1.000000
vt 0.041667 0.875000
vt 0.041667 0.125000
vt 0.041667 0.000000
vt 0.041667 0.250000
vt 0.041667 0.375000
vt 0.041667 0.500000
vt 0.041667 0.625000
vt 0.041667 0.750000
vt 0.125000 1.000000
vt 0.125000 0.125000
vt 0.125000 0.000000
vt 0.125000 0.375000
vt 0.208333 1.000000
vt 0.208333 0.125000
vt 0.208333 0.000000
vt 0.208333 0.625000
vt 0.291667 1.000000
vt 0.291667 0.125000
vt 0.291667 0.000000
vt 0.291667 0.500000
vt 0.375000 0.125000
vt 0.375000 0.000000
vt 0.458333 1.000000
vt 0.458333 0.875000
vt 0.458333 0.125000
vt 0.458333 0.000000
vt 0.458333 0.250000
vt 0.458333 0.375000
vt 0.458333 0.500000
vt 0.458333 0.625000
vt 0.458333 0.750000
vt 0.541667 1.000000
vt 0.541667 0.875000
vt 0.541667 0.125000
vt 0.541667 0.000000
vt 0.541667 0.250000
vt 0.541667 0.375000
vt 0.541667 0.500000
vt 0.541667 0.625000
vt 0.541667 0.750000
vt 0.625000 0.125000
vt 0.625000 0.000000
vt 0.708333 1.000000
vt 0.708333 0.875000
vt 0.708333 0.125000
vt 0.708333 0.000000
vt 0.708333 0.250000
vt 0.708333 0.375000
vt 0.708333 0.500000
vt 0.708333 0.625000
vt 0.708333 0.750000
vt 0.791667 1.000000
vt 0.791667 0.125000
vt 0.791667 0.000000
vt 0.791667 0.375000
vt 0.791667 0.625000
vt 0.791667 0.750000
vt 0.875000 1.000000
vt 0.875000 0.125000
vt 0.875000 0.000000
vt 0.875000 0.375000
vt 0.958333 1.000000
vt 0.958333 0.125000
vt 0.958333 0.000000
vt 0.958333 0.500000
vt 0.958333 0.625000
vt 0.259719 0.742033
vt 0.259719 0.742033
vt 0.375000 0.875000
vt 0.255956 0.741141
vt 0.246352 0.750000
vt 0.177122 0.689833
vt 0.161915 0.634758
vt 0.178293 0.694076
vt 0.159802 0.627105
vt 0.183658 0.700361
vt 0.165998 0.721038
vt 0.175443 0.569157
vt 0.178137 0.559178
vt 0.181533 0.555158
vt 0.163607 0.530918
vt 0.205428 0.528379
vt 0.223551 0.520105
vt 0.246372 0.500000
vt 0.221797 0.500000
vt 0.375000 0.346797
vt 0.375000 0.371372
vt 0.264575 0.509267
vt 0.294903 0.503354
vt 0.257940 0.496060
vt 0.300581 0.502246
vt 0.301502 0.506431
vt 0.328759 0.468228
vt 0.327190 0.570131
vt 0.341573 0.559317
vt 0.329347 0.573919
vt 0.346077 0.618382
vt 0.349235 0.626773
vt 0.347586 0.681723
vt 0.347369 0.688981
vt 0.334032 0.729988
vt 0.260395 0.739531
vt 0.230577 0.732067
vt 0.303031 0.749795
vt 0.328936 0.730626
vt 0.261438 0.512991
vt 0.297106 0.507870
vt 0.205933 0.532727
vt 0.231755 0.520211
vt 0.181847 0.691076
vt 0.165092 0.627465
vt 0.326618 0.575500
vt 0.345037 0.626887
vt 0.205605 0.720123
vt 0.343484 0.686614
vt 0.306868 0.538762
vt 0.181656 0.562792
vt 0.299945 0.749052
vt 0.230577 0.732067
vt 0.232109 0.729706
vt 0.303031 0.749795
vt 0.300212 0.745404
vt 0.319426 0.567592
vt 0.338398 0.618819
vt 0.172095 0.652200
vt 0.178214 0.592238
vt 0.196736 0.703433
vt 0.321012 0.565763
vt 0.341956 0.618129
vt 0.224194 0.533520
vt 0.325762 0.727150
vt 0.326396 0.725264
vt 0.329581 0.728676
vt 0.297362 0.744807
vt 0.194474 0.567793
vt 0.222452 0.530916
vt 0.191264 0.564221
vt 0.177722 0.650397
vt 0.194034 0.705975
vt 0.182237 0.596340
vt 0.231076 0.731302
vt 0.260559 0.738781
vt 0.302092 0.748344
vt 0.327902 0.729491
vt 0.296165 0.509429
vt 0.261624 0.513874
vt 0.232299 0.521075
vt 0.206679 0.533697
vt 0.203353 0.529326
vt 0.166583 0.627567
vt 0.182874 0.690247
vt 0.178293 0.694076
vt 0.343846 0.626910
vt 0.325830 0.575945
vt 0.329347 0.573919
vt 0.206343 0.719277
vt 0.342369 0.685942
vt 0.347369 0.688981
vt 0.306457 0.539372
vt 0.182673 0.563798
vt 0.178137 0.559178
vt 0.221955 0.531960
vt 0.320087 0.565396
vt 0.297618 0.528029
vt 0.343416 0.644084
vt 0.304119 0.737480
vt 0.177975 0.671779
vt 0.313853 0.730688
vt 0.241696 0.729900
vt 0.218917 0.527668
vt 0.223334 0.732231
vt 0.244529 0.750000
vt 0.225323 0.750000
vt 0.375000 0.899677
vt 0.375000 0.880471
vt 0.331036 0.790987
vt 0.270551 0.760197
vt 0.364059 0.853705
vt 0.311859 0.750721
vt 0.335804 0.783485
vt 0.346247 0.692430
vt 0.368174 0.707992
vt 0.347451 0.686230
vt 0.348950 0.636252
vt 0.334742 0.588259
vt 0.353384 0.579457
vt 0.325027 0.566331
vt 0.337798 0.556124
vt 0.302802 0.512330
vt 0.324793 0.480501
vt 0.295455 0.503246
vt 0.262310 0.509709
vt 0.253308 0.498359
vt 0.248493 0.500000
vt 0.375000 0.373493
vt 0.196679 0.537227
vt 0.180473 0.556413
vt 0.174851 0.571352
vt 0.153462 0.550418
vt 0.183480 0.700153
vt 0.165788 0.720866
vt 0.239898 0.733540
vt 0.318512 0.736966
vt 0.308447 0.743703
vt 0.300787 0.522877
vt 0.183293 0.669458
vt 0.338035 0.643226
vt 0.317242 0.568169
vt 0.520967 0.670364
vt 0.605466 0.516644
vt 0.527031 0.749043
vt 0.523633 0.715024
vt 0.518985 0.556435
vt 0.518985 0.528281
vt 0.578827 0.495808
vt 0.577987 0.465606
vt 0.577147 0.435404
vt 0.727983 0.750000
vt 0.727983 0.750000
vt 0.645081 0.708575
vt 0.650996 0.671267
vt 0.625000 0.601315
vt 0.724247 0.500000
vt 0.776544 0.514820
vt 0.776544 0.514820
vt 0.834649 0.733810
vt 0.875000 0.637342
vt 0.854824 0.685576
vt 0.828841 0.529640
vt 0.851921 0.583491
vt 0.714550 0.571025
vt 0.713854 0.598837
vt 0.608657 0.739331
vt 0.625000 0.700933
vt 0.721534 0.626303
vt 0.748480 0.652015
vt 0.625000 0.562500
vt 0.731960 0.537626
vt 0.545038 0.540677
vt 0.655642 0.564273
vt 0.665473 0.557250
vt 0.673949 0.551193
vt 0.681121 0.546069
vt 0.692256 0.538114
vt 0.723459 0.527900
vt 0.734350 0.518791
vt 0.632815 0.545438
vt 0.637336 0.577353
vt 0.841675 0.737541
vt 0.819719 0.736385
vt 0.783020 0.734452
vt 0.771531 0.538585
vt 0.760296 0.541797
vt 0.775051 0.725633
vt 0.767081 0.716814
vt 0.759111 0.707995
vt 0.751141 0.699175
vt 0.761336 0.618880
vt 0.766434 0.578733
vt 0.741314 0.565408
vt 0.746262 0.606577
vt 0.745670 0.625780
vt 0.745211 0.647949
vt 0.722960 0.704792
vt 0.756239 0.659028
vt 0.863761 0.679034
vt 0.863761 0.679034
vt 0.639794 0.731273
vt 0.660670 0.725553
vt 0.657300 0.705502
vt 0.648095 0.653312
vt 0.643674 0.622098
vt 0.641561 0.607183
vt 0.640608 0.600454
vt 0.639448 0.592268
vt 0.662034 0.643364
vt 0.663312 0.678227
vt 0.645868 0.674227
vt 0.642605 0.642030
vt 0.853900 0.667909
vt 0.855593 0.640756
vt 0.732962 0.705747
vt 0.722905 0.708502
vt 0.875000 0.585805
vt 0.715642 0.690226
vt 0.835066 0.520425
vt 0.852932 0.563366
vt 0.782660 0.535404
vt 0.793789 0.532223
vt 0.804918 0.529042
vt 0.739792 0.696040
vt 0.853037 0.612437
vt 0.855772 0.700198
vt 0.855088 0.678258
vt 0.854405 0.656318
vt 0.853721 0.634377
vt 0.636078 0.577635
vt 0.639342 0.609833
vt 0.641154 0.627713
vt 0.755406 0.537461
vt 0.812348 0.735997
vt 0.708966 0.525453
vt 0.695793 0.528910
vt 0.683582 0.532115
vt 0.670368 0.535583
vt 0.658199 0.538776
vt 0.672235 0.680273
vt 0.680755 0.682227
vt 0.692337 0.684882
vt 0.723632 0.692227
vt 0.758007 0.581141
vt 0.752190 0.582657
vt 0.753437 0.564243
vt 0.829852 0.594777
vt 0.806667 0.577117
vt 0.783481 0.559457
vt 0.778845 0.664437
vt 0.777299 0.699431
vt 0.753430 0.659831
vt 0.700891 0.646033
vt 0.693690 0.645538
vt 0.694288 0.567693
vt 0.682876 0.569643
vt 0.659477 0.573639
vt 0.660755 0.608502
vt 0.677455 0.644423
vt 0.670323 0.571787
vt 0.705010 0.584530
vt 0.706274 0.565646
vt 0.747605 0.650345
vt 0.750521 0.607294
vt 0.703582 0.605840
vt 0.681462 0.644699
vt 0.696698 0.642221
vt 0.696056 0.627179
vt 0.661327 0.624095
vt 0.719964 0.704842
vt 0.687245 0.705967
vt 0.679877 0.706371
vt 0.669619 0.706763
vt 0.663876 0.706758
vt 0.693736 0.572816
vt 0.661876 0.565005
vt 0.670860 0.574335
vt 0.649107 0.593160
vt 0.678661 0.575452
vt 0.658895 0.601060
vt 0.652753 0.593953
vt 0.667623 0.631187
vt 0.660122 0.614932
vt 0.695217 0.607518
vt 0.686477 0.638342
vt 0.688181 0.638988
vt 0.829674 0.673651
vt 0.829614 0.699942
vt 0.803457 0.699687
vt 0.804259 0.669044
vt 0.781936 0.594450
vt 0.780390 0.629444
vt 0.755719 0.620486
vt 0.805864 0.607759
vt 0.829733 0.647360
vt 0.829793 0.621068
vt 0.812650 0.683897
vt 0.833051 0.688915
vt 0.836336 0.635964
vt 0.821105 0.633130
vt 0.828206 0.581973
vt 0.849028 0.584534
vt 0.776773 0.578552
vt 0.787112 0.578371
vt 0.770886 0.621700
vt 0.773758 0.670666
vt 0.764998 0.664847
vt 0.541554 0.502638
vt 0.579249 0.500192
vt 0.560401 0.501415
vt 0.569825 0.500803
vt 0.606154 0.750000
vt 0.581468 0.742565
vt 0.518557 0.528528
vt 0.571912 0.511877
vt 0.625000 0.562500
vt 0.518985 0.614518
vt 0.520967 0.670364
vt 0.625000 0.700933
vt 0.625000 0.737386
vt 0.625000 0.562500
vt 0.605466 0.516644
vt 0.625000 0.525757
vt 0.625000 0.562500
vt 0.608657 0.739331
vt 0.577082 0.743087
vt 0.518985 0.614518
vt 0.520967 0.670364
vt 0.523633 0.715024
vt 0.523633 0.715024
vt 0.523633 0.715024
vt 0.518985 0.614518
vt 0.520967 0.670364
vt 0.518985 0.614518
vt 0.625000 0.625000
vt 0.518985 0.614518
vt 0.625000 0.525757
vt 0.625000 0.562500
vt 0.608657 0.739330
vt 0.527031 0.749043
vt 0.518985 0.528281
vt 0.206669 0.674519
vt 0.215499 0.671509
vt 0.222235 0.663060
vt 0.224453 0.654386
vt 0.224370 0.645860
vt 0.220429 0.635874
vt 0.213286 0.633862
vt 0.205464 0.634049
vt 0.197597 0.638253
vt 0.195844 0.644521
vt 0.191562 0.654025
vt 0.195527 0.658941
vt 0.195709 0.665317
vt 0.198747 0.665671
vt 0.156700 0.663341
vt 0.156657 0.670203
vt 0.160822 0.675171
vt 0.166754 0.675334
vt 0.170978 0.670597
vt 0.171020 0.663734
vt 0.166856 0.658766
vt 0.160924 0.658604
vt 0.838616 0.668429
vt 0.838573 0.661566
vt 0.834349 0.656829
vt 0.828417 0.656992
vt 0.824252 0.661960
vt 0.824295 0.668822
vt 0.828519 0.673560
vt 0.834451 0.673397
vt 0.797628 0.656752
vt 0.801536 0.651833
vt 0.797350 0.642351
vt 0.795597 0.636083
vt 0.787731 0.631879
vt 0.779909 0.631692
vt 0.772765 0.633704
vt 0.768825 0.643690
vt 0.768741 0.652216
vt 0.770960 0.660890
vt 0.777695 0.669339
vt 0.786526 0.672349
vt 0.794448 0.663501
vt 0.797436 0.663088
vt 0.218625 0.611485
vt 0.676135 0.736403
vt 0.681977 0.735671
vt 0.641647 0.707782
vt 0.648132 0.704419
vt 0.725773 0.591281
vt 0.737115 0.593123
vt 0.757372 0.596412
vt 0.754332 0.595919
vt 0.737433 0.728723
vt 0.726067 0.730147
vt 0.793150 0.742772
vt 0.784924 0.740698
vt 0.633323 0.712097
vt 0.632935 0.712298
vt 0.642046 0.707575
vt 0.818142 0.606280
vt 0.777628 0.599702
vt 0.722415 0.653447
vt 0.704298 0.595157
vt 0.689585 0.596509
vt 0.625000 0.716413
vt 0.625000 0.716413
vt 0.636961 0.663338
vt 0.636961 0.663338
vt 0.875000 0.634941
vt 0.873786 0.632491
vt 0.867598 0.688914
vt 0.875000 0.685955
vt 0.625000 0.602443
vt 0.838877 0.700397
vt 0.831399 0.703387
vt 0.802966 0.714755
vt 0.810156 0.711880
vt 0.814817 0.710016
vt 0.779448 0.739317
vt 0.638404 0.601212
vt 0.844909 0.697986
vt 0.633619 0.646324
vt 0.636566 0.710416
vt 0.756951 0.733645
vt 0.832741 0.608651
vt 0.845964 0.619385
vt 0.848304 0.618333
vt 0.694335 0.615761
vt 0.709046 0.619518
vt 0.828127 0.607902
vt 0.776950 0.599591
vt 0.773919 0.599099
vt 0.725343 0.643236
vt 0.723138 0.630786
vt 0.751361 0.595436
vt 0.680513 0.616412
vt 0.676868 0.676863
vt 0.665592 0.658124
vt 0.866108 0.616989
vt 0.729468 0.661718
vt 0.665033 0.641581
vt 0.671302 0.633393
vt 0.664474 0.625039
vt 0.673597 0.608094
vt 0.687411 0.607453
vt 0.699474 0.694211
vt 0.782372 0.605752
vt 0.795984 0.601411
vt 0.809728 0.600259
vt 0.823634 0.605587
vt 0.826791 0.615375
vt 0.830318 0.629526
vt 0.825879 0.638022
vt 0.825062 0.646659
vt 0.821440 0.649930
vt 0.806702 0.665479
vt 0.790514 0.662126
vt 0.777234 0.649455
vt 0.773449 0.635918
vt 0.773792 0.622212
vt 0.807635 0.611710
vt 0.806075 0.629573
vt 0.781328 0.658818
vt 0.817183 0.594441
vt 0.700806 0.607303
vt 0.701502 0.579492
vt 0.811233 0.627268
vt 0.819432 0.621379
vt 0.820935 0.603322
vt 0.768281 0.667284
vt 0.735433 0.660482
vt 0.798186 0.635734
vt 0.759579 0.528818
vt 0.708487 0.634770
vt 0.802693 0.522230
vt 0.787467 0.526481
vt 0.815684 0.537292
vt 0.718913 0.546092
vt 0.746532 0.537285
vt 0.774420 0.534948
vt 0.802693 0.522230
vt 0.802637 0.545759
vt 0.809043 0.565618
vt 0.634191 0.545564
vt 0.612396 0.702596
vt 0.593745 0.724216
vt 0.598718 0.800352
vt 0.623865 0.781593
vt 0.637388 0.550157
vt 0.699308 0.725315
vt 0.579776 0.787732
vt 0.560833 0.775112
vt 0.532252 0.626255
vt 0.649013 0.762833
vt 0.577231 0.715964
vt 0.593774 0.725264
vt 0.689376 0.594556
vt 0.688470 0.608064
vt 0.626694 0.656739
vt 0.565317 0.590984
vt 0.565409 0.574192
vt 0.565317 0.590984
vt 0.568128 0.564918
vt 0.632049 0.559026
vt 0.628752 0.579737
vt 0.626878 0.607531
vt 0.568128 0.564918
vt 0.628752 0.579737
vt 0.688470 0.608064
vt 0.688439 0.624078
vt 0.560541 0.638215
vt 0.560395 0.569767
vt 0.560249 0.501319
vt 0.560687 0.706664
vt 0.613080 0.599119
vt 0.631046 0.680976
vt 0.595114 0.517261
vt 0.689376 0.594556
vt 0.589457 0.544603
vt 0.600926 0.623599
vt 0.583799 0.571944
vt 0.569596 0.500659
vt 0.572141 0.572428
vt 0.583887 0.575088
vt 0.574686 0.644196
vt 0.628752 0.579737
vt 0.689376 0.594556
vt 0.689376 0.594556
vt 0.688437 0.624077
vt 0.626876 0.607530
vt 0.626878 0.607531
vt 0.688470 0.608064
vt 0.565409 0.574192
vt 0.568129 0.564919
vt 0.565409 0.574192
vt 0.565319 0.590983
vt 0.565317 0.590984
vt 0.565317 0.590984
vt 0.565409 0.574192
vt 0.626878 0.607531
vt 0.628752 0.579737
vt 0.688470 0.608064
vt 0.688439 0.624078
vt 0.688470 0.608064
vt 0.568128 0.564918
vt 0.568128 0.564918
vt 0.565317 0.590984
vt 0.565318 0.590984
vt 0.565409 0.574192
vt 0.565409 0.574193
vt 0.565320 0.590983
vt 0.626876 0.607530
vt 0.626874 0.607530
vt 0.568129 0.564919
vt 0.628752 0.579737
vt 0.568130 0.564919
vt 0.688434 0.624076
vt 0.689376 0.594556
vt 0.626878 0.607531
vt 0.628752 0.579737
vt 0.568128 0.564918
vt 0.628752 0.579737
vt 0.689376 0.594556
vt 0.689376 0.594556
vt 0.688439 0.624078
vt 0.626875 0.607530
vt 0.626878 0.607531
vt 0.565408 0.574194
vt 0.568128 0.564918
vt 0.565315 0.590981
vt 0.565317 0.590984
vt 0.628752 0.579737
vt 0.688439 0.624078
vt 0.626878 0.607531
vt 0.688439 0.624078
vt 0.568128 0.564918
vt 0.565409 0.574192
vt 0.565317 0.590984
vt 0.565317 0.590984
vt 0.166667 0.562500
vt 0.131154 0.562500
vt 0.416667 0.295760
vt 0.375000 0.296109
vt 0.458333 0.312500
vt 0.458333 0.375000
vt 0.458333 0.250000
vt 0.458333 0.296291
vt 0.666667 0.437500
vt 0.632724 0.437500
vt 0.625000 0.424198
vt 0.500000 0.312500
vt 0.467660 0.375000
vt 0.469111 0.312500
vt 0.500000 0.437500
vt 0.468473 0.437500
vt 0.041667 0.375000
vt 0.041667 0.426901
vt 0.000000 0.437500
vt 0.916667 0.500000
vt 0.916667 0.544736
vt 0.875000 0.545267
vt 0.958333 0.625000
vt 0.958333 0.550654
vt 1.000000 0.562500
vt 0.965644 0.562500
vt 1.000000 0.625000
vt 0.965762 0.625000
vt 0.958333 0.562500
vt 1.000000 0.687500
vt 0.965450 0.687500
vt 0.916667 0.625000
vt 0.916667 0.562500
vt 0.083333 0.375000
vt 0.083333 0.426389
vt 0.083333 0.437500
vt 0.125000 0.437500
vt 0.125000 0.375000
vt 0.125000 0.428593
vt 0.166667 0.437500
vt 0.166667 0.500000
vt 0.130856 0.500000
vt 0.130161 0.437500
vt 0.034436 0.562500
vt 0.000000 0.562500
vt 0.041667 0.574262
vt 0.000000 0.625000
vt 0.541667 0.500000
vt 0.541667 0.562500
vt 0.537267 0.562500
vt 0.536013 0.500000
vt 0.541667 0.570649
vt 0.666667 0.562500
vt 0.631308 0.562500
vt 0.630600 0.500000
vt 0.833333 0.750000
vt 0.535976 0.437500
vt 0.541667 0.437500
vt 0.554802 0.437500
vt 0.083333 0.500000
vt 0.833333 0.812500
vt 0.333333 0.562500
vt 0.333333 0.500000
vt 0.833333 0.437500
vt 0.770833 0.937500
vt 0.791667 1.000000
vt 0.854167 0.937500
vt 1.000000 0.312500
vt 0.937500 0.937500
vt 1.000000 0.187500
vt 0.020833 0.937500
vt 0.041667 1.000000
vt 0.041667 0.125000
vt 0.000000 0.125000
vt 0.041667 0.750000
vt 0.083333 0.750000
vt 0.104167 0.937500
vt 0.250000 0.312500
vt 0.187500 0.937500
vt 0.208333 1.000000
vt 0.270833 0.937500
vt 0.291667 1.000000
vt 0.333333 0.625000
vt 0.333333 0.187500
vt 0.354167 0.937500
vt 0.437500 0.937500
vt 0.458333 1.000000
vt 0.458333 0.625000
vt 0.500000 0.687500
vt 0.541667 0.750000
vt 0.520833 0.937500
vt 0.541667 1.000000
vt 0.604167 0.937500
vt 0.687500 0.937500
vt 0.708333 0.625000
vt 0.000000 0.312500
vt 0.000000 0.687500
s 0
f 1/1/1 9/2/1 16/3/1 8/4/1
f 2/5/2 10/6/2 9/7/2 1/8/2
f 3/9/3 11/10/3 10/6/3 2/5/3
f 4/11/4 12/12/4 11/10/4 3/9/4
f 5/13/5 13/14/5 12/12/5 4/11/5
f 6/15/6 14/16/6 13/14/6 5/13/6
f 7/17/7 15/18/7 14/16/7 6/15/7
f 8/4/8 16/3/8 15/18/8 7/17/8
f 9/2/9 17/19/9 24/20/9 16/3/9
f 10/6/10 18/21/10 17/22/10 9/7/10
f 11/10/11 19/23/11 18/21/11 10/6/11
f 12/12/12 20/24/12 19/23/12 11/10/12
f 13/14/13 21/25/13 20/24/13 12/12/13
f 14/16/14 22/26/14 21/25/14 13/14/14
f 15/18/15 23/27/15 22/26/15 14/16/15
f 16/3/16 24/20/16 23/27/16 15/18/16
f 17/19/17 25/28/17 32/29/17 24/20/17
f 18/21/18 26/30/18 25/31/18 17/22/18
f 19/23/19 27/32/19 26/30/19 18/21/19
f 20/24/20 28/33/20 27/32/20 19/23/20
f 21/25/21 29/34/21 28/33/21 20/24/21
f 22/26/22 30/35/22 29/34/22 21/25/22
f 23/27/23 31/36/23 30/35/23 22/26/23
f 24/20/24 32/29/24 31/36/24 23/27/24
f 25/28/25 33/37/25 40/38/25 32/29/25
f 26/30/26 34/39/26 33/40/26 25/31/26
f 27/32/27 35/41/27 34/39/27 26/30/27
f 28/33/28 36/42/28 35/41/28 27/32/28
f 29/34/29 37/43/29 36/42/29 28/33/29
f 30/35/30 38/44/30 37/43/30 29/34/30
f 31/36/31 39/45/31 38/44/31 30/35/31
f 32/29/32 40/38/32 39/45/32 31/36/32
f 33/37/33 41/46/33 48/47/33 40/38/33
f 34/39/34 42/48/34 41/49/34 33/40/34
f 35/41/35 43/50/35 42/48/35 34/39/35
f 36/42/36 44/51/36 43/50/36 35/41/36
f 37/43/37 45/52/37 44/51/37 36/42/37
f 38/44/38 46/53/38 45/52/38 37/43/38
f 39/45/39 47/54/39 46/53/39 38/44/39
f 40/38/40 48/47/40 47/54/40 39/45/40
f 41/46/41 49/55/41 56/56/41 48/47/41
f 42/48/42 50/57/42 49/58/42 41/49/42
f 43/50/43 51/59/43 50/57/43 42/48/43
f 44/51/44 52/60/44 51/59/44 43/50/44
f 45/52/45 53/61/45 52/60/45 44/51/45
f 46/53/46 54/62/46 53/61/46 45/52/46
f 47/54/47 55/63/47 54/62/47 46/53/47
f 48/47/48 56/56/48 55/63/48 47/54/48
f 49/55/49 57/64/49 64/65/49 56/56/49
f 50/57/50 58/66/50 57/67/50 49/58/50
f 51/59/51 59/68/51 58/66/51 50/57/51
f 52/60/52 60/69/52 59/68/52 51/59/52
f 53/61/53 61/70/53 60/69/53 52/60/53
f 54/62/54 62/71/54 61/70/54 53/61/54
f 55/63/55 63/72/55 62/71/55 54/62/55
f 56/56/56 64/65/56 63/72/56 55/63/56
f 57/64/57 65/73/57 72/74/57 64/65/57
f 58/66/58 66/75/58 65/76/58 57/67/58
f 59/68/59 67/77/59 66/75/59 58/66/59
f 60/69/60 68/78/60 67/77/60 59/68/60
f 61/70/61 69/79/61 68/78/61 60/69/61
f 62/71/62 70/80/62 69/79/62 61/70/62
f 63/72/63 71/81/63 70/80/63 62/71/63
f 64/65/64 72/74/64 71/81/64 63/72/64
f 65/73/65 73/82/65 80/83/65 72/74/65
f 66/75/66 74/84/66 73/85/66 65/76/66
f 67/77/67 75/86/67 74/84/67 66/75/67
f 68/78/68 76/87/68 75/86/68 67/77/68
f 69/79/69 77/88/69 76/87/69 68/78/69
f 70/80/70 78/89/70 77/88/70 69/79/70
f 71/81/71 79/90/71 78/89/71 70/80/71
f 72/74/72 80/83/72 79/90/72 71/81/72
f 73/82/73 81/91/73 88/92/73 80/83/73
f 74/84/74 82/93/74 81/94/74 73/85/74
f 75/86/75 83/95/75 82/93/75 74/84/75
f 76/87/76 84/96/76 83/95/76 75/86/76
f 77/88/77 85/97/77 84/96/77 76/87/77
f 78/89/78 86/98/78 85/97/78 77/88/78
f 79/90/79 87/99/79 86/98/79 78/89/79
f 80/83/80 88/92/80 87/99/80 79/90/80
f 81/91/81 89/100/81 96/101/81 88/92/81
f 82/93/82 90/102/82 89/103/82 81/94/82
f 83/95/83 91/104/83 90/102/83 82/93/83
f 84/96/84 92/105/84 91/104/84 83/95/84
f 85/97/85 93/106/85 92/105/85 84/96/85
f 86/98/86 94/107/86 93/106/86 85/97/86
f 87/99/87 95/108/87 94/107/87 86/98/87
f 88/92/88 96/101/88 95/108/88 87/99/88
f 89/100/89 97/109/89 104/110/89 96/101/89
f 90/102/90 98/111/90 97/112/90 89/103/90
f 91/104/91 99/113/91 98/111/91 90/102/91
f 92/105/92 100/114/92 99/113/92 91/104/92
f 93/106/93 101/115/93 100/114/93 92/105/93
f 94/107/94 102/116/94 101/115/94 93/106/94
f 95/108/95 103/117/95 102/116/95 94/107/95
f 96/101/96 104/110/96 103/117/96 95/108/96
f 97/109/97 105/118/97 112/119/97 104/110/97
f 98/111/98 106/120/98 105/121/98 97/112/98
f 99/113/99 107/122/99 106/120/99 98/111/99
f 100/114/100 108/123/100 107/122/100 99/113/100
f 101/115/101 109/124/101 108/123/101 100/114/101
f 102/116/102 110/125/102 109/124/102 101/115/102
f 103/117/103 111/126/103 110/125/103 102/116/103
f 104/110/104 112/119/104 111/126/104 103/117/104
f 105/118/105 113/127/105 120/128/105 112/119/105
f 106/120/106 114/129/106 113/130/106 105/121/106
f 107/122/107 115/131/107 114/129/107 106/120/107
f 108/123/108 116/132/108 115/131/108 107/122/108
f 109/124/109 117/133/109 116/132/109 108/123/109
f 110/125/110 118/134/110 117/133/110 109/124/110
f 111/126/111 119/135/111 118/134/111 110/125/111
f 112/119/112 120/128/112 119/135/112 111/126/112
f 113/127/113 121/136/113 128/137/113 120/128/113
f 114/129/114 122/138/114 121/139/114 113/130/114
f 115/131/115 123/140/115 122/138/115 114/129/115
f 116/132/116 124/141/116 123/140/116 115/131/116
f 117/133/117 125/142/117 124/141/117 116/132/117
f 118/134/118 126/143/118 125/142/118 117/133/118
f 119/135/119 127/144/119 126/143/119 118/134/119
f 120/128/120 128/137/120 127/144/120 119/135/120
f 121/136/121 129/145/121 136/146/121 128/137/121
f 122/138/122 130/147/122 129/148/122 121/139/122
f 123/140/123 131/149/123 130/147/123 122/138/123
f 124/141/124 132/150/124 131/149/124 123/140/124
f 125/142/125 133/151/125 132/150/125 124/141/125
f 126/143/126 134/152/126 133/151/126 125/142/126
f 127/144/127 135/153/127 134/152/127 126/143/127
f 128/137/128 136/146/128 135/153/128 127/144/128
f 129/145/129 137/154/129 144/155/129 136/146/129
f 130/147/130 138/156/130 137/157/130 129/148/130
f 131/149/131 139/158/131 138/156/131 130/147/131
f 132/150/132 140/159/132 139/158/132 131/149/132
f 133/151/133 141/160/133 140/159/133 132/150/133
f 134/152/134 142/161/134 141/160/134 133/151/134
f 135/153/135 143/162/135 142/161/135 134/152/135
f 136/146/136 144/155/136 143/162/136 135/153/136
f 137/154/137 145/163/137 152/164/137 144/155/137
f 138/156/138 146/165/138 145/166/138 137/157/138
f 139/158/139 147/167/139 146/165/139 138/156/139
f 140/159/140 148/168/140 147/167/140 139/158/140
f 141/160/141 149/169/141 148/168/141 140/159/141
f 142/161/142 150/170/142 149/169/142 141/160/142
f 143/162/143 151/171/143 150/170/143 142/161/143
f 144/155/144 152/164/144 151/171/144 143/162/144
f 145/163/145 153/172/145 160/173/145 152/164/145
f 146/165/146 154/174/146 153/175/146 145/166/146
f 147/167/147 155/176/147 154/174/147 146/165/147
f 148/168/148 156/177/148 155/176/148 147/167/148
f 149/169/149 157/178/149 156/177/149 148/168/149
f 150/170/150 158/179/150 157/178/150 149/169/150
f 151/171/151 159/180/151 158/179/151 150/170/151
f 152/164/152 160/173/152 159/180/152 151/171/152
f 153/172/153 161/181/153 168/182/153 160/173/153
f 154/174/154 162/183/154 161/184/154 153/175/154
f 155/176/155 163/185/155 162/183/155 154/174/155
f 156/177/156 164/186/156 163/185/156 155/176/156
f 157/178/157 165/187/157 164/186/157 156/177/157
f 158/179/158 166/188/158 165/187/158 157/178/158
f 159/180/159 167/189/159 166/188/159 158/179/159
f 160/173/160 168/182/160 167/189/160 159/180/160
f 161/181/161 169/190/161 176/191/161 168/182/161
f 162/183/162 170/192/162 169/193/162 161/184/162
f 163/185/163 171/194/163 170/192/163 162/183/163
f 164/186/164 172/195/164 171/194/164 163/185/164
f 165/187/165 173/196/165 172/195/165 164/186/165
f 166/188/166 174/197/166 173/196/166 165/187/166
f 167/189/167 175/198/167 174/197/167 166/188/167
f 168/182/168 176/191/168 175/198/168 167/189/168
f 169/190/169 177/199/169 184/200/169 176/191/169
f 170/192/170 178/201/170 177/202/170 169/193/170
f 171/194/171 179/203/171 178/201/171 170/192/171
f 172/195/172 180/204/172 179/203/172 171/194/172
f 173/196/173 181/205/173 180/204/173 172/195/173
f 174/197/174 182/206/174 181/205/174 173/196/174
f 175/198/175 183/207/175 182/206/175 174/197/175
f 176/191/176 184/200/176 183/207/176 175/198/176
f 177/199/177 185/208/177 192/209/177 184/200/177
f 178/201/178 186/210/178 185/211/178 177/202/178
f 179/203/179 187/212/179 186/210/179 178/201/179
f 180/204/180 188/213/180 187/212/180 179/203/180
f 181/205/181 189/214/181 188/213/181 180/204/181
f 182/206/182 190/215/182 189/214/182 181/205/182
f 183/207/183 191/216/183 190/215/183 182/206/183
f 184/200/184 192/209/184 191/216/184 183/207/184
f 185/208/185 193/217/185 200/218/185 192/209/185
f 186/210/186 194/219/186 193/220/186 185/211/186
f 187/212/187 195/221/187 194/219/187 186/210/187
f 188/213/188 196/222/188 195/221/188 187/212/188
f 189/214/189 197/223/189 196/222/189 188/213/189
f 190/215/190 198/224/190 197/223/190 189/214/190
f 191/216/191 199/225/191 198/224/191 190/215/191
f 192/209/192 200/218/192 199/225/192 191/216/192
f 193/217/193 201/226/193 208/227/193 200/218/193
f 194/219/194 202/228/194 201/229/194 193/220/194
f 195/221/195 203/230/195 202/228/195 194/219/195
f 196/222/196 204/231/196 203/230/196 195/221/196
f 197/223/197 205/232/197 204/231/197 196/222/197
f 198/224/198 206/233/198 205/232/198 197/223/198
f 199/225/199 207/234/199 206/233/199 198/224/199
f 200/218/200 208/227/200 207/234/200 199/225/200
f 201/226/201 209/235/201 216/236/201 208/227/201
f 202/228/202 210/237/202 209/238/202 201/229/202
f 203/230/203 211/239/203 210/237/203 202/228/203
f 204/231/204 212/240/204 211/239/204 203/230/204
f 205/232/205 213/241/205 212/240/205 204/231/205
f 206/233/206 214/242/206 213/241/206 205/232/206
f 207/234/207 215/243/207 214/242/207 206/233/207
f 208/227/208 216/236/208 215/243/208 207/234/208
f 209/235/209 217/244/209 224/245/209 216/236/209
f 210/237/210 218/246/210 217/247/210 209/238/210
f 211/239/211 219/248/211 218/246/211 210/237/211
f 212/240/212 220/249/212 219/248/212 211/239/212
f 213/241/213 221/250/213 220/249/213 212/240/213
f 214/242/214 222/251/214 221/250/214 213/241/214
f 215/243/215 223/252/215 222/251/215 214/242/215
f 216/236/216 224/245/216 223/252/216 215/243/216
f 217/244/217 225/253/217 232/254/217 224/245/217
f 218/246/218 226/255/218 225/256/218 217/247/218
f 219/248/219 227/257/219 226/255/219 218/246/219
f 220/249/220 228/258/220 227/257/220 219/248/220
f 221/250/221 229/259/221 228/258/221 220/249/221
f 222/251/222 230/260/222 229/259/222 221/250/222
f 223/252/223 231/261/223 230/260/223 222/251/223
f 224/245/224 232/254/224 231/261/224 223/252/224
f 225/253/225 233/262/225 240/263/225 232/254/225
f 226/255/226 234/264/226 233/265/226 225/256/226
f 227/257/227 235/266/227 234/264/227 226/255/227
f 228/258/228 236/267/228 235/266/228 227/257/228
f 229/259/229 237/268/229 236/267/229 228/258/229
f 230/260/230 238/269/230 237/268/230 229/259/230
f 231/261/231 239/270/231 238/269/231 230/260/231
f 232/254/232 240/263/232 239/270/232 231/261/232
f 233/262/233 241/271/233 248/272/233 240/263/233
f 234/264/234 242/273/234 241/274/234 233/265/234
f 235/266/235 243/275/235 242/273/235 234/264/235
f 236/267/236 244/276/236 243/275/236 235/266/236
f 237/268/237 245/277/237 244/276/237 236/267/237
f 238/269/238 246/278/238 245/277/238 237/268/238
f 239/270/239 247/279/239 246/278/239 238/269/239
f 240/263/240 248/272/240 247/279/240 239/270/240
f 241/271/241 249/280/241 256/281/241 248/272/241
f 242/273/242 250/282/242 249/283/242 241/274/242
f 243/275/243 251/284/243 250/282/243 242/273/243
f 244/276/244 252/285/244 251/284/244 243/275/244
f 245/277/245 253/286/245 252/285/245 244/276/245
f 246/278/246 254/287/246 253/286/246 245/277/246
f 247/279/247 255/288/247 254/287/247 246/278/247
f 248/272/248 256/281/248 255/288/248 247/279/248
f 249/280/249 257/289/249 264/290/249 256/281/249
f 250/282/250 258/291/250 257/292/250 249/283/250
f 251/284/251 259/293/251 258/291/251 250/282/251
f 252/285/252 260/294/252 259/293/252 251/284/252
f 253/286/253 261/295/253 260/294/253 252/285/253
f 254/287/254 262/296/254 261/295/254 253/286/254
f 255/288/255 263/297/255 262/296/255 254/287/255
f 256/281/256 264/290/256 263/297/256 255/288/256
f 257/289/257 265/298/257 272/299/257 264/290/257
f 258/291/258 266/300/258 265/301/258 257/292/258
f 259/293/259 267/302/259 266/300/259 258/291/259
f 260/294/260 268/303/260 267/302/260 259/293/260
f 261/295/261 269/304/261 268/303/261 260/294/261
f 262/296/262 270/305/262 269/304/262 261/295/262
f 263/297/263 271/306/263 270/305/263 262/296/263
f 264/290/264 272/299/264 271/306/264 263/297/264
f 265/298/265 273/307/265 280/308/265 272/299/265
f 266/300/266 274/309/266 273/310/266 265/301/266
f 267/302/267 275/311/267 274/309/267 266/300/267
f 268/303/268 276/312/268 275/311/268 267/302/268
f 269/304/269 277/313/269 276/312/269 268/303/269
f 270/305/270 278/314/270 277/313/270 269/304/270
f 271/306/271 279/315/271 278/314/271 270/305/271
f 272/299/272 280/308/272 279/315/272 271/306/272
f 273/307/273 281/316/273 288/317/273 280/308/273
f 274/309/274 282/318/274 281/319/274 273/310/274
f 275/311/275 283/320/275 282/318/275 274/309/275
f 276/312/276 284/321/276 283/320/276 275/311/276
f 277/313/277 285/322/277 284/321/277 276/312/277
f 278/314/278 286/323/278 285/322/278 277/313/278
f 279/315/279 287/324/279 286/323/279 278/314/279
f 280/308/280 288/317/280 287/324/280 279/315/280
f 281/316/281 289/325/281 296/326/281 288/317/281
f 282/318/282 290/327/282 289/328/282 281/319/282
f 283/320/283 291/329/283 290/327/283 282/318/283
f 284/321/284 292/330/284 291/329/284 283/320/284
f 285/322/285 293/331/285 292/330/285 284/321/285
f 286/323/286 294/332/286 293/331/286 285/322/286
f 287/324/287 295/333/287 294/332/287 286/323/287
f 288/317/288 296/326/288 295/333/288 287/324/288
f 938/334/289 333/335/289 334/336/289 939/337/289
f 324/338/290 942/339/290 967/340/290 359/341/290
f 956/342/291 304/343/291 303/344/291 955/344/291
f 941/345/292 351/345/292 333/335/292 938/334/292
f 319/336/293 326/346/293 309/347/293 318/335/293
f 343/346/294 334/336/294 333/335/294 345/347/294
f 316/348/295 958/349/295 971/350/295 423/351/295
f 372/352/296 362/353/296 355/354/296 365/355/296
f 957/356/297 302/357/297 301/358/297 958/349/297
f 950/359/298 342/359/298 343/346/298 951/360/298
f 955/344/299 303/344/299 302/357/299 957/356/299
f 952/361/300 345/347/300 354/362/300 954/363/300
f 939/337/301 334/336/301 335/364/301 940/365/301
f 944/366/302 299/367/302 300/368/302 943/368/302
f 328/369/303 953/370/303 974/371/303 422/372/303
f 320/364/304 940/365/304 969/373/304 360/374/304
f 959/375/305 347/376/305 348/377/305 960/378/305
f 945/379/306 336/380/306 337/381/306 946/381/306
f 960/378/307 348/377/307 349/382/307 961/383/307
f 946/381/308 337/381/308 299/367/308 944/366/308
f 961/383/309 349/382/309 350/384/309 962/385/309
f 943/368/310 300/368/310 338/386/310 947/386/310
f 962/385/311 350/384/311 298/387/311 963/387/311
f 947/386/312 338/386/312 339/388/312 948/389/312
f 963/387/313 298/387/313 297/390/313 964/390/313
f 964/390/314 297/390/314 304/343/314 956/342/314
f 949/391/315 340/392/315 341/393/315 942/339/315
f 353/363/316 328/369/316 419/394/316 415/395/316 420/396/316 317/397/316 352/398/316
f 333/335/317 351/345/317 354/362/317 345/347/317
f 309/347/318 353/363/318 352/398/318 318/335/318
f 937/399/319 332/400/319 351/345/319 941/345/319
f 351/345/320 332/400/320 402/396/320 394/401/320 399/402/320 346/370/320 354/362/320
f 954/363/321 953/370/321 328/369/321 353/363/321
f 412/403/322 401/404/322 347/376/322 398/405/322
f 301/358/323 302/357/323 348/377/323 347/376/323 401/404/323 395/406/323 400/407/323
f 302/357/320 303/344/320 349/382/320 348/377/320
f 303/344/320 304/343/320 350/384/320 349/382/320
f 304/343/320 297/390/320 298/387/320 350/384/320
f 431/408/324 421/409/324 316/348/324 423/351/324
f 329/410/325 330/411/325 315/412/325 316/348/325 421/409/325 414/413/325 418/414/325
f 330/411/316 331/382/316 314/344/316 315/412/316
f 331/382/316 308/384/316 313/343/316 314/344/316
f 308/384/316 311/387/316 312/390/316 313/343/316
f 951/360/326 343/346/326 345/347/326 952/361/326
f 326/346/327 319/336/327 320/364/327 364/415/327 356/416/327 363/417/327 325/359/327
f 370/418/296 361/419/296 324/338/296 359/341/296
f 321/420/296 322/381/296 310/421/296 324/338/296 361/419/296 355/354/296 362/353/296
f 322/381/296 323/386/296 305/388/296 310/421/296
f 323/386/296 322/381/296 307/367/296 306/368/296
f 343/346/294 342/359/294 385/417/294 376/416/294 381/415/294 335/364/294 334/336/294
f 392/422/328 380/423/328 336/380/328 379/424/328
f 341/393/294 340/392/294 337/381/294 336/380/294 380/423/294 375/425/294 384/426/294
f 340/392/294 339/388/294 338/386/294 337/381/294
f 338/386/294 300/368/294 299/367/294 337/381/294
f 369/427/296 368/428/296 327/429/296 358/430/296
f 356/416/296 366/431/296 369/427/296 363/417/296
f 363/417/296 369/427/296 358/430/296 325/359/296
f 365/355/296 355/354/296 361/419/296 370/418/296
f 368/428/296 370/418/296 359/341/296 327/429/296
f 360/374/296 344/432/296 367/433/296 371/434/296
f 320/364/296 360/374/296 371/434/296 364/415/296
f 364/415/296 371/434/296 366/431/296 356/416/296
f 357/435/296 321/420/296 362/353/296 372/352/296
f 344/432/296 357/435/296 372/352/296 367/433/296
f 391/436/329 384/426/329 375/425/329 386/437/329
f 404/438/330 301/358/330 400/407/330 409/439/330
f 390/440/331 389/441/331 374/442/331 383/443/331
f 411/444/332 408/445/332 393/446/332 403/447/332
f 376/416/333 387/448/333 390/440/333 381/415/333
f 381/415/334 390/440/334 383/443/334 335/364/334
f 378/449/335 373/450/335 388/451/335 387/452/335
f 342/359/336 378/449/336 387/452/336 385/417/336
f 385/417/337 387/452/337 376/416/337
f 382/453/338 341/393/338 384/426/338 391/436/338
f 373/450/339 382/453/339 391/436/339 388/451/339
f 417/454/340 329/410/340 418/414/340 428/455/340
f 386/437/341 375/425/341 380/423/341 392/422/341
f 409/439/342 400/407/342 395/406/342 405/456/342
f 389/441/343 392/422/343 379/424/343 374/442/343
f 377/457/344 404/438/344 409/439/344 407/458/344
f 430/459/345 427/460/345 396/461/345 416/462/345
f 397/463/346 377/457/346 407/458/346 410/464/346
f 332/400/347 397/463/347 410/464/347 402/396/347
f 402/396/348 410/464/348 406/465/348 394/401/348
f 394/401/349 406/465/349 411/444/349 399/402/349
f 399/402/350 411/444/350 403/447/350 346/370/350
f 405/456/351 395/406/351 401/404/351 412/403/351
f 428/455/352 418/414/352 414/413/352 424/466/352
f 408/445/353 412/403/353 398/405/353 393/446/353
f 413/467/354 417/454/354 428/455/354 426/468/354
f 422/372/355 413/467/355 426/468/355 429/469/355
f 328/369/356 422/372/356 429/469/356 419/394/356
f 419/394/357 429/469/357 425/470/357 415/395/357
f 415/395/358 425/470/358 430/459/358 420/396/358
f 420/396/359 430/459/359 416/462/359 317/397/359
f 424/466/360 414/413/360 421/409/360 431/408/360
f 427/460/361 431/408/361 423/351/361 396/461/361
f 1562/471/362 538/472/362 438/473/362 1563/474/362
f 553/475/363 537/476/363 433/477/363 530/478/363
f 1406/479/364 1407/480/364 466/481/364 544/479/364
f 551/482/365 498/483/365 433/484/365 537/485/365
f 1564/486/366 555/487/366 441/488/366 1565/489/366
f 1566/490/367 539/491/367 440/492/367 1567/493/367
f 814/494/368 540/495/368 443/496/368 815/497/368
f 816/498/369 556/499/369 444/500/369 817/501/369
f 818/502/370 541/503/370 445/504/370 819/505/370
f 1496/506/371 542/507/371 446/508/371 1497/509/371
f 1498/510/372 557/511/372 449/512/372 1499/513/372
f 1500/514/373 543/515/373 448/516/373 1501/517/373
f 554/518/374 432/519/374 450/519/374 558/520/374
f 504/521/375 435/522/375 461/522/375 506/521/375
f 819/505/376 820/523/376 450/519/376 432/524/376
f 1563/474/377 1568/8/377 453/8/377 445/504/377
f 1538/525/378 1539/8/378 454/8/378 438/473/378
f 530/526/379 531/527/379 456/528/379 446/508/379
f 458/484/380 433/484/380 460/484/380 462/484/380
f 435/8/381 459/8/381 463/8/381 461/8/381
f 1422/529/382 1423/530/382 471/531/382 564/532/382
f 1408/533/383 1409/534/383 464/535/383 527/536/383
f 1410/537/384 1411/538/384 467/539/384 563/540/384
f 1412/541/385 1413/542/385 465/543/385 545/544/385
f 547/545/386 469/546/386 1345/547/386 1346/548/386
f 1424/549/387 1425/550/387 468/551/387 528/552/387
f 1426/545/388 1427/553/388 469/546/388 547/545/388
f 1428/554/389 1429/555/389 470/556/389 546/557/389
f 546/557/390 470/556/390 1349/558/390 1350/554/390
f 564/532/391 471/531/391 1347/559/391 1348/560/391
f 528/552/392 468/551/392 1351/561/392 1352/562/392
f 496/563/393 486/564/393 1353/564/393 1354/565/393
f 508/566/394 487/567/394 1355/567/394 1356/568/394
f 1430/569/395 1431/564/395 486/564/395 496/563/395
f 1414/570/396 1415/567/396 485/571/396 507/572/396
f 1416/573/397 1417/574/397 484/575/397 495/576/397
f 1432/577/398 1433/567/398 487/567/398 508/566/398
f 498/483/375 477/578/375 483/578/375 500/483/375
f 510/579/399 476/564/399 482/564/399 514/579/399
f 1502/580/400 513/581/400 2564/582/400 481/583/400 1503/584/400
f 821/585/401 512/586/401 480/587/401 822/588/401
f 1569/589/402 511/590/402 479/591/402 1570/592/402
f 552/593/403 504/521/403 477/578/403 550/594/403 2566/595/403 2556/596/403
f 433/484/380 498/483/380 500/483/380 460/484/380
f 1418/597/404 1416/573/404 495/576/404 559/598/404
f 1434/599/405 1430/569/405 496/563/405 560/600/405
f 560/600/406 496/563/406 1354/565/406 1357/601/406
f 487/567/407 502/602/407 1358/603/407 1355/567/407
f 1415/567/408 1419/604/408 501/605/408 485/571/408
f 1433/567/409 1435/606/409 502/602/409 487/567/409
f 476/564/410 490/607/410 494/607/410 482/564/410
f 1503/584/411 481/583/411 493/608/411 1504/609/411
f 822/588/412 480/587/412 492/610/412 823/611/412
f 1570/592/413 479/591/413 491/612/413 1571/613/413
f 550/594/414 477/578/414 498/483/414 551/482/414 2557/614/414 2567/615/414
f 535/250/415 435/522/415 504/521/415 552/593/415
f 1572/616/416 523/617/416 511/590/416 1569/589/416
f 824/618/417 524/619/417 512/586/417 821/585/417
f 1505/620/418 525/621/418 2558/622/418 2568/623/418 513/581/418 1502/580/418
f 522/624/419 510/579/419 514/579/419 526/624/419
f 1436/625/420 1432/577/420 508/566/420 520/626/420
f 1420/627/421 1414/570/421 507/572/421 519/628/421
f 520/626/422 508/566/422 1356/568/422 1359/629/422
f 486/564/423 516/630/423 1360/631/423 1353/564/423
f 1431/564/424 1437/632/424 516/630/424 486/564/424
f 1417/574/425 1421/633/425 515/634/425 484/575/425
f 477/578/375 504/521/375 506/521/375 483/578/375
f 470/556/426 520/626/426 1359/629/426 1349/558/426
f 1407/480/427 1420/627/427 519/628/427 466/481/427
f 1429/555/428 1436/625/428 520/626/428 470/556/428
f 434/635/429 522/624/429 526/624/429 451/635/429
f 1501/517/430 448/516/430 525/621/430 1505/620/430
f 815/497/431 443/496/431 524/619/431 824/618/431
f 1567/493/432 440/492/432 523/617/432 1572/616/432
f 516/630/433 528/552/433 1352/562/433 1360/631/433
f 1437/632/434 1424/549/434 528/552/434 516/630/434
f 1421/633/435 1408/533/435 527/536/435 515/634/435
f 1573/8/436 1574/636/436 442/637/436 452/8/436
f 433/484/437 458/484/437 531/527/437 530/526/437
f 542/507/438 553/475/438 530/478/438 446/508/438
f 2571/638/439 2572/639/439 2567/615/439 2557/614/439 2563/640/439
f 825/641/440 434/635/440 451/635/440 826/642/440
f 1540/8/441 1541/643/441 439/644/441 455/8/441
f 533/8/442 532/645/442 447/646/442 457/8/442
f 459/8/443 435/647/443 532/645/443 533/8/443
f 447/646/444 532/645/444 448/648/444 543/515/444
f 521/649/445 509/650/445 489/651/445 503/652/445 565/653/445 475/654/445 549/655/445 473/656/445 561/657/445 497/658/445 488/659/445 517/660/445 529/661/445 472/662/445 548/663/445 474/664/445
f 468/665/446 546/557/446 1350/554/446 1351/666/446
f 1425/667/389 1428/554/389 546/557/389 468/665/389
f 1423/530/388 1426/545/388 547/545/388 471/531/388
f 471/531/447 547/545/447 1346/548/447 1347/559/447
f 1411/538/448 1412/541/448 545/544/448 467/539/448
f 1506/668/449 447/646/449 543/515/449 1500/514/449
f 1499/513/450 449/512/450 542/507/450 1496/506/450
f 817/501/451 444/500/451 541/503/451 818/502/451
f 825/669/452 442/637/452 540/495/452 814/494/452
f 1574/636/453 439/644/453 539/491/453 1566/490/453
f 1409/670/454 1406/479/454 544/479/454 464/666/454
f 532/645/455 435/647/455 535/671/455 448/648/455
f 1565/489/456 441/488/456 538/472/456 1562/471/456
f 469/672/457 560/600/457 1357/601/457 1345/673/457
f 1427/674/458 1434/599/458 560/600/458 469/672/458
f 1413/675/459 1418/597/459 559/598/459 465/676/459
f 502/602/460 564/532/460 1348/560/460 1358/603/460
f 1419/604/461 1410/537/461 563/540/461 501/605/461
f 1435/606/462 1422/529/462 564/532/462 502/602/462
f 490/607/463 554/518/463 558/520/463 494/607/463
f 1504/609/464 493/608/464 557/511/464 1498/510/464
f 823/611/465 492/610/465 556/499/465 816/498/465
f 1571/613/466 491/612/466 555/487/466 1564/486/466
f 499/677/467 562/678/467 581/679/467 573/680/467
f 432/519/468 554/518/468 580/681/468 568/682/468
f 434/683/469 534/554/469 579/554/469 567/684/469
f 436/685/470 536/686/470 578/548/470 569/687/470
f 510/579/471 522/624/471 577/688/471 575/689/471
f 437/690/472 518/691/472 576/692/472 566/693/472
f 476/564/473 510/579/473 575/689/473 571/564/473
f 518/691/474 505/694/474 574/695/474 576/692/474
f 478/571/475 499/677/475 573/680/475 570/567/475
f 554/518/476 490/607/476 572/696/476 580/681/476
f 490/607/477 476/564/477 571/564/477 572/696/477
f 505/694/478 478/571/478 570/567/478 574/695/478
f 536/686/479 432/524/479 568/697/479 578/548/479
f 562/678/480 436/685/480 569/687/480 581/679/480
f 522/624/481 434/635/481 567/698/481 577/688/481
f 534/554/482 437/690/482 566/693/482 579/554/482
f 1575/699/483 1576/700/483 590/473/483 688/472/483
f 702/648/484 683/701/484 589/702/484 685/671/484
f 637/703/485 860/704/485 859/705/485 977/706/485 587/707/485
f 701/475/486 680/478/486 583/477/486 687/476/486 978/708/486
f 1438/554/487 693/479/487 610/481/487 1439/709/487
f 699/482/488 687/485/488 583/484/488 646/483/488
f 1577/710/489 1578/711/489 593/488/489 704/487/489
f 827/712/490 828/713/490 595/496/490 689/495/490
f 829/714/491 830/715/491 596/500/491 705/499/491
f 831/716/492 832/717/492 597/504/492 690/503/492
f 1507/718/493 1508/719/493 598/720/493 691/721/493
f 1509/722/494 1510/723/494 601/512/494 706/511/494
f 295/724/495 296/725/495 600/516/495 692/515/495
f 703/518/496 558/520/496 450/519/496 582/519/496
f 652/521/497 654/521/497 607/522/497 585/522/497
f 832/717/498 582/524/498 450/519/498 820/523/498
f 1576/700/499 597/504/499 453/8/499 1568/8/499
f 1542/726/500 590/473/500 454/8/500 1539/8/500
f 680/526/501 598/720/501 456/528/501 531/527/501
f 683/701/502 600/516/502 869/727/502 865/728/502 589/702/502
f 992/729/503 981/730/503 605/731/503 982/732/503
f 458/484/380 462/484/380 606/484/380 583/484/380
f 585/8/381 607/8/381 463/8/381 459/8/381
f 1483/733/504 713/532/504 615/531/504 5/734/504
f 1440/735/505 677/536/505 608/535/505 1441/736/505
f 1442/737/506 712/540/506 611/539/506 1443/738/506
f 695/545/507 1362/548/507 1361/547/507 613/546/507
f 1484/739/508 678/552/508 612/551/508 1485/740/508
f 6/544/509 695/545/509 613/546/509 7/543/509
f 1486/557/389 694/557/389 614/556/389 1487/741/389
f 694/557/510 1366/554/510 1365/558/510 614/556/510
f 713/532/511 1364/560/511 1363/559/511 615/531/511
f 678/552/512 1368/562/512 1367/561/512 612/551/512
f 644/563/513 1370/565/513 1369/564/513 632/564/513
f 656/566/514 1372/568/514 1371/567/514 633/567/514
f 1488/742/515 644/563/515 632/564/515 1489/564/515
f 1446/743/516 655/572/516 631/571/516 1447/567/516
f 1448/744/517 643/576/517 630/575/517 1449/745/517
f 1490/746/518 656/566/518 633/567/518 1491/747/518
f 640/608/519 862/748/519 861/749/519 626/583/519
f 646/483/497 648/483/497 629/578/497 621/578/497
f 658/579/520 514/579/520 482/564/520 620/564/520
f 1511/750/521 1512/751/521 626/583/521 662/581/521
f 833/752/522 834/753/522 625/587/522 661/586/522
f 1581/754/523 1582/592/523 624/591/523 660/590/523
f 700/593/524 698/594/524 621/578/524 652/521/524
f 659/755/525 864/755/525 863/756/525 623/757/525
f 583/484/380 606/484/380 648/483/380 646/483/380
f 706/511/526 707/758/526 862/748/526 640/608/526
f 1450/759/527 708/598/527 643/576/527 1448/744/527
f 1492/760/528 709/600/528 644/563/528 1488/742/528
f 709/600/529 1373/601/529 1370/565/529 644/563/529
f 633/567/530 1371/567/530 1374/603/530 650/602/530
f 1447/567/531 631/571/531 649/605/531 1451/761/531
f 1491/747/532 633/567/532 650/602/532 1493/762/532
f 620/564/533 482/564/533 494/607/533 636/607/533
f 1512/751/534 1513/763/534 640/608/534 626/583/534
f 834/753/535 835/764/535 639/610/535 625/587/535
f 1582/592/536 1583/613/536 638/612/536 624/591/536
f 698/594/537 699/482/537 646/483/537 621/578/537
f 623/757/538 863/756/538 860/704/538 637/703/538
f 589/702/539 865/728/539 864/755/539 659/755/539
f 685/250/540 700/593/540 652/521/540 585/522/540
f 1584/765/541 1581/754/541 660/590/541 673/617/541
f 836/766/542 833/752/542 661/586/542 674/619/542
f 1514/767/543 1511/750/543 662/581/543 675/621/543
f 672/624/544 526/624/544 514/579/544 658/579/544
f 1494/768/545 670/626/545 656/566/545 1490/746/545
f 1452/769/546 669/628/546 655/572/546 1446/743/546
f 670/626/547 1375/629/547 1372/568/547 656/566/547
f 632/564/548 1369/564/548 1376/631/548 666/630/548
f 1489/564/549 632/564/549 666/630/549 1495/770/549
f 1449/745/550 630/575/550 665/634/550 1453/771/550
f 626/583/551 861/749/551 866/772/551 662/581/551
f 621/578/497 629/578/497 654/521/497 652/521/497
f 614/556/552 1365/558/552 1375/629/552 670/626/552
f 1439/709/553 610/481/553 669/628/553 1452/769/553
f 1487/741/554 614/556/554 670/626/554 1494/768/554
f 584/635/555 451/635/555 526/624/555 672/624/555
f 296/725/556 1514/767/556 675/621/556 600/516/556
f 828/713/557 836/766/557 674/619/557 595/496/557
f 1580/773/558 1584/765/558 673/617/558 592/492/558
f 666/630/559 1376/631/559 1368/562/559 678/552/559
f 1495/770/560 666/630/560 678/552/560 1484/739/560
f 1453/771/561 665/634/561 677/536/561 1440/735/561
f 662/581/562 866/772/562 867/774/562 675/621/562
f 1573/8/563 452/8/563 594/637/563 1585/775/563
f 991/776/564 984/777/564 868/778/564 980/779/564
f 583/484/565 680/526/565 531/527/565 458/484/565
f 691/721/566 598/720/566 680/478/566 701/475/566 985/780/566
f 600/516/567 675/621/567 867/774/567 869/727/567
f 692/515/568 600/516/568 683/701/568 702/648/568
f 837/641/569 826/642/569 451/635/569 584/635/569
f 1540/8/570 455/8/570 591/644/570 1543/643/570
f 533/8/571 457/8/571 599/646/571 682/645/571
f 459/8/572 533/8/572 682/645/572 585/647/572
f 599/646/573 692/515/573 702/648/573 682/645/573
f 990/781/574 985/780/574 701/475/574 987/782/574
f 667/783/575 634/784/575 645/785/575 710/786/575 617/787/575 697/788/575 619/789/575 714/790/575 651/791/575 635/792/575 657/793/575 671/794/575 618/795/575 696/796/575 616/797/575 679/798/575
f 589/702/576 659/755/576 700/593/576 685/250/576
f 623/757/577 637/703/577 699/482/577 698/594/577
f 659/755/578 623/757/578 698/594/578 700/593/578
f 612/665/579 1367/666/579 1366/554/579 694/557/579
f 1485/799/389 612/665/389 694/557/389 1486/557/389
f 5/734/580 615/531/580 695/545/580 6/544/580
f 615/531/581 1363/559/581 1362/548/581 695/545/581
f 294/800/582 295/724/582 692/515/582 599/646/582
f 1510/723/583 1507/718/583 691/721/583 986/801/583 601/512/583
f 830/715/584 831/716/584 690/503/584 596/500/584
f 837/669/585 827/712/585 689/495/585 594/637/585
f 637/703/586 587/707/586 988/802/586 687/485/586 699/482/586
f 1441/803/587 608/666/587 693/479/587 1438/554/587
f 989/804/588 978/708/588 687/476/588 988/805/588
f 682/645/589 702/648/589 685/671/589 585/647/589
f 1578/711/590 1575/699/590 688/472/590 593/488/590
f 613/672/591 1361/673/591 1373/601/591 709/600/591
f 7/806/592 613/672/592 709/600/592 1492/760/592
f 1445/807/593 609/676/593 708/598/593 1450/759/593
f 601/512/594 982/732/594 605/731/594 707/758/594 706/511/594
f 650/602/595 1374/603/595 1364/560/595 713/532/595
f 1451/761/596 649/605/596 712/540/596 1442/737/596
f 1493/762/597 650/602/597 713/532/597 1483/733/597
f 636/607/598 494/607/598 558/520/598 703/518/598
f 1513/763/599 1509/722/599 706/511/599 640/608/599
f 835/764/600 829/714/600 705/499/600 639/610/600
f 1583/613/601 1577/710/601 704/487/601 638/612/601
f 647/677/602 722/680/602 730/679/602 711/678/602
f 582/519/603 717/682/603 729/681/603 703/518/603
f 584/683/604 716/684/604 728/554/604 684/554/604
f 586/685/605 718/687/605 727/548/605 686/686/605
f 658/579/606 724/689/606 726/688/606 672/624/606
f 588/690/607 715/693/607 725/692/607 668/691/607
f 620/564/608 720/564/608 724/689/608 658/579/608
f 668/691/609 725/692/609 723/695/609 653/694/609
f 622/571/610 719/567/610 722/680/610 647/677/610
f 703/518/611 729/681/611 721/696/611 636/607/611
f 636/607/612 721/696/612 720/564/612 620/564/612
f 653/694/613 723/695/613 719/567/613 622/571/613
f 686/686/614 727/548/614 717/697/614 582/524/614
f 711/678/615 730/679/615 718/687/615 586/685/615
f 672/624/616 726/688/616 716/698/616 584/635/616
f 684/554/617 728/554/617 715/693/617 588/690/617
f 605/731/618 981/730/618 868/778/618 862/748/618 707/758/618
f 3042/808/619 2841/809/619 734/225/619 2842/810/619
f 809/245/620 2844/811/620 2843/812/620
f 3041/813/621 2848/814/621 737/222/621 2849/815/621
f 811/250/622 2851/593/622 2874/816/622 2850/817/622
f 3040/818/623 2843/812/623 733/218/623 2854/819/623
f 3039/820/624 2846/821/624 738/221/624 2857/822/624
f 732/249/625 2858/823/625 3009/824/625 2848/814/625
f 738/221/626 2849/815/626 2986/825/626 2860/647/626
f 2822/755/627 2995/826/627 2852/827/627 2812/828/627
f 3038/805/628 2865/476/628 740/191/628 2866/829/628
f 3037/830/629 2860/647/629 745/194/629 2868/831/629
f 2813/832/630 2821/833/630 2829/833/630 2826/832/630 2879/832/630
f 735/224/631 2842/810/631 2938/834/631 2811/756/631
f 733/218/632 2845/835/632 2865/476/632
f 3036/836/633 2872/837/633 752/167/633 2873/838/633
f 744/195/634 2887/839/634 2893/840/634 2814/841/634
f 742/197/635 2869/842/635 3002/843/635 2817/844/635
f 740/191/636 2870/845/636 2877/846/636
f 745/194/637 2862/847/637 3007/848/637 2872/837/637
f 3035/849/638 2877/846/638 747/164/638 2880/850/638
f 2734/851/639 2772/852/639 2779/853/639 2723/854/639
f 3034/855/640 2883/856/640 755/144/640 2884/857/640
f 747/164/641 2878/858/641 2885/859/641
f 2732/860/642 2725/861/642 2754/861/642 2757/860/642
f 750/169/643 2818/862/643 2990/863/643 2722/864/643
f 3033/865/644 2885/859/644 754/137/644 2889/866/644
f 753/867/645 2873/838/645 2998/868/645 2890/869/645
f 2732/860/646 2727/554/646 2774/870/646 2778/871/646
f 757/142/647 2888/872/647 2881/873/647 2729/874/647
f 3032/875/648 2897/548/648 761/876/648 2898/877/648
f 760/878/649 2891/879/649 2923/880/649 2899/881/649
f 2731/882/650 2775/883/650 2769/884/650
f 3031/885/651 2896/886/651 762/887/651 2902/888/651
f 754/137/652 2886/889/652 2897/548/652
f 3030/890/653 2905/891/653 770/89/653 2906/892/653
f 3029/893/654 2908/894/654 768/83/654 2909/895/654
f 3028/896/655 2911/897/655 773/86/655 2912/898/655
f 765/899/656 2730/900/656 3001/901/656 2913/902/656
f 3027/903/657 2907/904/657 769/90/657 2915/905/657
f 761/876/658 2903/906/658 2908/894/658
f 766/907/659 2728/908/659 2930/909/659 2911/897/659
f 3026/910/660 2919/911/660 781/912/660 2920/913/660
f 772/87/661 2914/914/661 2999/915/661 2921/916/661
f 3025/917/662 2925/918/662 777/919/662 2926/920/662
f 768/83/663 2916/921/663 2927/922/663
f 3024/923/664 2921/916/664 780/924/664 2929/925/664
f 771/88/665 2906/892/665 3000/926/665 2922/927/665
f 3023/928/666 2927/922/666 776/929/666 2931/930/666
f 778/931/667 2926/920/667 2932/932/667 2794/933/667
f 776/929/668 2928/934/668 2935/935/668
f 781/912/669 2929/925/669 2946/936/669 2937/937/669
f 2806/938/670 2993/939/670 2962/940/670 2797/941/670
f 3022/942/671 2935/935/671 783/943/671 2940/944/671
f 3021/945/672 2937/937/672 787/946/672 2942/947/672
f 2797/941/673 2803/948/673 2834/948/673 2832/941/673
f 787/946/674 2939/949/674 3003/950/674 2943/951/674
f 2803/948/675 2800/952/675 2833/952/675 2834/948/675
f 3020/953/676 2948/954/676 789/4/676 2949/955/676
f 3019/956/677 2943/951/677 794/9/677 2951/957/677
f 2804/958/678 2800/952/678 2977/959/678 3005/960/678
f 785/961/679 2934/962/679 2944/963/679 2801/964/679
f 783/943/680 2936/965/680 2948/954/680
f 790/333/681 2949/966/681 2991/967/681 2737/968/681
f 3018/969/682 2959/970/682 800/971/682 2960/972/682
f 793/330/683 2802/973/683 3004/974/683 2961/975/683
f 2750/976/684 2791/977/684 2785/978/684 2740/979/684
f 789/326/685 2954/980/685 2956/981/685
f 3017/982/686 2961/975/686 799/983/686 2965/984/686
f 2743/985/687 2747/521/687 2764/521/687 2763/985/687
f 3016/986/688 2967/987/688 807/988/688 2968/989/688
f 799/983/689 2963/990/689 2994/991/689 2969/992/689
f 2748/483/690 2789/993/690 2782/994/690
f 796/995/691 2964/996/691 2974/997/691
f 3015/998/692 2969/992/692 806/999/692 2976/1000/692
f 2747/521/693 2743/985/693 2786/1001/693 2787/1002/693
f 797/1003/694 2957/1004/694 2992/1005/694 2744/484/694
f 802/1006/695 2975/1007/695 2979/1008/695
f 3014/1009/696 2981/1010/696 732/249/696 2847/1011/696
f 805/1012/697 2746/1013/697 2859/1014/697 2982/1015/697
f 3013/1016/698 2979/1008/698 809/245/698 2853/1017/698
f 3012/1018/699 2980/1019/699 812/248/699 2856/1020/699
f 3011/1021/700 2982/1015/700 811/250/700 2858/823/700
f 804/1022/701 2745/1023/701 2952/1024/701 2983/1025/701
f 654/521/702 801/1026/702 2966/1027/702 808/1028/702 607/522/702
f 629/578/702 795/1029/702 2958/1030/702 801/1026/702 654/521/702
f 629/578/702 648/483/702 788/1031/702 2950/1032/702 795/1029/702
f 648/483/703 606/484/703 782/1033/703 2941/1034/703 788/1031/703
f 462/484/703 774/1035/703 2918/1036/703 782/1033/703 606/484/703
f 460/484/703 767/1037/703 2910/1038/703 774/1035/703 462/484/703
f 460/484/703 500/483/703 760/878/703 2899/881/703 767/1037/703
f 500/483/704 483/578/704 753/867/704 2890/869/704 760/878/704
f 506/521/704 746/1039/704 2871/1040/704 753/867/704 483/578/704
f 461/522/704 739/1041/704 2867/1042/704 746/1039/704 506/521/704
f 461/522/705 463/8/705 813/1043/705 2855/1044/705 739/1041/705
f 463/8/705 607/522/705 808/1028/705 2985/1045/705 813/1043/705
f 647/677/706 711/678/706 829/714/706 835/764/706
f 584/683/707 684/554/707 827/712/707 837/669/707
f 586/685/708 686/686/708 831/716/708 830/715/708
f 594/637/709 452/8/709 826/642/709 837/641/709
f 588/690/710 668/691/710 836/766/710 828/713/710
f 668/691/711 653/694/711 833/752/711 836/766/711
f 622/571/712 647/677/712 835/764/712 834/753/712
f 653/694/713 622/571/713 834/753/713 833/752/713
f 597/504/714 832/717/714 820/523/714 453/8/714
f 686/686/715 582/524/715 832/717/715 831/716/715
f 711/678/716 586/685/716 830/715/716 829/714/716
f 684/554/717 588/690/717 828/713/717 827/712/717
f 499/677/718 823/611/718 816/498/718 562/678/718
f 434/683/719 825/669/719 814/494/719 534/554/719
f 436/685/720 817/501/720 818/502/720 536/686/720
f 442/637/721 825/641/721 826/642/721 452/8/721
f 437/690/722 815/497/722 824/618/722 518/691/722
f 518/691/723 824/618/723 821/585/723 505/694/723
f 478/571/724 822/588/724 823/611/724 499/677/724
f 505/694/725 821/585/725 822/588/725 478/571/725
f 445/504/726 453/8/726 820/523/726 819/505/726
f 536/686/727 818/502/727 819/505/727 432/524/727
f 562/678/728 816/498/728 817/501/728 436/685/728
f 534/554/729 814/494/729 815/497/729 437/690/729
f 1522/1046/730 1523/1047/730 853/1048/730 857/1049/730
f 1524/1050/731 1525/1051/731 851/1052/731 854/1053/731
f 1515/8/732 849/8/732 293/1054/732 294/800/732
f 290/1055/733 1526/1056/733 858/1057/733 289/1058/733
f 1526/1056/734 1527/1059/734 855/1060/734 858/1057/734
f 1528/1061/735 1522/1046/735 857/1049/735 856/1062/735
f 1527/1059/736 1528/1061/736 856/1062/736 855/1060/736
f 1508/719/737 852/1063/737 844/8/737 1516/1064/737
f 1523/1047/738 1524/1050/738 854/1053/738 853/1048/738
f 1525/1051/739 1521/1065/739 852/1063/739 851/1052/739
f 1529/1066/740 847/1067/740 840/1068/740 1530/1069/740
f 1531/1070/741 841/1071/741 838/1072/741 1532/1073/741
f 1520/1074/742 850/1075/742 842/1076/742 1533/1077/742
f 1515/8/743 1506/668/743 850/1075/743 849/8/743
f 1534/1078/744 843/1079/744 848/1080/744 1535/1081/744
f 1535/1081/745 848/1080/745 845/1082/745 1536/1083/745
f 1537/1061/746 846/1062/746 847/1067/746 1529/1066/746
f 1536/1083/747 845/1082/747 846/1062/747 1537/1061/747
f 1497/509/748 1516/1064/748 844/8/748 839/1084/748
f 1533/1077/749 842/1076/749 843/1079/749 1534/1078/749
f 1530/1069/750 840/1068/750 841/1071/750 1531/1070/750
f 1532/1073/751 838/1072/751 839/1084/751 1517/1085/751
f 927/1086/752 926/1087/752 895/1087/752 892/1088/752
f 860/704/753 1288/1089/753 1307/1089/753 1305/704/753
f 1289/1090/754 1282/1091/754 1339/1091/754 1340/1090/754
f 864/755/755 1290/1092/755 1295/1092/755 1293/755/755
f 1288/1089/756 860/704/756 1297/704/756 1299/1089/756
f 1290/1092/757 864/755/757 1314/755/757 1315/1092/757
f 1282/1091/758 1284/1093/758 1344/1093/758 1343/1091/758
f 1285/1094/759 867/774/759 1330/774/759 1332/1094/759
f 984/777/760 859/705/760 1311/705/760 1308/777/760
f 1287/1095/761 869/727/761 1325/727/761 1328/1095/761
f 869/727/762 1287/1095/762 1323/1095/762 1322/727/762
f 1286/1096/763 1289/1090/763 1336/1090/763 1335/1096/763
f 642/1097/764 872/1098/764 905/1098/764 904/1097/764
f 604/1099/765 602/1100/765 876/1101/765 879/1102/765
f 676/1103/766 604/1099/766 879/1102/766 878/1104/766
f 872/1098/767 888/1105/767 907/1105/767 905/1098/767
f 664/1106/768 676/1103/768 878/1104/768 877/1107/768
f 628/1108/769 664/1106/769 877/1107/769 873/1109/769
f 602/1100/770 663/1110/770 874/1111/770 876/1101/770
f 627/1087/771 641/1088/771 870/1112/771 875/1113/771
f 663/1110/772 627/1087/772 875/1113/772 874/1111/772
f 642/1097/773 628/1108/773 873/1109/773 872/1098/773
f 641/1088/774 603/1114/774 871/1115/774 870/1112/774
f 681/1116/775 642/1097/775 904/1097/775 903/1116/775
f 879/1102/776 876/1101/776 890/1117/776 886/1118/776
f 878/1104/777 879/1102/777 886/1118/777 884/1119/777
f 871/1115/778 603/1114/778 902/1114/778 906/1115/778
f 877/1107/779 878/1104/779 884/1119/779 883/1120/779
f 873/1109/780 877/1107/780 883/1120/780 881/1121/780
f 876/1101/781 874/1111/781 889/1122/781 890/1117/781
f 875/1113/782 870/1112/782 887/1123/782 882/1124/782
f 874/1111/783 875/1113/783 882/1124/783 889/1122/783
f 872/1098/784 873/1109/784 881/1121/784 888/1105/784
f 870/1112/785 871/1115/785 880/1125/785 887/1123/785
f 891/1114/786 892/1088/786 895/1087/786 896/1110/786 897/1100/786 901/1099/786 899/1103/786 898/1106/786 893/1108/786 894/1097/786 900/1116/786
f 929/1126/787 928/1127/787 900/1116/787 894/1097/787
f 930/1128/788 927/1086/788 892/1088/788 891/1114/788
f 928/1127/789 930/1128/789 891/1114/789 900/1116/789
f 932/1110/790 931/1100/790 897/1100/790 896/1110/790
f 933/1129/791 929/1126/791 894/1097/791 893/1108/791
f 935/1130/792 934/1103/792 899/1103/792 901/1099/792
f 936/1106/793 933/1129/793 893/1108/793 898/1106/793
f 926/1087/794 932/1110/794 896/1110/794 895/1087/794
f 931/1100/795 935/1130/795 901/1099/795 897/1100/795
f 934/1103/796 936/1106/796 898/1106/796 899/1103/796
f 906/1115/797 902/1114/797 406/1128/797 410/1115/797
f 902/1114/798 903/1116/798 411/1116/798 406/1128/798
f 909/1131/799 908/1125/799 407/1125/799 409/1131/799
f 888/1105/800 885/1131/800 909/1131/800 907/1105/800
f 880/1125/801 871/1115/801 906/1115/801 908/1125/801
f 603/1114/802 681/1116/802 903/1116/802 902/1114/802
f 885/1131/803 880/1125/803 908/1125/803 909/1131/803
f 917/1131/804 916/1125/804 371/1125/804 367/1132/804
f 912/1097/805 913/1098/805 365/1098/805 370/1097/805
f 913/1098/806 915/1105/806 372/1105/806 365/1098/806
f 916/1125/807 914/1115/807 366/1133/807 371/1125/807
f 907/1105/808 909/1131/808 409/1131/808 405/1134/808
f 908/1125/809 906/1115/809 410/1115/809 407/1125/809
f 905/1098/810 907/1105/810 405/1134/810 412/1098/810
f 904/1097/811 905/1098/811 412/1098/811 408/1097/811
f 918/1114/812 919/1116/812 994/1116/812 993/1114/812
f 925/1131/813 924/1125/813 999/1125/813 1000/1131/813
f 920/1097/814 921/1098/814 996/1098/814 995/1097/814
f 921/1098/815 923/1105/815 998/1105/815 996/1098/815
f 910/1114/816 911/1116/816 368/1116/816 369/1114/816
f 914/1115/817 910/1114/817 369/1114/817 366/1133/817
f 911/1116/818 912/1097/818 370/1097/818 368/1116/818
f 915/1105/819 917/1131/819 367/1132/819 372/1105/819
f 676/1103/820 664/1106/820 936/1106/820 934/1103/820
f 602/1100/821 604/1099/821 935/1130/821 931/1100/821
f 627/1087/822 663/1110/822 932/1110/822 926/1087/822
f 664/1106/823 628/1108/823 933/1129/823 936/1106/823
f 604/1099/824 676/1103/824 934/1103/824 935/1130/824
f 628/1108/825 642/1097/825 929/1126/825 933/1129/825
f 663/1110/826 602/1100/826 931/1100/826 932/1110/826
f 681/1116/827 603/1114/827 930/1128/827 928/1127/827
f 603/1114/828 641/1088/828 927/1086/828 930/1128/828
f 642/1097/829 681/1116/829 928/1127/829 929/1126/829
f 641/1088/830 627/1087/830 926/1087/830 927/1086/830
f 427/1125/831 430/1135/831 914/1115/831 916/1125/831
f 904/1097/832 408/1097/832 411/1116/832 903/1116/832
f 430/1135/833 425/1136/833 910/1114/833 914/1115/833
f 431/1131/834 427/1125/834 916/1125/834 917/1131/834
f 429/1116/835 426/1137/835 912/1097/835 911/1116/835
f 425/1136/836 429/1116/836 911/1116/836 910/1114/836
f 428/1098/837 424/1105/837 915/1105/837 913/1098/837
f 424/1105/838 431/1131/838 917/1131/838 915/1105/838
f 426/1137/839 428/1098/839 913/1098/839 912/1097/839
f 387/1133/840 388/1114/840 918/1114/840 922/1115/840
f 392/1105/841 389/1131/841 925/1131/841 923/1105/841
f 355/1138/842 392/1105/842 923/1105/842 921/1098/842
f 390/1125/843 387/1133/843 922/1115/843 924/1125/843
f 389/1131/844 390/1125/844 924/1125/844 925/1131/844
f 391/1116/845 386/1097/845 920/1097/845 919/1116/845
f 386/1097/846 355/1138/846 921/1098/846 920/1097/846
f 388/1114/847 391/1116/847 919/1116/847 918/1114/847
f 949/391/848 948/389/848 339/388/848 340/392/848
f 317/397/849 937/399/849 941/345/849 352/398/849
f 319/336/850 939/337/850 940/365/850 320/364/850
f 352/398/851 941/345/851 938/334/851 318/335/851
f 318/335/852 938/334/852 939/337/852 319/336/852
f 310/392/853 305/388/853 948/389/853 949/391/853
f 310/392/854 949/391/854 942/339/854 324/338/854
f 323/386/855 947/386/855 948/389/855 305/388/855
f 306/368/856 943/368/856 947/386/856 323/386/856
f 322/381/857 946/381/857 944/366/857 307/367/857
f 321/420/858 945/379/858 946/381/858 322/381/858
f 307/367/859 944/366/859 943/368/859 306/368/859
f 326/346/860 951/360/860 952/361/860 309/347/860
f 354/362/861 346/370/861 953/370/861 954/363/861
f 309/347/862 952/361/862 954/363/862 353/363/862
f 325/359/863 950/359/863 951/360/863 326/346/863
f 312/390/864 964/390/864 956/342/864 313/343/864
f 311/387/865 963/387/865 964/390/865 312/390/865
f 308/384/866 962/385/866 963/387/866 311/387/866
f 331/382/867 961/383/867 962/385/867 308/384/867
f 330/411/868 960/378/868 961/383/868 331/382/868
f 329/410/869 959/375/869 960/378/869 330/411/869
f 314/344/870 955/344/870 957/356/870 315/412/870
f 315/412/871 957/356/871 958/349/871 316/348/871
f 313/343/872 956/342/872 955/344/872 314/344/872
f 942/339/873 341/393/873 382/453/873 967/340/873
f 382/453/874 373/450/874 966/1139/874 967/340/874
f 373/450/875 378/449/875 965/1140/875 966/1139/875
f 378/449/876 342/359/876 950/359/876 965/1140/876
f 950/359/877 325/359/877 358/430/877 965/1140/877
f 358/430/878 327/429/878 966/1139/878 965/1140/878
f 327/429/879 359/341/879 967/340/879 966/1139/879
f 940/365/880 335/364/880 383/443/880 969/373/880
f 383/443/881 374/442/881 970/1141/881 969/373/881
f 374/442/882 379/424/882 968/1142/882 970/1141/882
f 379/424/883 336/380/883 945/379/883 968/1142/883
f 945/379/884 321/420/884 357/435/884 968/1142/884
f 357/435/885 344/432/885 970/1141/885 968/1142/885
f 344/432/886 360/374/886 969/373/886 970/1141/886
f 958/349/887 301/358/887 404/438/887 971/350/887
f 404/438/888 377/457/888 973/1143/888 971/350/888
f 377/457/889 397/463/889 972/1144/889 973/1143/889
f 397/463/890 332/400/890 937/399/890 972/1144/890
f 937/399/891 317/397/891 416/462/891 972/1144/891
f 416/462/892 396/461/892 973/1143/892 972/1144/892
f 396/461/893 423/351/893 971/350/893 973/1143/893
f 953/370/894 346/370/894 403/447/894 974/371/894
f 403/447/895 393/446/895 976/1145/895 974/371/895
f 393/446/896 398/405/896 975/1146/896 976/1145/896
f 398/405/897 347/376/897 959/375/897 975/1146/897
f 959/375/898 329/410/898 417/454/898 975/1146/898
f 417/454/899 413/467/899 976/1145/899 975/1146/899
f 413/467/900 422/372/900 974/371/900 976/1145/900
f 983/1147/901 989/804/901 988/805/901 587/707/901
f 987/782/902 701/475/902 978/708/902 989/804/902
f 601/512/903 986/801/903 990/781/903 979/1148/903
f 986/801/904 691/721/904 985/780/904 990/781/904
f 587/707/905 977/706/905 991/776/905 983/1147/905
f 977/706/906 859/705/906 984/777/906 991/776/906
f 979/1148/907 992/729/907 982/732/907 601/512/907
f 980/779/908 868/778/908 981/730/908 992/729/908
f 922/1115/909 918/1114/909 993/1114/909 997/1115/909
f 919/1116/910 920/1097/910 995/1097/910 994/1116/910
f 923/1105/911 925/1131/911 1000/1131/911 998/1105/911
f 924/1125/912 922/1115/912 997/1115/912 999/1125/912
f 989/1/913 1001/2/913 1008/3/913 987/4/913
f 983/5/914 1002/6/914 1001/7/914 989/8/914
f 991/9/915 1003/10/915 1002/6/915 983/5/915
f 980/11/916 1004/12/916 1003/10/916 991/9/916
f 992/13/917 1005/14/917 1004/12/917 980/11/917
f 979/15/918 1006/16/918 1005/14/918 992/13/918
f 990/17/919 1007/18/919 1006/16/919 979/15/919
f 987/4/920 1008/3/920 1007/18/920 990/17/920
f 1001/2/921 1009/19/921 1016/20/921 1008/3/921
f 1002/6/922 1010/21/922 1009/22/922 1001/7/922
f 1003/10/923 1011/23/923 1010/21/923 1002/6/923
f 1004/12/924 1012/24/924 1011/23/924 1003/10/924
f 1005/14/925 1013/25/925 1012/24/925 1004/12/925
f 1006/16/926 1014/26/926 1013/25/926 1005/14/926
f 1007/18/927 1015/27/927 1014/26/927 1006/16/927
f 1008/3/928 1016/20/928 1015/27/928 1007/18/928
f 1009/19/929 1017/28/929 1024/29/929 1016/20/929
f 1010/21/930 1018/30/930 1017/31/930 1009/22/930
f 1011/23/931 1019/32/931 1018/30/931 1010/21/931
f 1012/24/932 1020/33/932 1019/32/932 1011/23/932
f 1013/25/933 1021/34/933 1020/33/933 1012/24/933
f 1014/26/934 1022/35/934 1021/34/934 1013/25/934
f 1015/27/935 1023/36/935 1022/35/935 1014/26/935
f 1016/20/936 1024/29/936 1023/36/936 1015/27/936
f 1017/28/937 1025/37/937 1032/38/937 1024/29/937
f 1018/30/938 1026/39/938 1025/40/938 1017/31/938
f 1019/32/939 1027/41/939 1026/39/939 1018/30/939
f 1020/33/940 1028/42/940 1027/41/940 1019/32/940
f 1021/34/941 1029/43/941 1028/42/941 1020/33/941
f 1022/35/942 1030/44/942 1029/43/942 1021/34/942
f 1023/36/943 1031/45/943 1030/44/943 1022/35/943
f 1024/29/944 1032/38/944 1031/45/944 1023/36/944
f 1025/37/945 1033/46/945 1040/47/945 1032/38/945
f 1026/39/946 1034/48/946 1033/49/946 1025/40/946
f 1027/41/947 1035/50/947 1034/48/947 1026/39/947
f 1028/42/948 1036/51/948 1035/50/948 1027/41/948
f 1029/43/949 1037/52/949 1036/51/949 1028/42/949
f 1030/44/950 1038/53/950 1037/52/950 1029/43/950
f 1031/45/951 1039/54/951 1038/53/951 1030/44/951
f 1032/38/952 1040/47/952 1039/54/952 1031/45/952
f 1033/46/953 1041/55/953 1048/56/953 1040/47/953
f 1034/48/954 1042/57/954 1041/58/954 1033/49/954
f 1035/50/955 1043/59/955 1042/57/955 1034/48/955
f 1036/51/956 1044/60/956 1043/59/956 1035/50/956
f 1037/52/957 1045/61/957 1044/60/957 1036/51/957
f 1038/53/958 1046/62/958 1045/61/958 1037/52/958
f 1039/54/959 1047/63/959 1046/62/959 1038/53/959
f 1040/47/960 1048/56/960 1047/63/960 1039/54/960
f 1041/55/961 1049/64/961 1056/65/961 1048/56/961
f 1042/57/962 1050/66/962 1049/67/962 1041/58/962
f 1043/59/963 1051/68/963 1050/66/963 1042/57/963
f 1044/60/964 1052/69/964 1051/68/964 1043/59/964
f 1045/61/965 1053/70/965 1052/69/965 1044/60/965
f 1046/62/966 1054/71/966 1053/70/966 1045/61/966
f 1047/63/967 1055/72/967 1054/71/967 1046/62/967
f 1048/56/968 1056/65/968 1055/72/968 1047/63/968
f 1049/64/969 1057/73/969 1064/74/969 1056/65/969
f 1050/66/970 1058/75/970 1057/76/970 1049/67/970
f 1051/68/971 1059/77/971 1058/75/971 1050/66/971
f 1052/69/972 1060/78/972 1059/77/972 1051/68/972
f 1053/70/973 1061/79/973 1060/78/973 1052/69/973
f 1054/71/974 1062/80/974 1061/79/974 1053/70/974
f 1055/72/975 1063/81/975 1062/80/975 1054/71/975
f 1056/65/976 1064/74/976 1063/81/976 1055/72/976
f 1057/73/977 1065/82/977 1072/83/977 1064/74/977
f 1058/75/978 1066/84/978 1065/85/978 1057/76/978
f 1059/77/979 1067/86/979 1066/84/979 1058/75/979
f 1060/78/980 1068/87/980 1067/86/980 1059/77/980
f 1061/79/981 1069/88/981 1068/87/981 1060/78/981
f 1062/80/982 1070/89/982 1069/88/982 1061/79/982
f 1063/81/983 1071/90/983 1070/89/983 1062/80/983
f 1064/74/984 1072/83/984 1071/90/984 1063/81/984
f 1065/82/985 1073/91/985 1080/92/985 1072/83/985
f 1066/84/986 1074/93/986 1073/94/986 1065/85/986
f 1067/86/987 1075/95/987 1074/93/987 1066/84/987
f 1068/87/988 1076/96/988 1075/95/988 1067/86/988
f 1069/88/989 1077/97/989 1076/96/989 1068/87/989
f 1070/89/990 1078/98/990 1077/97/990 1069/88/990
f 1071/90/991 1079/99/991 1078/98/991 1070/89/991
f 1072/83/992 1080/92/992 1079/99/992 1071/90/992
f 1073/91/993 1081/100/993 1088/101/993 1080/92/993
f 1074/93/994 1082/102/994 1081/103/994 1073/94/994
f 1075/95/995 1083/104/995 1082/102/995 1074/93/995
f 1076/96/996 1084/105/996 1083/104/996 1075/95/996
f 1077/97/997 1085/106/997 1084/105/997 1076/96/997
f 1078/98/998 1086/107/998 1085/106/998 1077/97/998
f 1079/99/999 1087/108/999 1086/107/999 1078/98/999
f 1080/92/1000 1088/101/1000 1087/108/1000 1079/99/1000
f 1081/100/1001 1089/109/1001 1096/110/1001 1088/101/1001
f 1082/102/1002 1090/111/1002 1089/112/1002 1081/103/1002
f 1083/104/1003 1091/113/1003 1090/111/1003 1082/102/1003
f 1084/105/1004 1092/114/1004 1091/113/1004 1083/104/1004
f 1085/106/1005 1093/115/1005 1092/114/1005 1084/105/1005
f 1086/107/1006 1094/116/1006 1093/115/1006 1085/106/1006
f 1087/108/1007 1095/117/1007 1094/116/1007 1086/107/1007
f 1088/101/1008 1096/110/1008 1095/117/1008 1087/108/1008
f 1089/109/1009 1097/118/1009 1104/119/1009 1096/110/1009
f 1090/111/1010 1098/120/1010 1097/121/1010 1089/112/1010
f 1091/113/1011 1099/122/1011 1098/120/1011 1090/111/1011
f 1092/114/1012 1100/123/1012 1099/122/1012 1091/113/1012
f 1093/115/1013 1101/124/1013 1100/123/1013 1092/114/1013
f 1094/116/1014 1102/125/1014 1101/124/1014 1093/115/1014
f 1095/117/1015 1103/126/1015 1102/125/1015 1094/116/1015
f 1096/110/1016 1104/119/1016 1103/126/1016 1095/117/1016
f 1097/118/1017 1105/127/1017 1112/128/1017 1104/119/1017
f 1098/120/1018 1106/129/1018 1105/130/1018 1097/121/1018
f 1099/122/1019 1107/131/1019 1106/129/1019 1098/120/1019
f 1100/123/1020 1108/132/1020 1107/131/1020 1099/122/1020
f 1101/124/1021 1109/133/1021 1108/132/1021 1100/123/1021
f 1102/125/1022 1110/134/1022 1109/133/1022 1101/124/1022
f 1103/126/1023 1111/135/1023 1110/134/1023 1102/125/1023
f 1104/119/1024 1112/128/1024 1111/135/1024 1103/126/1024
f 1105/127/1025 1113/136/1025 1120/137/1025 1112/128/1025
f 1106/129/1026 1114/138/1026 1113/139/1026 1105/130/1026
f 1107/131/1027 1115/140/1027 1114/138/1027 1106/129/1027
f 1108/132/1028 1116/141/1028 1115/140/1028 1107/131/1028
f 1109/133/1029 1117/142/1029 1116/141/1029 1108/132/1029
f 1110/134/1030 1118/143/1030 1117/142/1030 1109/133/1030
f 1111/135/1031 1119/144/1031 1118/143/1031 1110/134/1031
f 1112/128/1032 1120/137/1032 1119/144/1032 1111/135/1032
f 1113/136/1033 1121/145/1033 1128/146/1033 1120/137/1033
f 1114/138/1034 1122/147/1034 1121/148/1034 1113/139/1034
f 1115/140/1035 1123/149/1035 1122/147/1035 1114/138/1035
f 1116/141/1036 1124/150/1036 1123/149/1036 1115/140/1036
f 1117/142/1037 1125/151/1037 1124/150/1037 1116/141/1037
f 1118/143/1038 1126/152/1038 1125/151/1038 1117/142/1038
f 1119/144/1039 1127/153/1039 1126/152/1039 1118/143/1039
f 1120/137/1040 1128/146/1040 1127/153/1040 1119/144/1040
f 1121/145/1041 1129/154/1041 1136/155/1041 1128/146/1041
f 1122/147/1042 1130/156/1042 1129/157/1042 1121/148/1042
f 1123/149/1043 1131/158/1043 1130/156/1043 1122/147/1043
f 1124/150/1044 1132/159/1044 1131/158/1044 1123/149/1044
f 1125/151/1045 1133/160/1045 1132/159/1045 1124/150/1045
f 1126/152/1046 1134/161/1046 1133/160/1046 1125/151/1046
f 1127/153/1047 1135/162/1047 1134/161/1047 1126/152/1047
f 1128/146/1048 1136/155/1048 1135/162/1048 1127/153/1048
f 1129/154/1049 1137/163/1049 1144/164/1049 1136/155/1049
f 1130/156/1050 1138/165/1050 1137/166/1050 1129/157/1050
f 1131/158/1051 1139/167/1051 1138/165/1051 1130/156/1051
f 1132/159/1052 1140/168/1052 1139/167/1052 1131/158/1052
f 1133/160/1053 1141/169/1053 1140/168/1053 1132/159/1053
f 1134/161/1054 1142/170/1054 1141/169/1054 1133/160/1054
f 1135/162/1055 1143/171/1055 1142/170/1055 1134/161/1055
f 1136/155/1056 1144/164/1056 1143/171/1056 1135/162/1056
f 1137/163/1057 1145/172/1057 1152/173/1057 1144/164/1057
f 1138/165/1058 1146/174/1058 1145/175/1058 1137/166/1058
f 1139/167/1059 1147/176/1059 1146/174/1059 1138/165/1059
f 1140/168/1060 1148/177/1060 1147/176/1060 1139/167/1060
f 1141/169/1061 1149/178/1061 1148/177/1061 1140/168/1061
f 1142/170/1062 1150/179/1062 1149/178/1062 1141/169/1062
f 1143/171/1063 1151/180/1063 1150/179/1063 1142/170/1063
f 1144/164/1064 1152/173/1064 1151/180/1064 1143/171/1064
f 1145/172/1065 1153/181/1065 1160/182/1065 1152/173/1065
f 1146/174/1066 1154/183/1066 1153/184/1066 1145/175/1066
f 1147/176/1067 1155/185/1067 1154/183/1067 1146/174/1067
f 1148/177/1068 1156/186/1068 1155/185/1068 1147/176/1068
f 1149/178/1069 1157/187/1069 1156/186/1069 1148/177/1069
f 1150/179/1070 1158/188/1070 1157/187/1070 1149/178/1070
f 1151/180/1071 1159/189/1071 1158/188/1071 1150/179/1071
f 1152/173/1072 1160/182/1072 1159/189/1072 1151/180/1072
f 1153/181/1073 1161/190/1073 1168/191/1073 1160/182/1073
f 1154/183/1074 1162/192/1074 1161/193/1074 1153/184/1074
f 1155/185/1075 1163/194/1075 1162/192/1075 1154/183/1075
f 1156/186/1076 1164/195/1076 1163/194/1076 1155/185/1076
f 1157/187/1077 1165/196/1077 1164/195/1077 1156/186/1077
f 1158/188/1078 1166/197/1078 1165/196/1078 1157/187/1078
f 1159/189/1079 1167/198/1079 1166/197/1079 1158/188/1079
f 1160/182/1080 1168/191/1080 1167/198/1080 1159/189/1080
f 1161/190/1081 1169/199/1081 1176/200/1081 1168/191/1081
f 1162/192/1082 1170/201/1082 1169/202/1082 1161/193/1082
f 1163/194/1083 1171/203/1083 1170/201/1083 1162/192/1083
f 1164/195/1084 1172/204/1084 1171/203/1084 1163/194/1084
f 1165/196/1085 1173/205/1085 1172/204/1085 1164/195/1085
f 1166/197/1086 1174/206/1086 1173/205/1086 1165/196/1086
f 1167/198/1087 1175/207/1087 1174/206/1087 1166/197/1087
f 1168/191/1088 1176/200/1088 1175/207/1088 1167/198/1088
f 1169/199/1089 1177/208/1089 1184/209/1089 1176/200/1089
f 1170/201/1090 1178/210/1090 1177/211/1090 1169/202/1090
f 1171/203/1091 1179/212/1091 1178/210/1091 1170/201/1091
f 1172/204/1092 1180/213/1092 1179/212/1092 1171/203/1092
f 1173/205/1093 1181/214/1093 1180/213/1093 1172/204/1093
f 1174/206/1094 1182/215/1094 1181/214/1094 1173/205/1094
f 1175/207/1095 1183/216/1095 1182/215/1095 1174/206/1095
f 1176/200/1096 1184/209/1096 1183/216/1096 1175/207/1096
f 1177/208/1097 1185/217/1097 1192/218/1097 1184/209/1097
f 1178/210/1098 1186/219/1098 1185/220/1098 1177/211/1098
f 1179/212/1099 1187/221/1099 1186/219/1099 1178/210/1099
f 1180/213/1100 1188/222/1100 1187/221/1100 1179/212/1100
f 1181/214/1101 1189/223/1101 1188/222/1101 1180/213/1101
f 1182/215/1102 1190/224/1102 1189/223/1102 1181/214/1102
f 1183/216/1103 1191/225/1103 1190/224/1103 1182/215/1103
f 1184/209/1104 1192/218/1104 1191/225/1104 1183/216/1104
f 1185/217/1105 1193/226/1105 1200/227/1105 1192/218/1105
f 1186/219/1106 1194/228/1106 1193/229/1106 1185/220/1106
f 1187/221/1107 1195/230/1107 1194/228/1107 1186/219/1107
f 1188/222/1108 1196/231/1108 1195/230/1108 1187/221/1108
f 1189/223/1109 1197/232/1109 1196/231/1109 1188/222/1109
f 1190/224/1110 1198/233/1110 1197/232/1110 1189/223/1110
f 1191/225/1111 1199/234/1111 1198/233/1111 1190/224/1111
f 1192/218/1112 1200/227/1112 1199/234/1112 1191/225/1112
f 1193/226/1113 1201/235/1113 1208/236/1113 1200/227/1113
f 1194/228/1114 1202/237/1114 1201/238/1114 1193/229/1114
f 1195/230/1115 1203/239/1115 1202/237/1115 1194/228/1115
f 1196/231/1116 1204/240/1116 1203/239/1116 1195/230/1116
f 1197/232/1117 1205/241/1117 1204/240/1117 1196/231/1117
f 1198/233/1118 1206/242/1118 1205/241/1118 1197/232/1118
f 1199/234/1119 1207/243/1119 1206/242/1119 1198/233/1119
f 1200/227/1120 1208/236/1120 1207/243/1120 1199/234/1120
f 1201/235/1121 1209/244/1121 1216/245/1121 1208/236/1121
f 1202/237/1122 1210/246/1122 1209/247/1122 1201/238/1122
f 1203/239/1123 1211/248/1123 1210/246/1123 1202/237/1123
f 1204/240/1124 1212/249/1124 1211/248/1124 1203/239/1124
f 1205/241/1125 1213/250/1125 1212/249/1125 1204/240/1125
f 1206/242/1126 1214/251/1126 1213/250/1126 1205/241/1126
f 1207/243/1127 1215/252/1127 1214/251/1127 1206/242/1127
f 1208/236/1128 1216/245/1128 1215/252/1128 1207/243/1128
f 1209/244/1129 1217/253/1129 1224/254/1129 1216/245/1129
f 1210/246/1130 1218/255/1130 1217/256/1130 1209/247/1130
f 1211/248/1131 1219/257/1131 1218/255/1131 1210/246/1131
f 1212/249/1132 1220/258/1132 1219/257/1132 1211/248/1132
f 1213/250/1133 1221/259/1133 1220/258/1133 1212/249/1133
f 1214/251/1134 1222/260/1134 1221/259/1134 1213/250/1134
f 1215/252/1135 1223/261/1135 1222/260/1135 1214/251/1135
f 1216/245/1136 1224/254/1136 1223/261/1136 1215/252/1136
f 1217/253/1137 1225/262/1137 1232/263/1137 1224/254/1137
f 1218/255/1138 1226/264/1138 1225/265/1138 1217/256/1138
f 1219/257/1139 1227/266/1139 1226/264/1139 1218/255/1139
f 1220/258/1140 1228/267/1140 1227/266/1140 1219/257/1140
f 1221/259/1141 1229/268/1141 1228/267/1141 1220/258/1141
f 1222/260/1142 1230/269/1142 1229/268/1142 1221/259/1142
f 1223/261/1143 1231/270/1143 1230/269/1143 1222/260/1143
f 1224/254/1144 1232/263/1144 1231/270/1144 1223/261/1144
f 1225/262/1145 1233/271/1145 1240/272/1145 1232/263/1145
f 1226/264/1146 1234/273/1146 1233/274/1146 1225/265/1146
f 1227/266/1147 1235/275/1147 1234/273/1147 1226/264/1147
f 1228/267/1148 1236/276/1148 1235/275/1148 1227/266/1148
f 1229/268/1149 1237/277/1149 1236/276/1149 1228/267/1149
f 1230/269/1150 1238/278/1150 1237/277/1150 1229/268/1150
f 1231/270/1151 1239/279/1151 1238/278/1151 1230/269/1151
f 1232/263/1152 1240/272/1152 1239/279/1152 1231/270/1152
f 1233/271/1153 1241/280/1153 1248/281/1153 1240/272/1153
f 1234/273/1154 1242/282/1154 1241/283/1154 1233/274/1154
f 1235/275/1155 1243/284/1155 1242/282/1155 1234/273/1155
f 1236/276/1156 1244/285/1156 1243/284/1156 1235/275/1156
f 1237/277/1157 1245/286/1157 1244/285/1157 1236/276/1157
f 1238/278/1158 1246/287/1158 1245/286/1158 1237/277/1158
f 1239/279/1159 1247/288/1159 1246/287/1159 1238/278/1159
f 1240/272/1160 1248/281/1160 1247/288/1160 1239/279/1160
f 1241/280/1161 1249/289/1161 1256/290/1161 1248/281/1161
f 1242/282/1162 1250/291/1162 1249/292/1162 1241/283/1162
f 1243/284/1163 1251/293/1163 1250/291/1163 1242/282/1163
f 1244/285/1164 1252/294/1164 1251/293/1164 1243/284/1164
f 1245/286/1165 1253/295/1165 1252/294/1165 1244/285/1165
f 1246/287/1166 1254/296/1166 1253/295/1166 1245/286/1166
f 1247/288/1167 1255/297/1167 1254/296/1167 1246/287/1167
f 1248/281/1168 1256/290/1168 1255/297/1168 1247/288/1168
f 1249/289/1169 1257/298/1169 1264/299/1169 1256/290/1169
f 1250/291/1170 1258/300/1170 1257/301/1170 1249/292/1170
f 1251/293/1171 1259/302/1171 1258/300/1171 1250/291/1171
f 1252/294/1172 1260/303/1172 1259/302/1172 1251/293/1172
f 1253/295/1173 1261/304/1173 1260/303/1173 1252/294/1173
f 1254/296/1174 1262/305/1174 1261/304/1174 1253/295/1174
f 1255/297/1175 1263/306/1175 1262/305/1175 1254/296/1175
f 1256/290/1176 1264/299/1176 1263/306/1176 1255/297/1176
f 1257/298/1177 1265/307/1177 1272/308/1177 1264/299/1177
f 1258/300/1178 1266/309/1178 1265/310/1178 1257/301/1178
f 1259/302/1179 1267/311/1179 1266/309/1179 1258/300/1179
f 1260/303/1180 1268/312/1180 1267/311/1180 1259/302/1180
f 1261/304/1181 1269/313/1181 1268/312/1181 1260/303/1181
f 1262/305/1182 1270/314/1182 1269/313/1182 1261/304/1182
f 1263/306/1183 1271/315/1183 1270/314/1183 1262/305/1183
f 1264/299/1184 1272/308/1184 1271/315/1184 1263/306/1184
f 1265/307/1185 1273/316/1185 1280/317/1185 1272/308/1185
f 1266/309/1186 1274/318/1186 1273/319/1186 1265/310/1186
f 1267/311/1187 1275/1149/1187 1274/318/1187 1266/309/1187
f 1268/312/1188 1276/321/1188 1275/1149/1188 1267/311/1188
f 1269/313/1189 1277/322/1189 1276/321/1189 1268/312/1189
f 1270/314/1190 1278/323/1190 1277/322/1190 1269/313/1190
f 1271/315/1191 1279/324/1191 1278/323/1191 1270/314/1191
f 1272/308/1192 1280/317/1192 1279/324/1192 1271/315/1192
f 1273/316/1193 995/325/1193 996/326/1193 1280/317/1193
f 1274/318/1194 994/327/1194 995/328/1194 1273/319/1194
f 1275/1149/1195 993/329/1195 994/327/1195 1274/318/1195
f 1276/321/1196 997/330/1196 993/329/1196 1275/1149/1196
f 1277/322/1197 999/331/1197 997/330/1197 1276/321/1197
f 1278/323/1198 1000/332/1198 999/331/1198 1277/322/1198
f 1279/324/1199 998/333/1199 1000/332/1199 1278/323/1199
f 1280/317/1200 996/326/1200 998/333/1200 1279/324/1200
f 885/1131/1201 888/1105/1201 1289/1090/1201 1286/1096/1201
f 886/1118/1202 890/1117/1202 1291/1150/1202 1287/1095/1202
f 884/1119/1203 886/1118/1203 1287/1095/1203 1285/1094/1203
f 880/1125/1204 885/1131/1204 1286/1096/1204 1281/1151/1204
f 883/1120/1205 884/1119/1205 1285/1094/1205 1284/1093/1205
f 881/1121/1206 883/1120/1206 1284/1093/1206 1282/1091/1206
f 890/1117/1207 889/1122/1207 1290/1092/1207 1291/1150/1207
f 882/1124/1208 887/1123/1208 1288/1089/1208 1283/1152/1208
f 889/1122/1209 882/1124/1209 1283/1152/1209 1290/1092/1209
f 888/1105/1210 881/1121/1210 1282/1091/1210 1289/1090/1210
f 887/1123/1211 880/1125/1211 1281/1151/1211 1288/1089/1211
f 1295/1092/1212 1294/1152/1212 1292/756/1212 1293/755/1212
f 863/756/1213 864/755/1213 1293/755/1213 1292/756/1213
f 1294/1152/1214 1283/1152/1214 1300/1152/1214 1302/1152/1214
f 1290/1092/1215 1283/1152/1215 1294/1152/1215 1295/1092/1215
f 1298/1152/1216 1299/1089/1216 1297/704/1216 1296/756/1216
f 1283/1152/1217 1288/1089/1217 1299/1089/1217 1298/1152/1217
f 860/704/1218 863/756/1218 1296/756/1218 1297/704/1218
f 863/756/1219 1283/1152/1219 1298/1152/1219 1296/756/1219
f 1300/1152/1220 1301/756/1220 1303/756/1220 1302/1152/1220
f 1292/756/1221 1294/1152/1221 1302/1152/1221 1303/756/1221
f 1283/1152/1222 863/756/1222 1301/756/1222 1300/1152/1222
f 863/756/1223 1292/756/1223 1303/756/1223 1301/756/1223
f 1307/1089/1224 1306/1151/1224 1304/705/1224 1305/704/1224
f 859/705/1225 860/704/1225 1305/704/1225 1304/705/1225
f 1288/1089/1226 1281/1151/1226 1306/1151/1226 1307/1089/1226
f 1281/1151/1227 859/705/1227 1304/705/1227 1306/1151/1227
f 1310/1151/1228 1312/1096/1228 1309/778/1228 1308/777/1228 1311/705/1228
f 1281/1151/1229 1286/1096/1229 1312/1096/1229 1310/1151/1229
f 1286/1096/1230 868/778/1230 1309/778/1230 1312/1096/1230
f 868/778/1231 984/777/1231 1308/777/1231 1309/778/1231
f 859/705/1232 1281/1151/1232 1310/1151/1232 1311/705/1232
f 1314/755/1233 1313/728/1233 1317/728/1233 1318/755/1233
f 865/728/1234 1291/1150/1234 1316/1150/1234 1313/728/1234
f 864/755/1235 865/728/1235 1313/728/1235 1314/755/1235
f 1291/1150/1236 1290/1092/1236 1315/1092/1236 1316/1150/1236
f 1320/1150/1237 1319/1092/1237 1318/755/1237 1317/728/1237
f 1316/1150/1238 1315/1092/1238 1319/1092/1238 1320/1150/1238
f 1315/1092/1239 1314/755/1239 1318/755/1239 1319/1092/1239
f 1313/728/1240 1316/1150/1240 1320/1150/1240 1317/728/1240
f 1323/1095/1241 1324/1150/1241 1321/728/1241 1322/727/1241
f 865/728/1242 869/727/1242 1322/727/1242 1321/728/1242
f 1287/1095/1243 1291/1150/1243 1324/1150/1243 1323/1095/1243
f 1291/1150/1244 865/728/1244 1321/728/1244 1324/1150/1244
f 1327/1094/1245 1328/1095/1245 1325/727/1245 1326/774/1245
f 1285/1094/1246 1287/1095/1246 1328/1095/1246 1327/1094/1246
f 867/774/1247 1285/1094/1247 1327/1094/1247 1326/774/1247
f 869/727/1248 867/774/1248 1326/774/1248 1325/727/1248
f 1331/1093/1249 1332/1094/1249 1330/774/1249 1329/772/1249
f 867/774/1250 866/772/1250 1329/772/1250 1330/774/1250
f 866/772/1251 1284/1093/1251 1331/1093/1251 1329/772/1251
f 1284/1093/1252 1285/1094/1252 1332/1094/1252 1331/1093/1252
f 1335/1096/1253 1336/1090/1253 1333/748/1253 1334/778/1253
f 868/778/1254 1286/1096/1254 1335/1096/1254 1334/778/1254
f 1289/1090/1255 862/748/1255 1333/748/1255 1336/1090/1255
f 862/748/1256 868/778/1256 1334/778/1256 1333/748/1256
f 1340/1090/1257 1339/1091/1257 1337/749/1257 1338/748/1257
f 861/749/1258 862/748/1258 1338/748/1258 1337/749/1258
f 862/748/1259 1289/1090/1259 1340/1090/1259 1338/748/1259
f 1282/1091/1260 861/749/1260 1337/749/1260 1339/1091/1260
f 1343/1091/1261 1344/1093/1261 1342/772/1261 1341/749/1261
f 1284/1093/1262 866/772/1262 1342/772/1262 1344/1093/1262
f 861/749/1263 1282/1091/1263 1343/1091/1263 1341/749/1263
f 866/772/1264 861/749/1264 1341/749/1264 1342/772/1264
f 1904/1153/1265 1905/1154/1265 1943/1155/1265 1942/1156/1265
f 1907/1157/1266 1348/560/1266 1949/1158/1266 1951/1159/1266
f 1905/1154/1267 1906/1160/1267 1946/1161/1267 1947/1162/1267
f 1350/554/1265 1349/558/1265 1972/1163/1265 1973/1164/1265
f 1351/561/1268 1910/1165/1268 1982/1166/1268 1980/1167/1268
f 1353/564/1269 1912/1168/1269 1994/1169/1269 1992/1170/1269
f 1355/567/1270 1914/1171/1270 1962/1172/1270 1960/1173/1270
f 1916/1174/1271 1357/601/1271 1997/1175/1271 1999/1176/1271
f 1355/567/1272 1358/603/1272 1957/1177/1272 1956/1178/1272
f 1918/1179/1273 1359/629/1273 1965/1180/1273 1967/1181/1273
f 1912/1168/1274 1353/564/1274 1988/1182/1274 1990/1183/1274
f 1359/629/1275 1918/1179/1275 1971/1184/1275 1969/1185/1275
f 1360/631/1276 1352/562/1276 1985/1186/1276 1984/1187/1276
f 1909/1188/1277 1910/1165/1277 1978/1165/1277 1979/1189/1277
f 1345/673/1278 1357/601/1278 1937/601/1278 1936/1190/1278
f 1348/560/1279 1907/1157/1279 1955/1191/1279 1953/1192/1279
f 1361/547/1280 1362/548/1280 1777/1193/1280 1776/547/1280
f 1835/1194/1281 1834/1195/1281 1773/1195/1281 1775/1196/1281
f 1364/560/1282 1835/1194/1282 1775/1196/1282 1772/560/1282
f 1365/558/1283 1366/554/1283 1809/1197/1283 1808/1198/1283
f 1367/561/1284 1368/562/1284 1801/1199/1284 1800/1200/1284
f 1369/564/1285 1370/565/1285 1785/1201/1285 1784/1202/1285
f 1371/567/1286 1372/568/1286 1821/568/1286 1820/1203/1286
f 1373/601/1287 1844/1204/1287 1791/1205/1287 1789/1206/1287
f 1374/603/1288 1371/567/1288 1824/567/1288 1825/1207/1288
f 1375/629/1289 1846/1208/1289 1819/1209/1289 1817/1210/1289
f 1376/631/1290 1369/564/1290 1792/564/1290 1793/1211/1290
f 1846/1208/1291 1375/629/1291 1813/1212/1291 1815/1213/1291
f 1839/1214/1292 1368/562/1292 1797/1215/1292 1799/1216/1292
f 1838/1217/1293 1837/1218/1293 1807/1219/1293 1806/1220/1293
f 1361/673/1294 1832/1221/1294 1782/1222/1294 1780/1223/1294
f 1364/560/1295 1374/603/1295 1828/603/1295 1829/1224/1295
f 722/680/1296 1390/1225/1296 1381/1226/1296 730/679/1296
f 717/682/1297 1384/1227/1297 1389/597/1297 729/681/1297
f 716/684/1298 1380/1228/1298 1377/557/1298 728/554/1298
f 718/687/1299 1382/1229/1299 1383/541/1299 727/548/1299
f 724/689/1300 1392/1230/1300 1379/1231/1300 726/688/1300
f 715/693/1301 1378/480/1301 1391/1232/1301 725/692/1301
f 720/564/1302 1388/564/1302 1392/1230/1302 724/689/1302
f 725/692/1303 1391/1232/1303 1385/570/1303 723/695/1303
f 719/567/1304 1386/567/1304 1390/1225/1304 722/680/1304
f 729/681/1305 1389/597/1305 1387/1233/1305 721/696/1305
f 721/696/1306 1387/1233/1306 1388/564/1306 720/564/1306
f 723/695/1307 1385/570/1307 1386/567/1307 719/567/1307
f 727/548/1308 1383/541/1308 1384/1234/1308 717/697/1308
f 730/679/1309 1381/1226/1309 1382/1229/1309 718/687/1309
f 726/688/1310 1379/1231/1310 1380/534/1310 716/698/1310
f 728/554/1311 1377/557/1311 1378/480/1311 715/693/1311
f 1480/1235/1312 1403/1236/1312 1393/1237/1312 1470/1238/1312
f 1/1239/1313 8/1240/1313 1402/1241/1313 1479/1242/1313
f 1472/1243/389 1395/799/389 1396/554/389 1473/554/389
f 1482/1244/1314 1405/632/1314 1394/1245/1314 1471/1246/1314
f 1474/1247/1315 1397/1248/1315 1404/1249/1315 1481/1250/1315
f 1476/564/1316 1399/564/1316 1405/632/1316 1482/1244/1316
f 1481/1250/1317 1404/1249/1317 1400/577/1317 1477/1251/1317
f 1478/1252/1318 1401/747/1318 1403/1236/1318 1480/1235/1318
f 1479/1242/1319 1402/1241/1319 1398/1253/1319 1475/1254/1319
f 1477/1251/1320 1400/577/1320 1401/747/1320 1478/1252/1320
f 1475/1254/1321 1398/1253/1321 1399/564/1321 1476/564/1321
f 1473/554/389 1396/554/389 1397/1248/389 1474/1247/389
f 1471/1246/508 1394/1245/508 1395/1255/508 1472/1256/508
f 1470/1238/1322 1393/1237/1322 4/1257/1322 3/1258/1322
f 573/680/1323 581/679/1323 1410/537/1323 1419/604/1323
f 568/682/1324 580/681/1324 1418/597/1324 1413/675/1324
f 567/684/1325 579/554/1325 1406/479/1325 1409/670/1325
f 569/687/1326 578/548/1326 1412/541/1326 1411/538/1326
f 575/689/1327 577/688/1327 1408/533/1327 1421/633/1327
f 566/693/1328 576/692/1328 1420/627/1328 1407/480/1328
f 571/564/1329 575/689/1329 1421/633/1329 1417/574/1329
f 576/692/1330 574/695/1330 1414/570/1330 1420/627/1330
f 570/567/1331 573/680/1331 1419/604/1331 1415/567/1331
f 580/681/1332 572/696/1332 1416/573/1332 1418/597/1332
f 572/696/1333 571/564/1333 1417/574/1333 1416/573/1333
f 574/695/1334 570/567/1334 1415/567/1334 1414/570/1334
f 578/548/1335 568/697/1335 1413/542/1335 1412/541/1335
f 581/679/1336 569/687/1336 1411/538/1336 1410/537/1336
f 577/688/1337 567/698/1337 1409/534/1337 1408/533/1337
f 579/554/1338 566/693/1338 1407/480/1338 1406/479/1338
f 501/605/1339 563/540/1339 1422/529/1339 1435/606/1339
f 465/676/458 559/598/458 1434/599/458 1427/674/458
f 467/539/388 545/544/388 1426/545/388 1423/530/388
f 464/666/389 544/479/389 1428/554/389 1425/667/389
f 515/634/1340 527/536/1340 1424/549/1340 1437/632/1340
f 466/481/1341 519/628/1341 1436/625/1341 1429/555/1341
f 484/575/1342 515/634/1342 1437/632/1342 1431/564/1342
f 519/628/1343 507/572/1343 1432/577/1343 1436/625/1343
f 485/571/1344 501/605/1344 1435/606/1344 1433/567/1344
f 559/598/1345 495/576/1345 1430/569/1345 1434/599/1345
f 507/572/1346 485/571/1346 1433/567/1346 1432/577/1346
f 495/576/1347 484/575/1347 1431/564/1347 1430/569/1347
f 544/479/389 466/481/389 1429/555/389 1428/554/389
f 545/544/388 465/543/388 1427/553/388 1426/545/388
f 527/536/387 464/535/387 1425/550/387 1424/549/387
f 563/540/1348 467/539/1348 1423/530/1348 1422/529/1348
f 1390/1225/1349 1451/761/1349 1442/737/1349 1381/1226/1349
f 1384/1227/1350 1445/807/1350 1450/759/1350 1389/597/1350
f 1380/1228/1351 1441/803/1351 1438/554/1351 1377/557/1351
f 1382/1229/1352 1443/738/1352 1444/1259/1352 1383/541/1352
f 1392/1230/1353 1453/771/1353 1440/735/1353 1379/1231/1353
f 1378/480/1354 1439/709/1354 1452/769/1354 1391/1232/1354
f 1388/564/1355 1449/745/1355 1453/771/1355 1392/1230/1355
f 1391/1232/1356 1452/769/1356 1446/743/1356 1385/570/1356
f 1386/567/1357 1447/567/1357 1451/761/1357 1390/1225/1357
f 1389/597/1358 1450/759/1358 1448/744/1358 1387/1233/1358
f 1387/1233/1359 1448/744/1359 1449/745/1359 1388/564/1359
f 1385/570/1360 1446/743/1360 1447/567/1360 1386/567/1360
f 1383/541/1361 1444/1259/1361 1445/1260/1361 1384/1234/1361
f 1381/1226/1362 1442/737/1362 1443/738/1362 1382/1229/1362
f 1379/1231/1363 1440/735/1363 1441/736/1363 1380/534/1363
f 1377/557/1364 1438/554/1364 1439/709/1364 1378/480/1364
f 712/540/1365 1454/1261/1365 1455/1262/1365 611/539/1365
f 677/536/508 1456/1263/508 1457/1264/508 608/535/508
f 693/479/389 1460/554/389 1461/1265/389 610/481/389
f 643/576/1366 1462/1266/1366 1463/575/1366 630/575/1366
f 655/572/1367 1464/1267/1367 1465/571/1367 631/571/1367
f 708/598/1368 1466/1268/1368 1462/1266/1368 643/576/1368
f 631/571/1369 1465/571/1369 1467/1269/1369 649/605/1369
f 669/628/1370 1468/1270/1370 1464/1267/1370 655/572/1370
f 630/575/1371 1463/575/1371 1469/1271/1371 665/634/1371
f 610/481/1372 1461/1265/1372 1468/1270/1372 669/628/1372
f 665/634/1373 1469/1271/1373 1456/1263/1373 677/536/1373
f 608/666/389 1457/1272/389 1460/554/389 693/479/389
f 609/676/1374 1459/1273/1374 1466/1268/1374 708/598/1374
f 649/605/1375 1467/1269/1375 1454/1261/1375 712/540/1375
f 1454/1261/1376 1470/1238/1376 3/1258/1376 1455/1262/1376
f 1456/1263/508 1471/1246/508 1472/1256/508 1457/1264/508
f 1458/544/1377 2/545/1377 1/1274/1377 1459/1274/1377
f 1460/554/389 1473/554/389 1474/1247/389 1461/1265/389
f 1462/1266/1378 1475/1254/1378 1476/564/1378 1463/575/1378
f 1464/1267/1379 1477/1251/1379 1478/1252/1379 1465/571/1379
f 1466/1268/1380 1479/1242/1380 1475/1254/1380 1462/1266/1380
f 1465/571/1381 1478/1252/1381 1480/1235/1381 1467/1269/1381
f 1468/1270/1382 1481/1250/1382 1477/1251/1382 1464/1267/1382
f 1463/575/1383 1476/564/1383 1482/1244/1383 1469/1271/1383
f 1461/1265/1384 1474/1247/1384 1481/1250/1384 1468/1270/1384
f 1469/1271/1385 1482/1244/1385 1471/1246/1385 1456/1263/1385
f 1457/1272/389 1472/1243/389 1473/554/389 1460/554/389
f 1455/1262/1386 3/1258/1386 2/545/1386 1458/544/1386
f 1459/1273/1387 1/1239/1387 1479/1242/1387 1466/1268/1387
f 1467/1269/1388 1480/1235/1388 1470/1238/1388 1454/1261/1388
f 1403/1236/1389 1493/762/1389 1483/733/1389 1393/1237/1389
f 8/1240/1390 7/806/1390 1492/760/1390 1402/1241/1390
f 1395/799/389 1485/799/389 1486/557/389 1396/554/389
f 1405/632/1391 1495/770/1391 1484/739/1391 1394/1245/1391
f 1397/1248/1392 1487/741/1392 1494/768/1392 1404/1249/1392
f 1399/564/1393 1489/564/1393 1495/770/1393 1405/632/1393
f 1404/1249/1394 1494/768/1394 1490/746/1394 1400/577/1394
f 1401/747/1395 1491/747/1395 1493/762/1395 1403/1236/1395
f 1402/1241/1396 1492/760/1396 1488/742/1396 1398/1253/1396
f 1400/577/1397 1490/746/1397 1491/747/1397 1401/747/1397
f 1398/1253/1398 1488/742/1398 1489/564/1398 1399/564/1398
f 1396/554/389 1486/557/389 1487/741/389 1397/1248/389
f 1394/1245/508 1484/739/508 1485/740/508 1395/1255/508
f 1393/1237/1399 1483/733/1399 5/734/1399 4/1257/1399
f 446/508/1400 456/528/1400 1516/1064/1400 1497/509/1400
f 457/8/1401 447/646/1401 1506/668/1401 1515/8/1401
f 598/720/1402 1508/719/1402 1516/1064/1402 456/528/1402
f 457/8/1403 1515/8/1403 294/800/1403 599/646/1403
f 857/1049/1404 853/1048/1404 1509/722/1404 1513/763/1404
f 854/1053/1405 851/1052/1405 1507/718/1405 1510/723/1405
f 289/1058/1406 858/1057/1406 1514/767/1406 296/725/1406
f 858/1057/1407 855/1060/1407 1511/750/1407 1514/767/1407
f 856/1062/1408 857/1049/1408 1513/763/1408 1512/751/1408
f 855/1060/1409 856/1062/1409 1512/751/1409 1511/750/1409
f 853/1048/1410 854/1053/1410 1510/723/1410 1509/722/1410
f 851/1052/1411 852/1063/1411 1508/719/1411 1507/718/1411
f 847/1067/1412 1504/609/1412 1498/510/1412 840/1068/1412
f 841/1071/1413 1499/513/1413 1496/506/1413 838/1072/1413
f 850/1075/1414 1506/668/1414 1500/514/1414 842/1076/1414
f 843/1079/1415 1501/517/1415 1505/620/1415 848/1080/1415
f 848/1080/1416 1505/620/1416 1502/580/1416 845/1082/1416
f 846/1062/1417 1503/584/1417 1504/609/1417 847/1067/1417
f 845/1082/1418 1502/580/1418 1503/584/1418 846/1062/1418
f 842/1076/1419 1500/514/1419 1501/517/1419 843/1079/1419
f 840/1068/1420 1498/510/1420 1499/513/1420 841/1071/1420
f 838/1072/1421 1496/506/1421 1497/509/1421 839/1084/1421
f 1556/1275/1422 1532/1073/1422 1517/1085/1422 1538/525/1422
f 1554/1276/1423 1530/1069/1423 1531/1070/1423 1555/1277/1423
f 1557/1278/1424 1533/1077/1424 1534/1078/1424 1558/1279/1424
f 1560/1280/1425 1536/1083/1425 1537/1061/1425 1561/1281/1425
f 1561/1281/1426 1537/1061/1426 1529/1066/1426 1553/1282/1426
f 1559/1283/1427 1535/1081/1427 1536/1083/1427 1560/1280/1427
f 1558/1279/1428 1534/1078/1428 1535/1081/1428 1559/1283/1428
f 1541/643/1429 1520/1074/1429 1533/1077/1429 1557/1278/1429
f 1555/1277/1430 1531/1070/1430 1532/1073/1430 1556/1275/1430
f 1553/1282/1431 1529/1066/1431 1530/1069/1431 1554/1276/1431
f 1547/1284/1432 1542/726/1432 1521/1065/1432 1525/1051/1432
f 1545/1285/1433 1546/1277/1433 1524/1050/1433 1523/1047/1433
f 1548/1286/1434 1549/1279/1434 290/1055/1434 291/1287/1434
f 1551/1288/1435 1552/1289/1435 1528/1061/1435 1527/1059/1435
f 1552/1289/1436 1544/1282/1436 1522/1046/1436 1528/1061/1436
f 1550/1283/1437 1551/1288/1437 1527/1059/1437 1526/1056/1437
f 1549/1279/1438 1550/1283/1438 1526/1056/1438 290/1055/1438
f 1543/643/1439 1548/1286/1439 291/1287/1439 292/1290/1439
f 1546/1277/1440 1547/1284/1440 1525/1051/1440 1524/1050/1440
f 1544/1282/1441 1545/1285/1441 1523/1047/1441 1522/1046/1441
f 849/8/1442 1519/8/1442 292/1290/1442 293/1054/1442
f 852/1063/1443 1521/1065/1443 1518/8/1443 844/8/1443
f 849/8/1444 850/1075/1444 1520/1074/1444 1519/8/1444
f 839/1084/1445 844/8/1445 1518/8/1445 1517/1085/1445
f 638/612/1446 704/487/1446 1545/1285/1446 1544/1282/1446
f 593/488/1447 688/472/1447 1547/1284/1447 1546/1277/1447
f 592/492/1448 673/617/1448 1550/1283/1448 1549/1279/1448
f 673/617/1449 660/590/1449 1551/1288/1449 1550/1283/1449
f 624/591/1450 638/612/1450 1544/1282/1450 1552/1289/1450
f 660/590/1451 624/591/1451 1552/1289/1451 1551/1288/1451
f 704/487/1452 593/488/1452 1546/1277/1452 1545/1285/1452
f 688/472/1453 590/473/1453 1542/726/1453 1547/1284/1453
f 491/612/1454 1553/1282/1454 1554/1276/1454 555/487/1454
f 441/488/1455 1555/1277/1455 1556/1275/1455 538/472/1455
f 439/644/1456 1541/643/1456 1557/1278/1456 539/491/1456
f 440/492/1457 1558/1279/1457 1559/1283/1457 523/617/1457
f 523/617/1458 1559/1283/1458 1560/1280/1458 511/590/1458
f 479/591/1459 1561/1281/1459 1553/1282/1459 491/612/1459
f 511/590/1460 1560/1280/1460 1561/1281/1460 479/591/1460
f 539/491/1461 1557/1278/1461 1558/1279/1461 440/492/1461
f 555/487/1462 1554/1276/1462 1555/1277/1462 441/488/1462
f 538/472/1463 1556/1275/1463 1538/525/1463 438/473/1463
f 1519/8/1464 1540/8/1464 1543/643/1464 292/1290/1464
f 1521/1065/1465 1542/726/1465 1539/8/1465 1518/8/1465
f 1519/8/1466 1520/1074/1466 1541/643/1466 1540/8/1466
f 1517/1085/1467 1518/8/1467 1539/8/1467 1538/525/1467
f 639/610/1468 705/499/1468 1577/710/1468 1583/613/1468
f 596/500/1469 690/503/1469 1575/699/1469 1578/711/1469
f 594/637/1470 689/495/1470 1579/490/1470 1585/775/1470
f 455/8/1471 1573/8/1471 1585/775/1471 591/644/1471
f 595/496/1472 674/619/1472 1584/765/1472 1580/773/1472
f 674/619/1473 661/586/1473 1581/754/1473 1584/765/1473
f 625/587/1474 639/610/1474 1583/613/1474 1582/592/1474
f 661/586/1475 625/587/1475 1582/592/1475 1581/754/1475
f 590/473/1476 1576/700/1476 1568/8/1476 454/8/1476
f 689/495/1477 595/496/1477 1580/773/1477 1579/490/1477
f 705/499/1478 596/500/1478 1578/711/1478 1577/710/1478
f 690/503/1479 597/504/1479 1576/700/1479 1575/699/1479
f 492/610/1480 1571/613/1480 1564/486/1480 556/499/1480
f 444/500/1481 1565/489/1481 1562/471/1481 541/503/1481
f 442/637/1482 1574/636/1482 1566/490/1482 540/495/1482
f 455/8/1483 439/644/1483 1574/636/1483 1573/8/1483
f 443/496/1484 1567/493/1484 1572/616/1484 524/619/1484
f 524/619/1485 1572/616/1485 1569/589/1485 512/586/1485
f 480/587/1486 1570/592/1486 1571/613/1486 492/610/1486
f 512/586/1487 1569/589/1487 1570/592/1487 480/587/1487
f 438/473/1488 454/8/1488 1568/8/1488 1563/474/1488
f 540/495/1489 1566/490/1489 1567/493/1489 443/496/1489
f 556/499/1490 1564/486/1490 1565/489/1490 444/500/1490
f 541/503/1491 1562/471/1491 1563/474/1491 445/504/1491
f 1445/1/1492 1586/1291/1492 1593/1292/1492 609/4/1492
f 1444/5/1493 1587/1293/1493 1586/1294/1493 1445/8/1493
f 1443/9/1494 1588/1295/1494 1587/1293/1494 1444/5/1494
f 611/11/1495 1589/1296/1495 1588/1295/1495 1443/9/1495
f 1455/13/1496 1590/1297/1496 1589/1296/1496 611/11/1496
f 1458/15/1497 1591/1298/1497 1590/1297/1497 1455/13/1497
f 1459/17/1498 1592/1299/1498 1591/1298/1498 1458/15/1498
f 609/4/1499 1593/1292/1499 1592/1299/1499 1459/17/1499
f 1586/1291/1500 1594/28/1500 1601/29/1500 1593/1292/1500
f 1587/1293/1501 1595/30/1501 1594/31/1501 1586/1294/1501
f 1588/1295/1502 1596/32/1502 1595/30/1502 1587/1293/1502
f 1589/1296/1503 1597/33/1503 1596/32/1503 1588/1295/1503
f 1590/1297/1504 1598/34/1504 1597/33/1504 1589/1296/1504
f 1591/1298/1505 1599/35/1505 1598/34/1505 1590/1297/1505
f 1592/1299/1506 1600/36/1506 1599/35/1506 1591/1298/1506
f 1593/1292/1507 1601/29/1507 1600/36/1507 1592/1299/1507
f 1594/28/1508 1602/1300/1508 1609/935/1508 1601/29/1508
f 1595/30/1509 1603/1301/1509 1602/1302/1509 1594/31/1509
f 1596/32/1510 1604/937/1510 1603/1301/1510 1595/30/1510
f 1597/33/1511 1605/1303/1511 1604/937/1511 1596/32/1511
f 1598/34/1512 1606/635/1512 1605/1303/1512 1597/33/1512
f 1599/35/1513 1607/564/1513 1606/635/1513 1598/34/1513
f 1600/36/1514 1608/519/1514 1607/564/1514 1599/35/1514
f 1601/29/1515 1609/935/1515 1608/519/1515 1600/36/1515
f 1602/1300/1516 1610/55/1516 1617/56/1516 1609/935/1516
f 1603/1301/1517 1611/57/1517 1610/58/1517 1602/1302/1517
f 1604/937/1518 1612/59/1518 1611/57/1518 1603/1301/1518
f 1605/1303/1519 1613/60/1519 1612/59/1519 1604/937/1519
f 1606/635/1520 1614/61/1520 1613/60/1520 1605/1303/1520
f 1607/564/1521 1615/62/1521 1614/61/1521 1606/635/1521
f 1608/519/1522 1616/63/1522 1615/62/1522 1607/564/1522
f 1609/935/1523 1617/56/1523 1616/63/1523 1608/519/1523
f 1610/55/1524 1618/1304/1524 1625/922/1524 1617/56/1524
f 1611/57/1525 1619/1305/1525 1618/1306/1525 1610/58/1525
f 1612/59/1526 1620/911/1526 1619/1305/1526 1611/57/1526
f 1613/60/1527 1621/916/1527 1620/911/1527 1612/59/1527
f 1614/61/1528 1622/927/1528 1621/916/1528 1613/60/1528
f 1615/62/1529 1623/1307/1529 1622/927/1529 1614/61/1529
f 1616/63/1530 1624/918/1530 1623/1307/1530 1615/62/1530
f 1617/56/1531 1625/922/1531 1624/918/1531 1616/63/1531
f 1618/1304/1532 1626/82/1532 1633/83/1532 1625/922/1532
f 1619/1305/1533 1627/84/1533 1626/85/1533 1618/1306/1533
f 1620/911/1534 1628/86/1534 1627/84/1534 1619/1305/1534
f 1621/916/1535 1629/87/1535 1628/86/1535 1620/911/1535
f 1622/927/1536 1630/88/1536 1629/87/1536 1621/916/1536
f 1623/1307/1537 1631/89/1537 1630/88/1537 1622/927/1537
f 1624/918/1538 1632/90/1538 1631/89/1538 1623/1307/1538
f 1625/922/1539 1633/83/1539 1632/90/1539 1624/918/1539
f 1626/82/1540 1634/1308/1540 1641/894/1540 1633/83/1540
f 1627/84/1541 1635/1309/1541 1634/1310/1541 1626/85/1541
f 1628/86/1542 1636/897/1542 1635/1309/1542 1627/84/1542
f 1629/87/1543 1637/902/1543 1636/897/1543 1628/86/1543
f 1630/88/1544 1638/1311/1544 1637/902/1544 1629/87/1544
f 1631/89/1545 1639/891/1545 1638/1311/1545 1630/88/1545
f 1632/90/1546 1640/904/1546 1639/891/1546 1631/89/1546
f 1633/83/1547 1641/894/1547 1640/904/1547 1632/90/1547
f 1634/1308/1548 1642/109/1548 1649/110/1548 1641/894/1548
f 1635/1309/1549 1643/111/1549 1642/112/1549 1634/1310/1549
f 1636/897/1550 1644/113/1550 1643/111/1550 1635/1309/1550
f 1637/902/1551 1645/114/1551 1644/113/1551 1636/897/1551
f 1638/1311/1552 1646/115/1552 1645/114/1552 1637/902/1552
f 1639/891/1553 1647/116/1553 1646/115/1553 1638/1311/1553
f 1640/904/1554 1648/117/1554 1647/116/1554 1639/891/1554
f 1641/894/1555 1649/110/1555 1648/117/1555 1640/904/1555
f 1642/109/1556 1650/524/1556 1657/548/1556 1649/110/1556
f 1643/111/1557 1651/1312/1557 1650/1313/1557 1642/112/1557
f 1644/113/1558 1652/683/1558 1651/1312/1558 1643/111/1558
f 1645/114/1559 1653/554/1559 1652/683/1559 1644/113/1559
f 1646/115/1560 1654/874/1560 1653/554/1560 1645/114/1560
f 1647/116/1561 1655/567/1561 1654/874/1561 1646/115/1561
f 1648/117/1562 1656/886/1562 1655/567/1562 1647/116/1562
f 1649/110/1563 1657/548/1563 1656/886/1563 1648/117/1563
f 1650/524/1564 1658/136/1564 1665/137/1564 1657/548/1564
f 1651/1312/1565 1659/138/1565 1658/139/1565 1650/1313/1565
f 1652/683/1566 1660/140/1566 1659/138/1566 1651/1312/1566
f 1653/554/1567 1661/141/1567 1660/140/1567 1652/683/1567
f 1654/874/1568 1662/142/1568 1661/141/1568 1653/554/1568
f 1655/567/1569 1663/143/1569 1662/142/1569 1654/874/1569
f 1656/886/1570 1664/144/1570 1663/143/1570 1655/567/1570
f 1657/548/1571 1665/137/1571 1664/144/1571 1656/886/1571
f 1658/136/1572 1666/1314/1572 1673/1315/1572 1665/137/1572
f 1659/138/1573 1667/1316/1573 1666/1317/1573 1658/139/1573
f 1660/140/1574 1668/1318/1574 1667/1316/1574 1659/138/1574
f 1661/141/1575 1669/1319/1575 1668/1318/1575 1660/140/1575
f 1662/142/1576 1670/1320/1576 1669/1319/1576 1661/141/1576
f 1663/143/1577 1671/1321/1577 1670/1320/1577 1662/142/1577
f 1664/144/1578 1672/1322/1578 1671/1321/1578 1663/143/1578
f 1665/137/1579 1673/1315/1579 1672/1322/1579 1664/144/1579
f 1666/1314/1580 1674/163/1580 1681/164/1580 1673/1315/1580
f 1667/1316/1581 1675/165/1581 1674/166/1581 1666/1317/1581
f 1668/1318/1582 1676/167/1582 1675/165/1582 1667/1316/1582
f 1669/1319/1583 1677/168/1583 1676/167/1583 1668/1318/1583
f 1670/1320/1584 1678/169/1584 1677/168/1584 1669/1319/1584
f 1671/1321/1585 1679/170/1585 1678/169/1585 1670/1320/1585
f 1672/1322/1586 1680/171/1586 1679/170/1586 1671/1321/1586
f 1673/1315/1587 1681/164/1587 1680/171/1587 1672/1322/1587
f 1674/163/1588 1682/1323/1588 1689/1324/1588 1681/164/1588
f 1675/165/1589 1683/1325/1589 1682/1326/1589 1674/166/1589
f 1676/167/1590 1684/1327/1590 1683/1325/1590 1675/165/1590
f 1677/168/1591 1685/1328/1591 1684/1327/1591 1676/167/1591
f 1678/169/1592 1686/1329/1592 1685/1328/1592 1677/168/1592
f 1679/170/1593 1687/1330/1593 1686/1329/1593 1678/169/1593
f 1680/171/1594 1688/1331/1594 1687/1330/1594 1679/170/1594
f 1681/164/1595 1689/1324/1595 1688/1331/1595 1680/171/1595
f 1682/1323/1596 1690/190/1596 1697/191/1596 1689/1324/1596
f 1683/1325/1597 1691/192/1597 1690/193/1597 1682/1326/1597
f 1684/1327/1598 1692/194/1598 1691/192/1598 1683/1325/1598
f 1685/1328/1599 1693/195/1599 1692/194/1599 1684/1327/1599
f 1686/1329/1600 1694/196/1600 1693/195/1600 1685/1328/1600
f 1687/1330/1601 1695/197/1601 1694/196/1601 1686/1329/1601
f 1688/1331/1602 1696/198/1602 1695/197/1602 1687/1330/1602
f 1689/1324/1603 1697/191/1603 1696/198/1603 1688/1331/1603
f 1690/190/1604 1698/477/1604 1705/476/1604 1697/191/1604
f 1691/192/1605 1699/1332/1605 1698/1333/1605 1690/193/1605
f 1692/194/1606 1700/647/1606 1699/1332/1606 1691/192/1606
f 1693/195/1607 1701/671/1607 1700/647/1607 1692/194/1607
f 1694/196/1608 1702/702/1608 1701/671/1608 1693/195/1608
f 1695/197/1609 1703/756/1609 1702/702/1609 1694/196/1609
f 1696/198/1610 1704/707/1610 1703/756/1610 1695/197/1610
f 1697/191/1611 1705/476/1611 1704/707/1611 1696/198/1611
f 1698/477/1612 1706/217/1612 1713/218/1612 1705/476/1612
f 1699/1332/1613 1707/219/1613 1706/220/1613 1698/1333/1613
f 1700/647/1614 1708/221/1614 1707/219/1614 1699/1332/1614
f 1701/671/1615 1709/222/1615 1708/221/1615 1700/647/1615
f 1702/702/1616 1710/223/1616 1709/222/1616 1701/671/1616
f 1703/756/1617 1711/224/1617 1710/223/1617 1702/702/1617
f 1704/707/1618 1712/225/1618 1711/224/1618 1703/756/1618
f 1705/476/1619 1713/218/1619 1712/225/1619 1704/707/1619
f 1706/217/1620 1714/1334/1620 1721/1335/1620 1713/218/1620
f 1707/219/1621 1715/1336/1621 1714/1337/1621 1706/220/1621
f 1708/221/1622 1716/1338/1622 1715/1336/1622 1707/219/1622
f 1709/222/1623 1717/1339/1623 1716/1338/1623 1708/221/1623
f 1710/223/1624 1718/1340/1624 1717/1339/1624 1709/222/1624
f 1711/224/1625 1719/1341/1625 1718/1340/1625 1710/223/1625
f 1712/225/1626 1720/1342/1626 1719/1341/1626 1711/224/1626
f 1713/218/1627 1721/1335/1627 1720/1342/1627 1712/225/1627
f 1714/1334/1628 1722/244/1628 1729/245/1628 1721/1335/1628
f 1715/1336/1629 1723/246/1629 1722/247/1629 1714/1337/1629
f 1716/1338/1630 1724/248/1630 1723/246/1630 1715/1336/1630
f 1717/1339/1631 1725/249/1631 1724/248/1631 1716/1338/1631
f 1718/1340/1632 1726/250/1632 1725/249/1632 1717/1339/1632
f 1719/1341/1633 1727/251/1633 1726/250/1633 1718/1340/1633
f 1720/1342/1634 1728/252/1634 1727/251/1634 1719/1341/1634
f 1721/1335/1635 1729/245/1635 1728/252/1635 1720/1342/1635
f 1722/244/1636 1730/1343/1636 1737/1008/1636 1729/245/1636
f 1723/246/1637 1731/1344/1637 1730/1345/1637 1722/247/1637
f 1724/248/1638 1732/1019/1638 1731/1344/1638 1723/246/1638
f 1725/249/1639 1733/1346/1639 1732/1019/1639 1724/248/1639
f 1726/250/1640 1734/1015/1640 1733/1346/1640 1725/249/1640
f 1727/251/1641 1735/1347/1641 1734/1015/1641 1726/250/1641
f 1728/252/1642 1736/1348/1642 1735/1347/1642 1727/251/1642
f 1729/245/1643 1737/1008/1643 1736/1348/1643 1728/252/1643
f 1730/1343/1644 1738/271/1644 1745/272/1644 1737/1008/1644
f 1731/1344/1645 1739/273/1645 1738/274/1645 1730/1345/1645
f 1732/1019/1646 1740/275/1646 1739/273/1646 1731/1344/1646
f 1733/1346/1647 1741/276/1647 1740/275/1647 1732/1019/1647
f 1734/1015/1648 1742/277/1648 1741/276/1648 1733/1346/1648
f 1735/1347/1649 1743/278/1649 1742/277/1649 1734/1015/1649
f 1736/1348/1650 1744/279/1650 1743/278/1650 1735/1347/1650
f 1737/1008/1651 1745/272/1651 1744/279/1651 1736/1348/1651
f 1738/271/1652 1746/1349/1652 1753/997/1652 1745/272/1652
f 1739/273/1653 1747/1350/1653 1746/1351/1653 1738/274/1653
f 1740/275/1654 1748/987/1654 1747/1350/1654 1739/273/1654
f 1741/276/1655 1749/1352/1655 1748/987/1655 1740/275/1655
f 1742/277/1656 1750/522/1656 1749/1352/1656 1741/276/1656
f 1743/278/1657 1751/578/1657 1750/522/1657 1742/277/1657
f 1744/279/1658 1752/484/1658 1751/578/1658 1743/278/1658
f 1745/272/1659 1753/997/1659 1752/484/1659 1744/279/1659
f 1746/1349/1660 1754/298/1660 1761/299/1660 1753/997/1660
f 1747/1350/1661 1755/300/1661 1754/301/1661 1746/1351/1661
f 1748/987/1662 1756/302/1662 1755/300/1662 1747/1350/1662
f 1749/1352/1663 1757/303/1663 1756/302/1663 1748/987/1663
f 1750/522/1664 1758/304/1664 1757/303/1664 1749/1352/1664
f 1751/578/1665 1759/305/1665 1758/304/1665 1750/522/1665
f 1752/484/1666 1760/306/1666 1759/305/1666 1751/578/1666
f 1753/997/1667 1761/299/1667 1760/306/1667 1752/484/1667
f 1754/298/1668 1762/1353/1668 1769/981/1668 1761/299/1668
f 1755/300/1669 1763/1354/1669 1762/1355/1669 1754/301/1669
f 1756/302/1670 1764/970/1670 1763/1354/1670 1755/300/1670
f 1757/303/1671 1765/975/1671 1764/970/1671 1756/302/1671
f 1758/304/1672 1766/1356/1672 1765/975/1672 1757/303/1672
f 1759/305/1673 1767/1357/1673 1766/1356/1673 1758/304/1673
f 1760/306/1674 1768/968/1674 1767/1357/1674 1759/305/1674
f 1761/299/1675 1769/981/1675 1768/968/1675 1760/306/1675
f 1762/1353/1676 1580/325/1676 592/326/1676 1769/981/1676
f 1763/1354/1677 1579/327/1677 1580/328/1677 1762/1355/1677
f 1764/970/1678 1585/329/1678 1579/327/1678 1763/1354/1678
f 1765/975/1679 591/330/1679 1585/329/1679 1764/970/1679
f 1766/1356/1680 1543/331/1680 591/330/1680 1765/975/1680
f 1767/1357/1681 1548/332/1681 1543/331/1681 1766/1356/1681
f 1768/968/1682 1549/333/1682 1548/332/1682 1767/1357/1682
f 1769/981/1683 592/326/1683 1549/333/1683 1768/968/1683
f 1773/1195/1684 1774/1358/1684 1771/90/1684 1770/559/1684
f 1775/1196/1685 1773/1195/1685 1770/559/1685 1772/560/1685
f 1363/559/1686 1364/560/1686 1772/560/1686 1770/559/1686
f 1834/1195/1687 1833/1359/1687 1774/1358/1687 1773/1195/1687
f 1833/1359/1688 1362/90/1688 1771/90/1688 1774/1358/1688
f 1362/548/1689 1363/559/1689 1770/559/1689 1771/1360/1689
f 1779/1361/1690 1778/1221/1690 1776/673/1690 1777/1362/1690
f 1833/1359/1283 1832/1221/1283 1778/1221/1283 1779/1361/1283
f 1832/1221/1691 1361/673/1691 1776/673/1691 1778/1221/1691
f 1362/90/1692 1833/1359/1692 1779/1361/1692 1777/1362/1692
f 1782/1222/1693 1783/1204/1693 1781/601/1693 1780/1223/1693
f 1844/1204/1694 1373/601/1694 1781/601/1694 1783/1204/1694
f 1832/1221/1695 1844/1204/1695 1783/1204/1695 1782/1222/1695
f 1373/601/1696 1361/673/1696 1780/1223/1696 1781/601/1696
f 1787/1363/1697 1786/1364/1697 1784/1202/1697 1785/1201/1697
f 1370/565/1698 1841/1365/1698 1787/1363/1698 1785/1201/1698
f 1841/1365/1699 1840/1366/1699 1786/1364/1699 1787/1363/1699
f 1840/1366/1700 1369/564/1700 1784/1202/1700 1786/1364/1700
f 1791/1205/1701 1790/1367/1701 1788/1368/1701 1789/1206/1701
f 1844/1204/1702 1841/1365/1702 1790/1367/1702 1791/1205/1702
f 1841/1365/1703 1370/565/1703 1788/1368/1703 1790/1367/1703
f 1370/565/1704 1373/601/1704 1789/1206/1704 1788/1368/1704
f 1794/1366/1705 1795/1369/1705 1793/1211/1705 1792/564/1705
f 1847/1370/1706 1376/631/1706 1793/1211/1706 1795/1369/1706
f 1840/1366/1707 1847/1370/1707 1795/1369/1707 1794/1366/1707
f 1369/564/1708 1840/1366/1708 1794/1366/1708 1792/564/1708
f 1798/1371/1709 1799/1216/1709 1797/1215/1709 1796/1372/1709
f 1376/631/1710 1847/1370/1710 1798/1371/1710 1796/1372/1710
f 1847/1370/1711 1839/1214/1711 1799/1216/1711 1798/1371/1711
f 1368/562/1712 1376/631/1712 1796/1372/1712 1797/1215/1712
f 1803/1373/1713 1802/1374/1713 1800/1200/1713 1801/1199/1713
f 1368/562/1714 1839/1214/1714 1803/1373/1714 1801/1199/1714
f 1838/1217/1715 1367/561/1715 1800/1200/1715 1802/1374/1715
f 1839/1214/1716 1838/1217/1716 1802/1374/1716 1803/1373/1716
f 1806/1220/1717 1807/1219/1717 1805/1375/1717 1804/1376/1717
f 1837/1218/1718 1366/88/1718 1805/1375/1718 1807/1219/1718
f 1366/554/1719 1367/666/1719 1804/1377/1719 1805/1378/1719
f 1367/561/1720 1838/1217/1720 1806/1220/1720 1804/1376/1720
f 1811/1379/1721 1810/1380/1721 1808/1198/1721 1809/1381/1721
f 1837/1218/1280 1836/1382/1280 1810/1380/1280 1811/1379/1280
f 1366/88/1722 1837/1218/1722 1811/1379/1722 1809/1381/1722
f 1836/1382/1723 1365/558/1723 1808/1198/1723 1810/1380/1723
f 1814/1383/1724 1815/1213/1724 1813/1212/1724 1812/1384/1724
f 1836/1382/1725 1846/1208/1725 1815/1213/1725 1814/1383/1725
f 1375/629/1726 1365/558/1726 1812/1384/1726 1813/1212/1726
f 1365/558/1727 1836/1382/1727 1814/1383/1727 1812/1384/1727
f 1819/1209/1728 1818/1385/1728 1816/1386/1728 1817/1210/1728
f 1846/1208/1729 1843/1387/1729 1818/1385/1729 1819/1209/1729
f 1843/1387/1730 1372/568/1730 1816/1386/1730 1818/1385/1730
f 1372/568/1731 1375/629/1731 1817/1210/1731 1816/1386/1731
f 1823/1387/1732 1822/1388/1732 1820/1203/1732 1821/568/1732
f 1372/568/1733 1843/1387/1733 1823/1387/1733 1821/568/1733
f 1842/1389/1734 1371/567/1734 1820/1203/1734 1822/1388/1734
f 1843/1387/1735 1842/1389/1735 1822/1388/1735 1823/1387/1735
f 1826/1389/1736 1827/1390/1736 1825/1207/1736 1824/567/1736
f 1845/1391/1737 1374/603/1737 1825/1207/1737 1827/1390/1737
f 1371/567/1738 1842/1389/1738 1826/1389/1738 1824/567/1738
f 1842/1389/1739 1845/1391/1739 1827/1390/1739 1826/1389/1739
f 1830/1391/1740 1831/1392/1740 1829/1224/1740 1828/603/1740
f 1835/1194/1741 1364/560/1741 1829/1224/1741 1831/1392/1741
f 1374/603/1742 1845/1391/1742 1830/1391/1742 1828/603/1742
f 1845/1391/1743 1835/1194/1743 1831/1392/1743 1830/1391/1743
f 1849/1393/575 1848/1394/575 1832/1221/575 1833/1359/575
f 1850/1395/575 1849/1393/575 1833/1359/575 1834/1195/575
f 1851/1396/575 1850/1395/575 1834/1195/575 1835/1194/575
f 1853/1397/575 1852/1398/575 1836/1382/575 1837/1218/575
f 1855/1399/575 1854/1400/575 1838/1217/575 1839/1214/575
f 1857/1401/575 1856/1402/575 1840/1366/575 1841/1365/575
f 1859/1403/575 1858/1404/575 1842/1389/575 1843/1387/575
f 1860/1405/575 1857/1401/575 1841/1365/575 1844/1204/575
f 1858/1404/1744 1861/1406/1744 1845/1391/1744 1842/1389/1744
f 1862/1407/575 1859/1403/575 1843/1387/575 1846/1208/575
f 1856/1402/575 1863/1408/575 1847/1370/575 1840/1366/575
f 1852/1398/575 1862/1407/575 1846/1208/575 1836/1382/575
f 1863/1408/575 1855/1399/575 1839/1214/575 1847/1370/575
f 1854/1400/575 1853/1397/575 1837/1218/575 1838/1217/575
f 1848/1394/575 1860/1405/575 1844/1204/575 1832/1221/575
f 1861/1406/575 1851/1396/575 1835/1194/575 1845/1391/575
f 1849/1393/1745 1850/1395/1745 1874/1409/1745 1873/1393/1745
f 617/787/1691 1848/1394/1691 1872/1410/1691 1875/1411/1691
f 619/789/1746 1850/1395/1746 1864/1412/1746 1866/1413/1746
f 671/794/1747 657/793/1747 1898/1414/1747 1901/794/1747
f 1862/1407/1748 1852/1398/1748 1878/1398/1748 1888/1407/1748
f 1852/1398/1283 1853/1397/1283 1879/1397/1283 1878/1398/1283
f 635/792/1749 651/791/1749 1900/791/1749 1897/1415/1749
f 1863/1408/1750 1856/1402/1750 1882/1416/1750 1889/1417/1750
f 710/786/1751 645/785/1751 1896/1418/1751 1899/786/1751
f 651/791/1752 1861/1406/1752 1887/1406/1752 1900/791/1752
f 1859/1403/1753 1862/1407/1753 1888/1407/1753 1885/1419/1753
f 617/787/1754 710/786/1754 1899/786/1754 1903/787/1754
f 657/793/1755 635/792/1755 1897/1415/1755 1898/1414/1755
f 1861/1406/1756 1858/1404/1756 1884/1420/1756 1887/1406/1756
f 616/797/1757 696/796/1757 1892/796/1757 1893/1421/1757
f 1861/1406/1758 651/791/1758 1870/791/1758 1868/1406/1758
f 1867/1422/1759 1866/1413/1759 1864/1412/1759 1865/1396/1759
f 1850/1395/1760 1851/1396/1760 1865/1396/1760 1864/1412/1760
f 1851/1396/1761 714/790/1761 1867/1422/1761 1865/1396/1761
f 714/790/1762 619/789/1762 1866/1413/1762 1867/1422/1762
f 1870/791/1763 1871/1423/1763 1869/1424/1763 1868/1406/1763
f 1851/1396/1764 1861/1406/1764 1868/1406/1764 1869/1424/1764
f 714/790/1765 1851/1396/1765 1869/1424/1765 1871/1423/1765
f 651/791/1766 714/790/1766 1871/1423/1766 1870/791/1766
f 1876/788/1767 1875/1411/1767 1872/1410/1767 1873/1393/1767
f 1877/1425/1768 1876/788/1768 1873/1393/1768 1874/1409/1768
f 697/788/1283 617/787/1283 1875/1411/1283 1876/788/1283
f 1850/1395/1769 619/789/1769 1877/1425/1769 1874/1409/1769
f 1848/1394/1280 1849/1393/1280 1873/1393/1280 1872/1410/1280
f 619/789/1770 697/788/1770 1876/788/1770 1877/1425/1770
f 1892/796/1771 1891/795/1771 1878/1398/1771 1879/1397/1771
f 1894/1426/1772 1893/1421/1772 1880/1427/1772 1881/1428/1772
f 1896/1418/1773 1895/1429/1773 1882/1416/1773 1883/1430/1773
f 1898/1414/1774 1897/1415/1774 1884/1420/1774 1885/1419/1774
f 1899/786/1775 1896/1418/1775 1883/1430/1775 1886/1405/1775
f 1897/1415/1776 1900/791/1776 1887/1406/1776 1884/1420/1776
f 1901/794/1777 1898/1414/1777 1885/1419/1777 1888/1407/1777
f 1895/1429/1778 1902/1431/1778 1889/1417/1778 1882/1416/1778
f 1891/795/1779 1901/794/1779 1888/1407/1779 1878/1398/1779
f 1902/1431/1780 1894/1426/1780 1881/1428/1780 1889/1417/1780
f 1893/1421/1781 1892/796/1781 1879/1397/1781 1880/1427/1781
f 1903/787/1782 1899/786/1782 1886/1405/1782 1890/1394/1782
f 1854/1400/1783 1855/1399/1783 1881/1428/1783 1880/1427/1783
f 1848/1394/1784 617/787/1784 1903/787/1784 1890/1394/1784
f 1855/1399/1785 1863/1408/1785 1889/1417/1785 1881/1428/1785
f 634/784/1786 667/783/1786 1902/1431/1786 1895/1429/1786
f 1856/1402/1787 1857/1401/1787 1883/1430/1787 1882/1416/1787
f 696/796/1280 618/795/1280 1891/795/1280 1892/796/1280
f 1853/1397/1788 1854/1400/1788 1880/1427/1788 1879/1397/1788
f 618/795/1789 671/794/1789 1901/794/1789 1891/795/1789
f 1858/1404/1790 1859/1403/1790 1885/1419/1790 1884/1420/1790
f 679/798/1791 616/797/1791 1893/1421/1791 1894/1426/1791
f 1860/1405/1725 1848/1394/1725 1890/1394/1725 1886/1405/1725
f 667/783/1792 679/798/1792 1894/1426/1792 1902/1431/1792
f 1857/1401/1793 1860/1405/1793 1886/1405/1793 1883/1430/1793
f 645/785/1794 634/784/1794 1895/1429/1794 1896/1418/1794
f 1920/1432/445 1921/1433/445 1905/1154/445 1904/1153/445
f 1922/1434/1795 1923/1435/1795 1907/1157/1795 1906/1160/1795
f 1921/1433/445 1922/1434/445 1906/1160/445 1905/1154/445
f 1924/1436/445 1925/1437/445 1909/1188/445 1908/1382/445
f 1926/1438/445 1927/1439/445 1911/1440/445 1910/1165/445
f 1928/1441/445 1929/1442/445 1913/1443/445 1912/1168/445
f 1930/1444/445 1931/1445/445 1915/1446/445 1914/1171/445
f 1929/1442/445 1932/1447/445 1916/1174/445 1913/1443/445
f 1933/1448/445 1930/1444/445 1914/1171/445 1917/1449/445
f 1931/1445/445 1934/1450/445 1918/1179/445 1915/1446/445
f 1935/1451/1795 1928/1441/1795 1912/1168/1795 1919/1452/1795
f 1934/1450/445 1924/1436/445 1908/1382/445 1918/1179/445
f 1927/1439/445 1935/1451/445 1919/1452/445 1911/1440/445
f 1925/1437/445 1926/1438/445 1910/1165/445 1909/1188/445
f 1932/1447/445 1920/1432/445 1904/1153/445 1916/1174/445
f 1923/1435/445 1933/1448/445 1917/1449/445 1907/1157/445
f 1928/1441/1796 1935/1451/1796 2015/1451/1796 2008/1441/1796
f 472/662/1797 529/661/1797 2023/661/1797 2022/1453/1797
f 1934/1450/1798 1931/1445/1798 2011/1454/1798 2014/1450/1798
f 474/664/1799 548/663/1799 2021/663/1799 2020/1455/1799
f 1930/1444/1800 1933/1448/1800 2013/1448/1800 2010/1456/1800
f 549/655/1801 475/654/1801 2018/1457/1801 2017/655/1801
f 1932/1447/1802 1929/1442/1802 2009/1458/1802 2012/1447/1802
f 565/653/1803 503/652/1803 2029/652/1803 2019/1459/1803
f 475/654/1804 565/653/1804 2019/1459/1804 2018/1457/1804
f 1931/1445/1805 1930/1444/1805 2010/1456/1805 2011/1454/1805
f 561/657/1806 473/656/1806 2016/1460/1806 2028/657/1806
f 473/656/1265 549/655/1265 2017/655/1265 2016/1460/1265
f 1929/1442/1807 1928/1441/1807 2008/1441/1807 2009/1458/1807
f 548/663/1808 472/662/1808 2022/1453/1808 2021/663/1808
f 1927/1439/1809 1926/1438/1809 2006/1461/1809 2007/1439/1809
f 529/661/1810 517/660/1810 2031/660/1810 2023/661/1810
f 1939/1174/1811 1938/1462/1811 1936/1190/1811 1937/601/1811
f 1357/601/1812 1916/1174/1812 1939/1174/1812 1937/601/1812
f 1916/1174/1813 1904/1153/1813 1938/1462/1813 1939/1174/1813
f 1904/1153/1814 1345/673/1814 1936/1190/1814 1938/1462/1814
f 1942/1156/1815 1943/1155/1815 1941/1463/1815 1940/1464/1815
f 1905/1154/1816 1346/90/1816 1941/1463/1816 1943/1155/1816
f 1346/548/1817 1345/547/1817 1940/1465/1817 1941/1466/1817
f 1345/673/1818 1904/1153/1818 1942/1156/1818 1940/1464/1818
f 1947/1162/1819 1946/1161/1819 1944/1467/1819 1945/1468/1819
f 1346/90/1820 1905/1154/1820 1947/1162/1820 1945/1468/1820
f 1906/1160/1821 1347/559/1821 1944/1467/1821 1946/1161/1821
f 1347/559/1822 1346/548/1822 1945/1469/1822 1944/1467/1822
f 1950/1470/1823 1951/1159/1823 1949/1158/1823 1948/1471/1823
f 1348/560/1824 1347/559/1824 1948/1471/1824 1949/1158/1824
f 1906/1160/1825 1907/1157/1825 1951/1159/1825 1950/1470/1825
f 1347/559/1826 1906/1160/1826 1950/1470/1826 1948/1471/1826
f 1955/1191/1827 1954/1472/1827 1952/1473/1827 1953/1192/1827
f 1358/603/1828 1348/560/1828 1953/1192/1828 1952/1473/1828
f 1917/1449/1829 1358/603/1829 1952/1473/1829 1954/1472/1829
f 1907/1157/1830 1917/1449/1830 1954/1472/1830 1955/1191/1830
f 1959/1474/1831 1958/1475/1831 1956/1178/1831 1957/1177/1831
f 1914/1171/1832 1355/567/1832 1956/1178/1832 1958/1475/1832
f 1358/603/1833 1917/1449/1833 1959/1474/1833 1957/1177/1833
f 1917/1449/1834 1914/1171/1834 1958/1475/1834 1959/1474/1834
f 1962/1172/1835 1963/1476/1835 1961/1477/1835 1960/1173/1835
f 1356/568/1836 1355/567/1836 1960/1173/1836 1961/1477/1836
f 1915/1446/1837 1356/568/1837 1961/1477/1837 1963/1476/1837
f 1914/1171/1838 1915/1446/1838 1963/1476/1838 1962/1172/1838
f 1966/1478/1839 1967/1181/1839 1965/1180/1839 1964/1479/1839
f 1915/1446/1840 1918/1179/1840 1967/1181/1840 1966/1478/1840
f 1356/568/1841 1915/1446/1841 1966/1478/1841 1964/1479/1841
f 1359/629/1842 1356/568/1842 1964/1479/1842 1965/1180/1842
f 1971/1184/1843 1970/1480/1843 1968/1481/1843 1969/1185/1843
f 1918/1179/1844 1908/1382/1844 1970/1480/1844 1971/1184/1844
f 1908/1382/1845 1349/558/1845 1968/1481/1845 1970/1480/1845
f 1349/558/1846 1359/629/1846 1969/1185/1846 1968/1481/1846
f 1974/1482/1847 1975/1483/1847 1973/1484/1847 1972/1163/1847
f 1908/1382/1817 1909/1188/1817 1975/1483/1817 1974/1482/1817
f 1349/558/1848 1908/1382/1848 1974/1482/1848 1972/1163/1848
f 1909/1188/1849 1350/88/1849 1973/1484/1849 1975/1483/1849
f 1979/1189/1850 1978/1165/1850 1976/561/1850 1977/1485/1850
f 1910/1165/1851 1351/561/1851 1976/561/1851 1978/1165/1851
f 1351/666/1852 1350/554/1852 1977/1486/1852 1976/666/1852
f 1350/88/1853 1909/1188/1853 1979/1189/1853 1977/1485/1853
f 1982/1166/1854 1983/1440/1854 1981/562/1854 1980/1167/1854
f 1352/562/1855 1351/561/1855 1980/1167/1855 1981/562/1855
f 1911/1440/1856 1352/562/1856 1981/562/1856 1983/1440/1856
f 1910/1165/1857 1911/1440/1857 1983/1440/1857 1982/1166/1857
f 1987/1487/1858 1986/1488/1858 1984/1187/1858 1985/1186/1858
f 1919/1452/1859 1360/631/1859 1984/1187/1859 1986/1488/1859
f 1911/1440/1860 1919/1452/1860 1986/1488/1860 1987/1487/1860
f 1352/562/1861 1911/1440/1861 1987/1487/1861 1985/1186/1861
f 1991/1489/1862 1990/1183/1862 1988/1182/1862 1989/1490/1862
f 1360/631/1863 1919/1452/1863 1991/1489/1863 1989/1490/1863
f 1919/1452/1864 1912/1168/1864 1990/1183/1864 1991/1489/1864
f 1353/564/1865 1360/631/1865 1989/1490/1865 1988/1182/1865
f 1994/1169/1866 1995/1443/1866 1993/565/1866 1992/1170/1866
f 1912/1168/1867 1913/1443/1867 1995/1443/1867 1994/1169/1867
f 1354/565/1868 1353/564/1868 1992/1170/1868 1993/565/1868
f 1913/1443/1869 1354/565/1869 1993/565/1869 1995/1443/1869
f 1998/1491/1870 1999/1176/1870 1997/1175/1870 1996/1492/1870
f 1913/1443/1871 1916/1174/1871 1999/1176/1871 1998/1491/1871
f 1354/565/1872 1913/1443/1872 1998/1491/1872 1996/1492/1872
f 1357/601/1873 1354/565/1873 1996/1492/1873 1997/1175/1873
f 2016/1460/1874 2017/655/1874 2001/1433/1874 2000/1493/1874
f 2018/1457/1875 2019/1459/1875 2003/1494/1875 2002/1495/1875
f 2017/655/1876 2018/1457/1876 2002/1495/1876 2001/1433/1876
f 2020/1455/1877 2021/663/1877 2005/1437/1877 2004/1496/1877
f 2022/1453/1878 2023/661/1878 2007/1439/1878 2006/1461/1878
f 2024/659/1879 2025/1497/1879 2009/1458/1879 2008/1441/1879
f 2026/1498/1880 2027/1499/1880 2011/1454/1880 2010/1456/1880
f 2025/1497/1881 2028/657/1881 2012/1447/1881 2009/1458/1881
f 2029/652/1882 2026/1498/1882 2010/1456/1882 2013/1448/1882
f 2027/1499/1883 2030/649/1883 2014/1450/1883 2011/1454/1883
f 2031/660/1884 2024/659/1884 2008/1441/1884 2015/1451/1884
f 2030/649/1885 2020/1455/1885 2004/1496/1885 2014/1450/1885
f 2023/661/1886 2031/660/1886 2015/1451/1886 2007/1439/1886
f 2021/663/1887 2022/1453/1887 2006/1461/1887 2005/1437/1887
f 2028/657/1888 2016/1460/1888 2000/1493/1888 2012/1447/1888
f 2019/1459/1889 2029/652/1889 2013/1448/1889 2003/1494/1889
f 488/659/1890 497/658/1890 2025/1497/1890 2024/659/1890
f 1924/1436/1813 1934/1450/1813 2014/1450/1813 2004/1496/1813
f 489/651/1891 509/650/1891 2027/1499/1891 2026/1498/1891
f 1935/1451/1892 1927/1439/1892 2007/1439/1892 2015/1451/1892
f 497/658/1893 561/657/1893 2028/657/1893 2025/1497/1893
f 1926/1438/1894 1925/1437/1894 2005/1437/1894 2006/1461/1894
f 503/652/1865 489/651/1865 2026/1498/1865 2029/652/1865
f 1921/1433/1817 1920/1432/1817 2000/1493/1817 2001/1433/1817
f 1920/1432/1895 1932/1447/1895 2012/1447/1895 2000/1493/1895
f 509/650/1896 521/649/1896 2030/649/1896 2027/1499/1896
f 1923/1435/1897 1922/1434/1897 2002/1495/1897 2003/1494/1897
f 1933/1448/1898 1923/1435/1898 2003/1494/1898 2013/1448/1898
f 517/660/1899 488/659/1899 2024/659/1899 2031/660/1899
f 1922/1434/1900 1921/1433/1900 2001/1433/1900 2002/1495/1900
f 521/649/1278 474/664/1278 2020/1455/1278 2030/649/1278
f 1925/1437/1901 1924/1436/1901 2004/1496/1901 2005/1437/1901
f 2033/704/1902 2035/704/1902 2034/704/1902 2032/704/1902
f 2055/1500/1903 2054/749/1903 2053/772/1903 2057/774/1903 2047/727/1903 2046/1501/1903 2056/728/1903 2051/755/1903 2052/756/1903 2044/704/1903 2045/705/1903 2048/778/1903 2049/1502/1903 2050/758/1903
f 2039/1503/1904 2041/1500/1904 2055/1500/1904 2050/758/1904
f 2043/1504/1905 2040/1505/1905 2057/774/1905 2053/772/1905
f 2042/749/1906 2043/1504/1906 2053/772/1906 2054/749/1906
f 2038/1502/1907 2039/1503/1907 2050/758/1907 2049/1502/1907
f 2036/778/1908 2038/1502/1908 2049/1502/1908 2048/778/1908
f 2041/1500/1909 2042/749/1909 2054/749/1909 2055/1500/1909
f 2037/705/1910 2036/778/1910 2048/778/1910 2045/705/1910
f 2060/648/1911 2059/671/1911 2058/702/1911 2304/1506/1911 2589/1507/1911 2581/1508/1911
f 2077/1509/1912 2066/1510/1912 2065/1511/1912 2078/1511/1912
f 2079/1512/1913 2064/1512/1913 2063/1513/1913 2080/1513/1913
f 2081/1514/1914 2062/1514/1914 2498/1515/1914 2503/1516/1914
f 2084/1517/1915 2067/1517/1915 2066/1510/1915 2077/1509/1915
f 2078/1511/1916 2065/1511/1916 2064/1512/1916 2079/1512/1916
f 2080/1513/1917 2063/1513/1917 2062/1514/1917 2081/1514/1917
f 2072/1518/1918 2083/1518/1918 2496/1519/1918 2497/1519/1918
f 2082/1520/1919 2061/1520/1919 2492/1521/1919 2493/1521/1919
f 2083/1518/1920 2068/1518/1920 2495/1519/1920 2496/1519/1920
f 2075/1512/1921 2070/1513/1921 2089/1522/1921 2085/1523/1921
f 2076/1520/1922 2082/1520/1922 2493/1521/1922 2494/1521/1922
f 2070/1513/1923 2080/1513/1923 2081/1514/1923 2071/1514/1923
f 2074/1511/1924 2078/1511/1924 2079/1512/1924 2075/1512/1924
f 2073/1517/1925 2084/1517/1925 2077/1509/1925 2069/1510/1925
f 2071/1514/1926 2081/1514/1926 2503/1516/1926 2500/1516/1926
f 2075/1512/1927 2079/1512/1927 2080/1513/1927 2070/1513/1927
f 2069/1510/1928 2077/1509/1928 2078/1511/1928 2074/1511/1928
f 2094/1524/1929 2100/1502/1929 2099/1502/1929 2093/778/1929
f 2088/1525/1930 2095/705/1930 2096/705/1930 2087/1525/1930
f 2100/1502/1931 2104/1503/1931 2103/1503/1931 2099/1502/1931
f 2101/727/1932 2097/1501/1932 2098/1501/1932 2102/727/1932
f 2097/1501/1933 2091/728/1933 2092/728/1933 2098/1501/1933
f 2085/756/1934 2088/1525/1934 2087/1525/1934 2086/756/1934
f 2095/705/1935 2094/1524/1935 2093/778/1935 2096/705/1935
f 2069/1510/1921 2074/1511/1921 2088/1526/1921 2095/1527/1921
f 2091/728/1936 2089/1528/1936 2090/1528/1936 2092/728/1936
f 2108/1500/1937 2110/749/1937 2109/749/1937 2107/1500/1937
f 2070/1513/1921 2071/1514/1921 2091/1529/1921 2089/1522/1921
f 2110/749/1938 2111/1504/1938 2109/749/1938
f 2104/1503/1939 2108/1500/1939 2107/1500/1939 2103/1503/1939
f 2089/1528/1940 2085/756/1940 2086/756/1940 2090/1528/1940
f 2105/1505/1941 2101/727/1941 2102/727/1941 2106/1505/1941
f 2110/1504/1942 2504/1530/1942 2105/1505/1942 2106/1505/1942 2111/1504/1942
f 2214/1531/1943 2212/1532/1943 2209/1533/1943 2238/1534/1943 2218/1535/1943 2125/1536/1943 2159/1537/1943 2162/1538/1943 2124/1539/1943
f 2161/1540/1944 2131/1540/1944 2154/1541/1944 2157/1542/1944
f 2159/1537/1945 2125/1536/1945 2126/1543/1945 2158/1544/1945
f 2264/1545/1946 2260/1546/1946 2268/1547/1946 2153/1548/1946 2156/1548/1946 2157/1542/1946 2154/1541/1946
f 2263/1549/1947 2267/1550/1947 2126/1543/1947 2125/1536/1947 2220/1551/1947 2211/1552/1947 2233/1553/1947 2216/1554/1947 2152/1555/1947 2153/1548/1947 2271/1556/1947
f 2164/1557/1948 2130/1558/1948 2131/1540/1948 2161/1540/1948
f 2165/1559/1949 2149/1560/1949 2147/1561/1949 2163/1562/1949
f 2213/1563/1950 2208/1564/1950 2235/1565/1950 2217/1566/1950 2124/1539/1950 2162/1538/1950 2163/1562/1950 2147/1561/1950
f 2196/1567/1951 2179/1568/1951 2141/1569/1951 2178/1570/1951
f 2166/1571/1952 2129/1572/1952 2130/1558/1952 2164/1557/1952
f 2167/1573/1953 2150/1574/1953 2149/1560/1953 2165/1559/1953
f 2168/1575/1954 2128/1575/1954 2129/1572/1954 2166/1571/1954
f 2169/1576/1955 2152/1555/1955 2150/1574/1955 2167/1573/1955
f 2170/1577/1956 2127/1578/1956 2128/1575/1956 2168/1575/1956
f 2169/1576/1957 2153/1548/1957 2152/1555/1957
f 2156/1548/1958 2153/1548/1958 2169/1576/1958
f 2126/1543/1959 2265/1579/1959 2261/1580/1959 2269/1581/1959 2127/1578/1959 2170/1577/1959 2158/1544/1959
f 2138/1544/1960 2158/1544/1960 2170/1577/1960 2137/1577/1960
f 2145/1548/1961 2156/1548/1961 2169/1576/1961 2144/1582/1961
f 2137/1577/1962 2170/1577/1962 2168/1575/1962 2132/1575/1962
f 2144/1582/1963 2169/1576/1963 2143/1573/1963
f 2143/1573/1964 2169/1576/1964 2167/1573/1964
f 2132/1575/1965 2168/1575/1965 2166/1571/1965 2136/1583/1965
f 2143/1573/1966 2167/1573/1966 2165/1559/1966 2142/1559/1966
f 2135/1584/1967 2248/1585/1967 2240/1586/1967 2244/1587/1967 2136/1583/1967 2166/1571/1967 2164/1557/1967
f 2162/1538/1968 2140/1538/1968 2183/1588/1968 2173/1589/1968 2205/1590/1968 2178/1570/1968 2141/1569/1968 2163/1562/1968
f 2142/1559/1969 2165/1559/1969 2163/1562/1969 2141/1569/1969
f 2135/1584/1970 2164/1557/1970 2161/1540/1970 2133/1540/1970
f 2146/1542/1971 2157/1542/1971 2156/1548/1971 2145/1548/1971
f 2139/1591/1972 2159/1537/1972 2158/1544/1972 2138/1544/1972
f 2133/1540/1973 2161/1540/1973 2157/1542/1973 2146/1542/1973 2491/1592/1973
f 2159/1537/1974 2139/1591/1974 2182/1593/1974 2200/1594/1974 2171/1595/1974 2203/1596/1974 2177/1597/1974 2140/1538/1974 2162/1538/1974
f 2141/1569/1951 2179/1568/1951 2176/1598/1951 2174/1599/1951 2199/1600/1951 2185/1601/1951 2144/1582/1951 2143/1573/1951 2142/1559/1951
f 2138/1544/1951 2249/1602/1951 2207/1603/1951 2186/1604/1951 2139/1591/1951
f 2132/1575/1951 2136/1583/1951 2251/1605/1951 2243/1606/1951 2247/1607/1951 2138/1544/1951 2137/1577/1951
f 2259/1608/1951 2250/1609/1951 2145/1548/1951 2245/1610/1951
f 2145/1548/1951 2250/1609/1951 2491/1592/1951 2146/1542/1951
f 2195/1611/1951 2185/1601/1951 2199/1600/1951 2198/1612/1951
f 2202/1613/1951 2188/1614/1951 2171/1595/1951 2200/1594/1951
f 2193/1615/1951 2190/1616/1951 2173/1589/1951 2183/1588/1951
f 2176/1598/1951 2179/1568/1951 2196/1567/1951 2204/1617/1951
f 2171/1595/1951 2188/1614/1951 2206/1618/1951 2203/1596/1951
f 2177/1597/1951 2193/1615/1951 2183/1588/1951 2140/1538/1951
f 2186/1604/1951 2207/1603/1951 2197/1619/1951 2194/1620/1951
f 2139/1591/1951 2186/1604/1951 2194/1620/1951 2182/1593/1951
f 2182/1593/1951 2194/1620/1951 2202/1613/1951 2200/1594/1951
f 2180/1621/1951 2144/1582/1951 2185/1601/1951 2195/1611/1951
f 2175/1622/1951 2180/1621/1951 2195/1611/1951 2189/1623/1951
f 2207/1603/1951 2175/1622/1951 2189/1623/1951 2197/1619/1951
f 2187/1624/1951 2174/1599/1951 2176/1598/1951 2204/1617/1951
f 2228/1625/1975 2216/1554/1975 2233/1553/1975 2230/1626/1975
f 2190/1616/1951 2201/1627/1951 2205/1590/1951 2173/1589/1951
f 2206/1618/1951 2193/1615/1951 2177/1597/1951 2203/1596/1951
f 2199/1600/1951 2174/1599/1951 2187/1624/1951 2198/1612/1951
f 2201/1627/1951 2196/1567/1951 2178/1570/1951 2205/1590/1951
f 2152/1555/1947 2219/1628/1947 2239/1629/1947 2210/1630/1947 2232/1631/1947 2215/1632/1947 2147/1561/1947 2149/1560/1947 2150/1574/1947
f 2227/1633/1976 2220/1551/1976 2125/1536/1976 2218/1535/1976
f 2237/1634/1977 2224/1635/1977 2209/1533/1977 2212/1532/1977
f 2225/1636/1978 2237/1634/1978 2212/1532/1978 2214/1531/1978
f 2231/1637/1979 2227/1633/1979 2218/1535/1979 2238/1534/1979
f 2208/1564/1980 2222/1638/1980 2229/1639/1980 2235/1565/1980
f 2217/1566/1981 2225/1636/1981 2214/1531/1981 2124/1539/1981
f 2215/1632/1982 2232/1631/1982 2234/1640/1982 2226/1641/1982
f 2147/1561/1983 2215/1632/1983 2226/1641/1983 2213/1563/1983
f 2213/1563/1984 2226/1641/1984 2222/1638/1984 2208/1564/1984
f 2221/1642/1985 2211/1552/1985 2220/1551/1985 2227/1633/1985
f 2232/1631/1986 2210/1630/1986 2223/1643/1986 2234/1640/1986
f 2224/1635/1987 2231/1637/1987 2238/1534/1987 2209/1533/1987
f 2219/1628/1988 2152/1555/1988 2216/1554/1988 2228/1625/1988
f 2210/1630/1989 2239/1629/1989 2236/1644/1989 2223/1643/1989
f 2233/1553/1990 2211/1552/1990 2221/1642/1990 2230/1626/1990
f 2239/1629/1991 2219/1628/1991 2228/1625/1991 2236/1644/1991
f 2229/1639/1992 2225/1636/1992 2217/1566/1992 2235/1565/1992
f 2258/1645/1951 2246/1646/1951 2242/1647/1951 2252/1648/1951
f 2256/1649/1951 2255/1650/1951 2241/1651/1951 2249/1602/1951
f 2243/1606/1951 2253/1652/1951 2256/1649/1951 2247/1607/1951
f 2247/1607/1951 2256/1649/1951 2249/1602/1951 2138/1544/1951
f 2244/1587/1951 2240/1586/1951 2254/1653/1951 2257/1654/1951
f 2136/1583/1951 2244/1587/1951 2257/1654/1951 2251/1605/1951
f 2251/1605/1951 2257/1654/1951 2253/1652/1951 2243/1606/1951
f 2248/1585/1951 2135/1584/1951 2246/1646/1951 2258/1645/1951
f 2240/1586/1951 2248/1585/1951 2258/1645/1951 2254/1653/1951
f 2252/1648/1951 2242/1647/1951 2250/1609/1951 2259/1608/1951
f 2255/1650/1951 2259/1608/1951 2245/1610/1951 2241/1651/1951
f 2279/1655/1993 2266/1656/1993 2262/1657/1993 2272/1658/1993
f 2278/1659/1994 2270/1660/1994 2127/1578/1994 2269/1581/1994
f 2154/1541/1947 2131/1540/1947 2130/1558/1947 2266/1656/1947
f 2276/1661/1995 2275/1662/1995 2261/1580/1995 2265/1579/1995
f 2263/1549/1996 2273/1663/1996 2276/1661/1996 2267/1550/1996
f 2267/1550/1997 2276/1661/1997 2265/1579/1997 2126/1543/1997
f 2268/1547/1998 2260/1546/1998 2274/1664/1998 2277/1665/1998
f 2153/1548/1999 2268/1547/1999 2277/1665/1999 2271/1556/1999
f 2271/1556/2000 2277/1665/2000 2273/1663/2000 2263/1549/2000
f 2272/1658/2001 2262/1657/2001 2270/1660/2001 2278/1659/2001
f 2275/1662/2002 2278/1659/2002 2269/1581/2002 2261/1580/2002
f 2264/1545/2003 2154/1541/2003 2266/1656/2003 2279/1655/2003
f 2260/1546/2004 2264/1545/2004 2279/1655/2004 2274/1664/2004
f 2292/703/2005 2280/707/2005 2285/705/2005 2294/704/2005
f 2305/1501/2006 2286/727/2006 2282/1666/2006
f 2304/1667/2007 2305/1501/2007 2282/1666/2007 2576/1668/2007 2585/1669/2007
f 2302/1670/2008 2283/512/2008 2287/1671/2008 2303/778/2008
f 2293/608/2009 2289/583/2009 2291/749/2009 2295/1500/2009
f 2296/755/2010 2288/757/2010 2290/756/2010 2298/755/2010
f 2313/511/2011 2293/608/2011 2295/1500/2011 2314/758/2011
f 2288/757/2012 2292/703/2012 2294/704/2012 2290/756/2012
f 2281/702/2013 2296/755/2013 2298/755/2013 2284/728/2013
f 2289/583/2014 2297/581/2014 2299/772/2014 2291/749/2014
f 2297/581/2015 2300/1672/2015 2301/774/2015 2299/772/2015
f 2280/707/2016 2302/1670/2016 2303/778/2016 2285/705/2016
f 2282/1666/2017 2286/727/2017 2301/774/2017 2300/1672/2017
f 2058/702/2018 2059/671/2018 2306/250/2018 2281/702/2018 2284/728/2018 2305/1501/2018 2304/1506/2018
f 2283/512/2019 2302/1670/2019 2312/475/2019 2308/507/2019
f 2281/702/2020 2306/250/2020 2311/593/2020 2296/755/2020
f 2288/757/2021 2309/594/2021 2310/482/2021 2292/703/2021
f 2296/755/2022 2311/593/2022 2309/594/2022 2288/757/2022
f 2292/703/2023 2310/482/2023 2307/485/2023 2280/707/2023
f 2302/1670/2024 2280/707/2024 2307/476/2024 2312/475/2024
f 2283/512/2025 2313/511/2025 2314/758/2025 2287/1671/2025
f 2341/1504/2026 2340/774/2026 2331/774/2026 2327/772/2026
f 2295/1500/2027 2291/749/2027 2316/749/2027 2317/1500/2027
f 2314/758/2028 2295/1500/2028 2317/1500/2028 2315/758/2028
f 2287/1671/2029 2314/758/2029 2315/758/2029
f 2316/749/2030 2291/749/2030 2299/772/2030
f 2387/1500/2031 2386/749/2031 2110/749/2031 2108/1500/2031
f 2343/778/2032 2342/1502/2032 2323/1502/2032 2322/778/2032
f 2340/774/2033 2344/1673/2033 2321/727/2033 2331/774/2033
f 2342/1502/2034 2345/758/2034 2324/758/2034 2323/1502/2034
f 2346/705/2035 2343/778/2035 2322/778/2035 2319/705/2035
f 2348/1674/2036 2347/756/2036 2326/756/2036 2325/755/2036
f 2350/1501/2037 2349/728/2037 2330/728/2037 2320/1501/2037
f 2351/1675/2038 2341/1504/2038 2327/772/2038 2328/749/2038
f 2345/758/2039 2324/758/2039 2329/1500/2039 2352/1676/2039
f 2347/756/2040 2353/1677/2040 2318/704/2040 2326/756/2040
f 2352/1676/2041 2329/1500/2041 2328/749/2041 2351/1675/2041
f 2353/1677/2042 2346/705/2042 2319/705/2042 2318/704/2042
f 2349/728/2043 2348/1674/2043 2325/755/2043 2330/728/2043
f 2344/1673/2044 2350/1501/2044 2320/1501/2044 2321/727/2044
f 2389/1677/2045 2388/1678/2045 2095/705/2045 2088/1525/2045
f 2391/728/2046 2390/1679/2046 2089/1528/2046 2091/728/2046
f 2393/727/2047 2392/1680/2047 2097/1501/2047 2101/727/2047
f 2504/8/2048 2110/8/2048 2386/8/2048 2395/8/2048
f 2397/778/2049 2396/1502/2049 2100/1502/2049 2094/1524/2049
f 2394/1505/2050 2393/727/2050 2101/727/2050 2105/1505/2050
f 2396/1502/2051 2398/758/2051 2104/1503/2051 2100/1502/2051
f 2388/1678/2052 2397/778/2052 2094/1524/2052 2095/705/2052
f 2390/1679/2053 2399/756/2053 2085/756/2053 2089/1528/2053
f 2392/1680/2054 2391/728/2054 2091/728/2054 2097/1501/2054
f 2398/758/2055 2387/1500/2055 2108/1500/2055 2104/1503/2055
f 2399/756/2056 2389/1677/2056 2088/1525/2056 2085/756/2056
f 2505/727/2044 2506/1501/2044 2350/1501/2044 2344/1673/2044
f 2507/1681/2043 2508/1682/2043 2348/1674/2043 2349/728/2043
f 2509/704/2057 2510/705/2057 2346/705/2057 2353/1677/2057
f 2317/1500/2058 2352/1676/2058 2351/1675/2058 2316/749/2058
f 2511/756/2059 2509/704/2059 2353/1677/2059 2347/756/2059
f 2315/758/2060 2345/758/2060 2352/1676/2060 2317/1500/2060
f 2316/749/2061 2299/772/2061 2512/772/2061 2341/1504/2061 2351/1675/2061
f 2506/1501/2037 2507/1681/2037 2349/728/2037 2350/1501/2037
f 2508/1682/2036 2511/756/2036 2347/756/2036 2348/1674/2036
f 2510/705/2035 2513/1683/2035 2343/778/2035 2346/705/2035
f 2287/1671/2062 2315/758/2062 2345/758/2062 2342/1502/2062 2514/1684/2062
f 2515/774/2033 2505/727/2033 2344/1673/2033 2340/774/2033
f 2513/1683/2063 2514/1684/2063 2342/1502/2063 2343/778/2063
f 2512/772/2026 2515/774/2026 2340/774/2026 2341/1504/2026
f 2374/1500/2064 2370/758/2064 2357/758/2064 2359/1500/2064
f 2375/749/2065 2374/1500/2065 2359/1500/2065 2358/749/2065
f 2376/749/2066 2371/1685/2066 2361/1675/2066 2355/749/2066
f 2371/1685/2067 2375/749/2067 2358/749/2067 2361/1675/2067
f 2377/1686/2068 2356/1500/2068 2354/758/2068 2372/1687/2068
f 2370/758/2069 2373/1503/2069 2360/758/2069 2357/758/2069
f 2373/1503/2070 2372/1687/2070 2354/758/2070 2360/758/2070
f 2376/749/2071 2355/749/2071 2356/1500/2071 2377/1686/2071
f 2279/1500/2072 2272/749/2072 2365/749/2072 2367/1500/2072
f 2254/749/2073 2258/1500/2073 2317/1500/2073 2316/749/2073
f 2274/1688/2074 2368/1688/2074 2369/1503/2074 2277/1503/2074
f 2259/1503/2075 2345/758/2075 2315/758/2075 2252/1689/2075
f 2277/1503/2076 2369/1503/2076 2363/758/2076 2273/758/2076
f 2255/758/2077 2324/758/2077 2345/758/2077 2259/1503/2077
f 2274/1688/2078 2279/1500/2078 2367/1500/2078 2368/1688/2078
f 2258/1500/2079 2252/1689/2079 2315/758/2079 2317/1500/2079
f 2364/749/2080 2366/1675/2080 2278/1690/2080 2275/749/2080
f 2257/1675/2081 2351/1675/2081 2328/749/2081 2253/749/2081
f 2278/1690/2082 2366/1675/2082 2365/749/2082 2272/749/2082
f 2254/749/2083 2316/749/2083 2351/1675/2083 2257/1675/2083
f 2276/1500/2084 2362/1500/2084 2364/749/2084 2275/749/2084
f 2253/749/2085 2328/749/2085 2329/1500/2085 2256/1500/2085
f 2273/758/2086 2363/758/2086 2362/1500/2086 2276/1500/2086
f 2256/1500/2087 2329/1500/2087 2324/758/2087 2255/758/2087
f 2380/749/2088 2376/749/2088 2377/1686/2088 2381/1691/2088
f 2385/1503/2089 2384/1689/2089 2372/1687/2089 2373/1503/2089
f 2382/758/2090 2385/1503/2090 2373/1503/2090 2370/758/2090
f 2381/1691/2091 2377/1686/2091 2372/1687/2091 2384/1689/2091
f 2383/1692/2092 2379/749/2092 2375/749/2092 2371/1685/2092
f 2380/749/2093 2383/1692/2093 2371/1685/2093 2376/749/2093
f 2379/749/2094 2378/1500/2094 2374/1500/2094 2375/749/2094
f 2378/1500/2095 2382/758/2095 2370/758/2095 2374/1500/2095
f 2160/758/2096 2382/758/2096 2378/1500/2096 2414/1500/2096
f 2415/1500/2096 2362/1500/2096 2363/758/2096 2172/758/2096
f 2414/1500/2097 2378/1500/2097 2379/749/2097 2134/749/2097
f 2416/749/2097 2364/749/2097 2362/1500/2097 2415/1500/2097
f 2379/749/2098 2383/1692/2098 2417/1692/2098 2134/749/2098
f 2366/1675/2098 2364/749/2098 2416/749/2098 2418/1692/2098
f 2172/758/2099 2363/758/2099 2369/1503/2099 2421/1503/2099
f 2420/1503/2100 2385/1503/2100 2382/758/2100 2160/758/2100
f 2421/1503/2101 2369/1503/2101 2368/1688/2101 2120/1689/2101
f 2419/749/2102 2119/1691/2102 2367/1500/2102 2365/749/2102
f 2401/1693/2103 2326/756/2103 2318/704/2103 2409/1677/2103
f 2422/1677/2104 2389/1677/2104 2399/756/2104 2151/757/2104
f 2192/756/2105 2229/756/2105 2222/704/2105 2191/704/2105
f 2412/1689/2106 2402/1500/2106 2195/1500/2106 2198/758/2106
f 2406/772/2107 2197/772/2107 2189/749/2107 2403/1694/2107
f 2400/1501/2108 2408/1695/2108 2206/728/2108 2188/1501/2108
f 2425/728/2109 2391/728/2109 2392/1680/2109 2155/1680/2109
f 2184/1680/2109 2224/1501/2109 2237/728/2109 2424/728/2109
f 2411/1679/2110 2325/755/2110 2326/756/2110 2401/1693/2110
f 2151/757/2111 2399/756/2111 2390/1679/2111 2148/1696/2111
f 2229/756/2112 2192/756/2112 2181/1679/2112 2225/755/2112
f 2405/705/2113 2410/1697/2113 2204/1697/2113 2196/705/2113
f 2426/1678/2114 2226/705/2114 2234/778/2114 2430/778/2114
f 2413/1698/2115 2412/1689/2115 2198/758/2115 2187/1502/2115
f 2404/1699/2116 2407/727/2116 2202/727/2116 2194/1699/2116
f 2410/1697/2117 2413/1698/2117 2187/1502/2117 2204/1697/2117
f 2406/772/2118 2404/1699/2118 2194/1699/2118 2197/772/2118
f 2407/727/2119 2400/1501/2119 2188/1501/2119 2202/727/2119
f 2408/1695/2120 2330/728/2120 2325/755/2120 2411/1679/2120
f 2148/1696/2121 2390/1679/2121 2391/728/2121 2425/728/2121
f 2424/728/2121 2237/728/2121 2225/755/2121 2181/1679/2121
f 2409/1677/2122 2318/704/2122 2319/705/2122 2405/705/2122
f 2115/1678/2123 2388/1678/2123 2389/1677/2123 2422/1677/2123
f 2191/704/2123 2222/704/2123 2226/705/2123 2426/1678/2123
f 2402/1500/2124 2403/1694/2124 2189/749/2124 2195/1500/2124
f 2204/1700/1951 2196/1701/1951 2201/1702/1951 2190/1703/1951 2193/1704/1951 2206/1705/1951 2188/1706/1951 2202/1707/1951 2194/1708/1951 2197/1709/1951 2189/1710/1951 2195/1711/1951 2198/1712/1951 2187/1713/1951
f 2254/1714/1951 2258/1715/1951 2252/1716/1951 2259/1717/1951 2255/1718/1951 2256/1719/1951 2253/1720/1951 2257/1721/1951
f 2279/1722/2125 2272/1723/2125 2278/1724/2125 2275/1725/2125 2276/1726/2125 2273/1727/2125 2277/1728/2125 2274/1729/2125
f 2228/1730/2126 2230/1731/2126 2221/1732/2126 2227/1733/2126 2231/1734/2126 2224/1735/2126 2237/1736/2126 2225/1737/2126 2229/1738/2126 2222/1739/2126 2226/1740/2126 2234/1741/2126 2223/1742/2126 2236/1743/2126
f 2130/1558/1947 2129/1572/1947 2262/1657/1947 2266/1656/1947
f 2270/1660/1947 2262/1657/1947 2129/1572/1947 2128/1575/1947 2127/1578/1947
f 2329/1500/2127 2328/749/2127 2403/1694/2127 2402/1500/2127
f 2201/704/2128 2409/1677/2128 2405/705/2128 2196/705/2128
f 2206/728/2129 2408/1695/2129 2411/1679/2129 2193/755/2129
f 2321/727/2130 2320/1501/2130 2400/1501/2130 2407/727/2130
f 2327/772/2118 2331/774/2118 2404/1699/2118 2406/772/2118
f 2322/778/2131 2323/1502/2131 2413/1698/2131 2410/1697/2131
f 2331/774/2116 2321/727/2116 2407/727/2116 2404/1699/2116
f 2323/1502/2132 2324/758/2132 2412/1689/2132 2413/1698/2132
f 2319/705/2133 2322/778/2133 2410/1697/2133 2405/705/2133
f 2193/755/2110 2411/1679/2110 2401/1693/2110 2190/756/2110
f 2320/1501/2134 2330/728/2134 2408/1695/2134 2400/1501/2134
f 2328/749/2135 2327/772/2135 2406/772/2135 2403/1694/2135
f 2324/758/2136 2329/1500/2136 2402/1500/2136 2412/1689/2136
f 2190/756/2137 2401/1693/2137 2409/1677/2137 2201/704/2137
f 2224/8/2138 2184/8/2138 2428/8/2138 2231/8/2138
f 2428/727/2139 2123/1699/2139 2227/774/2139 2231/727/2139
f 2223/8/2140 2429/8/2140 2430/8/2140 2234/8/2140
f 2429/8/2141 2223/8/2141 2236/8/2141 2431/8/2141
f 2228/8/2142 2121/8/2142 2431/8/2142 2236/8/2142
f 2121/8/2143 2228/8/2143 2230/8/2143 2423/8/2143
f 2221/8/2144 2122/8/2144 2423/8/2144 2230/8/2144
f 2122/8/2145 2221/8/2145 2227/8/2145 2123/8/2145
f 2394/1505/2139 2113/1699/2139 2427/727/2139 2393/727/2139
f 2394/1505/2145 2395/1504/2145 2112/8/2145 2113/1699/2145
f 2397/778/2114 2388/1678/2114 2115/1678/2114 2114/778/2114
f 2397/778/2140 2114/778/2140 2434/8/2140 2396/1502/2140
f 2398/758/2146 2396/1502/2146 2434/8/2146 2435/8/2146
f 2398/758/2147 2435/8/2147 2432/8/2147 2387/1500/2147
f 2386/749/2148 2387/1500/2148 2432/8/2148 2433/8/2148
f 2386/749/2149 2433/8/2149 2112/8/2149 2395/1504/2149
f 2384/1689/2150 2117/8/2150 2116/8/2150 2381/1691/2150
f 2384/1689/2101 2385/1503/2101 2420/1744/2101 2117/8/2101
f 2381/1691/2102 2116/8/2102 2118/8/2102 2380/749/2102
f 2380/749/2151 2118/8/2151 2417/1692/2151 2383/1692/2151
f 2365/749/2151 2366/1675/2151 2418/1692/2151 2419/749/2151
f 2466/1745/2152 2438/1746/2152 2437/1747/2152 2468/1748/2152
f 2465/1749/2153 2460/1750/2153 2477/1751/2153 2489/1752/2153
f 2463/1753/2154 2439/1754/2154 2438/1746/2154 2466/1745/2154
f 2464/1755/2155 2440/1756/2155 2439/1754/2155 2463/1753/2155
f 2468/1748/2156 2437/1747/2156 2484/1757/2156 2478/1758/2156 2487/1759/2156
f 2461/1760/2157 2485/1761/2157 2112/8/2157 2433/1762/2157
f 2465/1749/2158 2462/1763/2158 2459/1764/2158 2460/1750/2158
f 2469/1765/2159 2436/1766/2159 2457/1767/2159 2471/1768/2159
f 2470/1769/2160 2442/1770/2160 2443/1771/2160 2472/1772/2160
f 2471/1768/2161 2457/1767/2161 2458/1773/2161 2473/1773/2161
f 2472/1772/2162 2443/1771/2162 2486/1774/2162 2480/1775/2162
f 2473/1773/2163 2458/1773/2163 2459/1764/2163 2462/1763/2163
f 2474/1776/2164 2441/1777/2164 2440/1756/2164 2464/1755/2164
f 2448/1778/2165 2474/1776/2165 2464/1755/2165 2449/1779/2165
f 2444/1780/2166 2473/1773/2166 2462/1763/2166 2454/1763/2166
f 2446/1772/2167 2472/1772/2167 2480/1775/2167 2483/1781/2167
f 2453/1782/2168 2471/1768/2168 2473/1773/2168 2444/1780/2168
f 2447/1769/2169 2470/1769/2169 2472/1772/2169 2446/1772/2169
f 2445/1766/2170 2469/1765/2170 2471/1768/2170 2453/1782/2170
f 2452/1748/2171 2468/1748/2171 2487/1759/2171 2479/1783/2171
f 2449/1779/2172 2464/1755/2172 2463/1753/2172 2450/1784/2172
f 2450/1784/2173 2463/1753/2173 2466/1745/2173 2451/1745/2173
f 2467/1785/2174 2461/1760/2174 2476/1786/2174 2488/1787/2174
f 2451/1745/2175 2466/1745/2175 2468/1748/2175 2452/1748/2175
f 2184/1788/2176 2454/1763/2176 2455/1749/2176 2428/1789/2176
f 2467/1785/2177 2456/1790/2177 2475/1791/2177 2490/1792/2177
f 2122/1793/2176 2123/1794/2176 2481/1795/2176 2475/1791/2176
f 2123/1794/2176 2428/1789/2176 2455/1749/2176 2481/1795/2176
f 2454/1763/2176 2184/1788/2176 2424/1796/2176 2444/1780/2176
f 2416/8/2176 2415/1500/2176 2431/8/2176 2121/8/2176
f 2430/778/2176 2451/1745/2176 2452/1748/2176 2426/1678/2176
f 2115/1797/2157 2422/1798/2157 2484/1757/2157 2437/1747/2157
f 2172/758/2176 2421/1503/2176 2450/1784/2176 2451/1745/2176
f 2419/749/2176 2418/1692/2176 2446/1772/2176 2483/1781/2176
f 2416/8/2176 2447/1769/2176 2446/1772/2176 2418/1692/2176
f 2447/1769/2176 2416/8/2176 2121/8/2176 2482/1799/2176
f 2121/8/2176 2423/1800/2176 2456/1790/2176 2482/1799/2176
f 2422/1798/2157 2151/1801/2157 2436/1766/2157 2478/1758/2157 2484/1757/2157
f 2368/1688/2150 2367/1500/2150 2119/1691/2150 2120/1689/2150
f 2455/1749/2178 2454/1763/2178 2462/1763/2178 2465/1749/2178
f 2393/727/2138 2427/727/2138 2155/1680/2138 2392/1680/2138
f 2122/1793/2176 2475/1791/2176 2456/1790/2176 2423/1800/2176
f 2424/1796/2176 2181/1802/2176 2453/1782/2176 2444/1780/2176
f 2151/1801/2157 2148/1803/2157 2457/1767/2157 2436/1766/2157
f 2148/1803/2157 2425/1804/2157 2458/1773/2157 2457/1767/2157
f 2425/1804/2157 2155/1805/2157 2459/1764/2157 2458/1773/2157
f 2427/727/2157 2460/1750/2157 2459/1764/2157 2155/1805/2157
f 2112/8/2157 2485/1761/2157 2477/1751/2157 2113/1699/2157
f 2113/1699/2157 2477/1751/2157 2460/1750/2157 2427/727/2157
f 2433/1762/2157 2432/8/2157 2476/1786/2157 2461/1760/2157
f 2476/1786/2157 2432/8/2157 2134/8/2157 2442/1770/2157
f 2417/1692/2157 2443/1771/2157 2442/1770/2157 2134/8/2157
f 2116/8/2157 2117/8/2157 2440/1756/2157 2441/1777/2157
f 2118/8/2157 2116/8/2157 2441/1777/2157 2486/1774/2157
f 2417/1692/2157 2118/8/2157 2486/1774/2157 2443/1771/2157
f 2117/8/2157 2420/1744/2157 2439/1754/2157 2440/1756/2157
f 2420/1744/2157 2160/758/2157 2438/1746/2157 2439/1754/2157
f 2134/8/2157 2432/8/2157 2435/8/2157 2414/1500/2157
f 2435/8/2157 2434/8/2157 2160/758/2157 2414/1500/2157
f 2114/778/2157 2115/1797/2157 2437/1747/2157 2438/1746/2157
f 2114/778/2157 2438/1746/2157 2160/758/2157 2434/8/2157
f 2119/1691/2176 2419/749/2176 2483/1781/2176 2448/1778/2176
f 2120/1689/2176 2119/1691/2176 2448/1778/2176 2449/1779/2176
f 2421/1503/2176 2120/1689/2176 2449/1779/2176 2450/1784/2176
f 2430/1806/2176 2429/8/2176 2172/758/2176 2451/1745/2176
f 2431/8/2176 2415/1500/2176 2172/758/2176 2429/8/2176
f 2426/1678/2176 2452/1748/2176 2479/1783/2176 2191/704/2176
f 2191/704/2176 2479/1783/2176 2445/1766/2176 2192/756/2176
f 2181/1802/2176 2192/756/2176 2445/1766/2176 2453/1782/2176
f 2487/1759/2179 2469/1765/2179 2445/1766/2179 2479/1783/2179
f 2478/1758/2156 2436/1766/2156 2469/1765/2156 2487/1759/2156
f 2486/1774/2162 2441/1777/2162 2474/1776/2162 2480/1775/2162
f 2480/1775/2167 2474/1776/2167 2448/1778/2167 2483/1781/2167
f 2476/1786/2180 2442/1770/2180 2470/1769/2180 2488/1787/2180
f 2482/1799/2181 2456/1790/2181 2467/1785/2181 2488/1787/2181
f 2488/1787/2182 2470/1769/2182 2447/1769/2182 2482/1799/2182
f 2475/1791/2177 2481/1795/2177 2489/1752/2177 2490/1792/2177
f 2481/1795/2177 2455/1749/2177 2465/1749/2177 2489/1752/2177
f 2477/1751/2153 2485/1761/2153 2490/1792/2153 2489/1752/2153
f 2485/1761/2153 2461/1760/2153 2467/1785/2153 2490/1792/2153
f 2242/1647/1951 2246/1646/1951 2135/1584/1951 2133/1540/1951
f 2250/1609/1951 2242/1647/1951 2133/1540/1951 2491/1592/1951
f 2249/1602/1951 2241/1651/1951 2175/1622/1951 2207/1603/1951
f 2241/1651/1951 2245/1610/1951 2180/1621/1951 2175/1622/1951
f 2245/1610/1951 2145/1548/1951 2144/1582/1951 2180/1621/1951
f 2086/756/2183 2087/1525/2183 2332/704/2183 2337/756/2183
f 2106/1505/2184 2102/727/2184 2335/727/2184 2339/774/2184
f 2090/1528/2185 2086/756/2185 2337/756/2185 2336/755/2185
f 2102/727/2186 2098/1501/2186 2334/1501/2186 2335/727/2186
f 2098/1501/2187 2092/728/2187 2338/728/2187 2334/1501/2187
f 2087/1525/2188 2096/705/2188 2333/705/2188 2332/704/2188
f 2092/728/2189 2090/1528/2189 2336/755/2189 2338/728/2189
f 2092/1807/1921 2098/1808/1921 2102/1809/1921 2106/1810/1921 2111/1811/1921 2109/1812/1921 2107/1813/1921 2103/1814/1921 2099/1815/1921 2093/1816/1921 2096/1817/1921 2087/1818/1921 2086/1819/1921 2090/1820/1921
f 2394/8/2190 2105/8/2190 2504/8/2190 2395/8/2190
f 2068/1518/2191 2492/1521/2191 2107/1821/2191 2103/1822/2191
f 2073/1517/1921 2069/1510/1921 2095/1527/1921 2094/1823/1921
f 2492/1521/2191 2061/1520/2191 2109/1824/2191 2107/1821/2191
f 2492/1521/1919 2068/1518/1919 2083/1518/1919 2493/1521/1919
f 2086/1825/2191 2090/1826/2191 2063/1513/2191 2064/1512/2191
f 2493/1521/1922 2083/1518/1922 2072/1518/1922 2494/1521/1922
f 2497/1519/1921 2073/1517/1921 2094/1823/1921 2100/1827/1921
f 2072/1518/1921 2497/1519/1921 2100/1827/1921 2104/1828/1921
f 2494/1521/1921 2072/8/1921 2104/1828/1921 2108/1829/1921
f 2496/1519/1918 2084/1517/1918 2073/1517/1918 2497/1519/1918
f 2495/1519/1920 2067/1517/1920 2084/1517/1920 2496/1519/1920
f 2066/1510/2191 2067/1517/2191 2093/1830/2191 2096/1831/2191
f 2067/1517/2191 2495/1519/2191 2099/1832/2191 2093/1830/2191
f 2495/1519/2191 2068/1518/2191 2103/1822/2191 2099/1832/2191
f 2074/1511/1921 2075/1512/1921 2085/1523/1921 2088/1526/1921
f 2071/1514/1921 2500/1516/1921 2097/1833/1921 2091/1529/1921
f 2064/1512/2191 2065/1511/2191 2087/1834/2191 2086/1825/2191
f 2065/1511/2191 2066/1510/2191 2096/1831/2191 2087/1834/2191
f 2500/1516/1921 2501/1835/1921 2101/1836/1921 2097/1833/1921
f 2501/1835/1921 2076/1520/1921 2105/1837/1921 2101/1836/1921
f 2076/8/1921 2494/8/1921 2108/8/1921 2110/8/1921
f 2504/1530/1921 2105/1837/1921 2076/1520/1921 2110/1504/1921
f 2503/1516/1926 2502/1835/1926 2501/1835/1926 2500/1516/1926
f 2502/1835/1926 2082/1520/1926 2076/1520/1926 2501/1835/1926
f 2090/1826/2191 2092/1838/2191 2062/1514/2191 2063/1513/2191
f 2092/1838/2191 2098/1839/2191 2498/1515/2191 2062/1514/2191
f 2098/1839/2191 2102/1840/2191 2499/1841/2191 2498/1515/2191
f 2102/1840/2191 2106/1842/2191 2061/1520/2191 2499/1841/2191
f 2106/1842/2191 2111/1843/2191 2109/1824/2191 2061/1520/2191
f 2498/1515/1914 2499/1841/1914 2502/1835/1914 2503/1516/1914
f 2499/1841/1914 2061/1520/1914 2082/1520/1914 2502/1835/1914
f 2515/774/2192 2512/772/2192 2552/772/2192 2553/774/2192
f 2514/1684/2193 2513/1683/2193 2548/1683/2193 2549/1684/2193
f 2506/1501/2194 2505/727/2194 2543/727/2194 2544/1501/2194
f 2513/1683/2195 2510/705/2195 2518/705/2195 2519/1683/2195
f 2508/1682/2196 2298/755/2196 2529/755/2196 2530/1682/2196
f 2506/1501/2197 2305/1501/2197 2537/1501/2197 2538/1501/2197
f 2511/756/2198 2290/756/2198 2524/756/2198 2527/756/2198
f 2298/755/2199 2508/1682/2199 2535/1682/2199 2533/755/2199
f 2505/727/2200 2515/774/2200 2545/774/2200 2543/727/2200
f 2516/705/2201 2517/778/2201 2519/1683/2201 2518/705/2201
f 2285/705/2202 2303/778/2202 2517/778/2202 2516/705/2202
f 2303/778/2203 2513/1683/2203 2519/1683/2203 2517/778/2203
f 2510/705/2204 2285/705/2204 2516/705/2204 2518/705/2204
f 2521/704/2205 2520/705/2205 2523/705/2205 2522/704/2205
f 2294/704/2206 2285/705/2206 2520/705/2206 2521/704/2206
f 2510/705/2207 2509/704/2207 2522/704/2207 2523/705/2207
f 2285/705/2208 2510/705/2208 2523/705/2208 2520/705/2208
f 2524/756/2209 2525/704/2209 2526/704/2209 2527/756/2209
f 2509/704/2210 2511/756/2210 2527/756/2210 2526/704/2210
f 2294/704/2211 2509/704/2211 2526/704/2211 2525/704/2211
f 2290/756/2212 2294/704/2212 2525/704/2212 2524/756/2212
f 2529/755/2213 2528/756/2213 2531/756/2213 2530/1682/2213
f 2290/756/2214 2511/756/2214 2531/756/2214 2528/756/2214
f 2511/756/2215 2508/1682/2215 2530/1682/2215 2531/756/2215
f 2298/755/2216 2290/756/2216 2528/756/2216 2529/755/2216
f 2532/728/2217 2533/755/2217 2535/1682/2217 2534/1681/2217
f 2284/728/2218 2298/755/2218 2533/755/2218 2532/728/2218
f 2508/1682/2219 2507/1681/2219 2534/1681/2219 2535/1682/2219
f 2507/1681/2220 2284/728/2220 2532/728/2220 2534/1681/2220
f 2537/1501/2221 2536/728/2221 2539/1681/2221 2538/1501/2221
f 2284/728/2222 2507/1681/2222 2539/1681/2222 2536/728/2222
f 2305/1501/2223 2284/728/2223 2536/728/2223 2537/1501/2223
f 2507/1681/2224 2506/1501/2224 2538/1501/2224 2539/1681/2224
f 2542/774/2225 2540/727/2225 2543/727/2225 2545/774/2225
f 2540/727/2226 2541/1501/2226 2544/1501/2226 2543/727/2226
f 2286/727/2227 2305/1501/2227 2541/1501/2227 2540/727/2227
f 2301/774/2228 2286/727/2228 2540/727/2228 2542/774/2228
f 2305/1501/2229 2506/1501/2229 2544/1501/2229 2541/1501/2229
f 2515/774/2230 2301/774/2230 2542/774/2230 2545/774/2230
f 2547/778/2231 2546/1671/2231 2549/1684/2231 2548/1683/2231
f 2513/1683/2232 2303/778/2232 2547/778/2232 2548/1683/2232
f 2303/778/2233 2287/1671/2233 2546/1671/2233 2547/778/2233
f 2287/1671/2234 2514/1684/2234 2549/1684/2234 2546/1671/2234
f 2550/772/2235 2551/774/2235 2553/774/2235 2552/772/2235
f 2512/772/2236 2299/772/2236 2550/772/2236 2552/772/2236
f 2299/772/2237 2301/774/2237 2551/774/2237 2550/772/2237
f 2301/774/2238 2515/774/2238 2553/774/2238 2551/774/2238
f 448/648/2239 535/671/2239 552/593/2239 2561/1844/2239 525/621/2239
f 2598/1845/2240 2587/1846/2240 2555/1847/2240 2588/1848/2240
f 2309/594/2241 2311/593/2241 2306/250/2241 2310/482/2241
f 2059/671/2242 2060/648/2242 2577/1849/2242 2554/1850/2242 2307/485/2242 2310/482/2242 2306/250/2242
f 2312/475/2243 2555/1847/2243 2586/1851/2243 2579/1852/2243 2283/512/2243 2308/507/2243
f 2283/512/2244 2580/1853/2244 2282/1666/2244 2289/583/2244 2293/608/2244 2313/511/2244
f 2289/583/2245 2282/1666/2245 2300/1672/2245 2297/581/2245
f 2307/485/2246 2554/1850/2246 2578/1854/2246 2588/1848/2246 2555/1847/2246 2312/475/2246
f 2597/1855/2247 2586/1851/2247 2555/1847/2247 2587/1856/2247
f 2575/1857/2248 2566/595/2248 550/594/2248 2565/1858/2248
f 481/583/2249 2559/1859/2249 551/482/2249 537/485/2249 493/608/2249
f 493/608/2250 537/485/2250 553/475/2250 557/511/2250
f 557/511/2251 553/475/2251 542/507/2251 449/512/2251
f 2713/1860/2252 2715/1861/2252 2582/1861/2252 2597/1862/2252
f 2574/1863/2253 2568/623/2253 2558/622/2253 2562/1864/2253 2570/1865/2253
f 2575/1857/2254 2570/1865/2254 2562/1864/2254 2556/596/2254 2566/595/2254
f 2564/582/2255 2573/1862/2255 2571/638/2255 2563/640/2255
f 2563/640/2256 2557/614/2256 551/482/2256 2559/1859/2256
f 2718/1866/2257 2713/1860/2257 2597/1862/2257 2587/638/2257
f 2565/1858/2258 550/594/2258 2567/615/2258 2572/639/2258
f 513/581/2259 2569/1861/2259 2573/1862/2259 2564/582/2259
f 2717/1867/2260 2711/1868/2260 2590/1865/2260 2596/1863/2260
f 2568/623/2261 2574/1863/2261 2569/1861/2261 513/581/2261
f 2562/1864/2262 2558/622/2262 525/621/2262 2561/1844/2262
f 2716/1869/2263 2714/1870/2263 2598/639/2263 2560/1858/2263
f 2556/596/2264 2562/1864/2264 2561/1844/2264 552/593/2264
f 2563/640/2265 2559/1859/2265 481/583/2265 2564/582/2265
f 2715/1861/2266 2717/1867/2266 2596/1863/2266 2582/1861/2266
f 2282/1666/2267 2580/1853/2267 2583/1871/2267 2591/1872/2267 2576/1873/2267
f 2580/1853/2268 2283/512/2268 2579/1852/2268 2592/1874/2268 2583/1871/2268
f 2577/1849/2269 2584/1875/2269 2593/1876/2269 2578/1854/2269 2554/1850/2269
f 2060/648/2270 2581/1508/2270 2594/1877/2270 2584/1875/2270 2577/1849/2270
f 2712/1878/2271 2716/1869/2271 2560/1858/2271 2595/1857/2271
f 2594/1877/2272 2595/1879/2272 2560/1880/2272 2584/1875/2272
f 2581/1508/2273 2589/1507/2273 2595/1879/2273 2594/1877/2273
f 2589/1507/2274 2304/1506/2274 2590/1881/2274 2595/1879/2274
f 2585/1882/2275 2596/1883/2275 2590/1884/2275 2304/701/2275
f 2576/1873/2276 2591/1872/2276 2596/1883/2276 2585/1882/2276
f 2591/1872/2277 2583/1871/2277 2582/1885/2277 2596/1883/2277
f 2714/1870/2278 2718/1866/2278 2587/638/2278 2598/639/2278
f 2583/1871/2279 2592/1874/2279 2597/1855/2279 2582/1885/2279
f 2592/1874/2280 2579/1852/2280 2586/1851/2280 2597/1855/2280
f 2593/1876/2281 2598/1845/2281 2588/1848/2281 2578/1854/2281
f 2584/1875/2282 2560/1880/2282 2598/1845/2282 2593/1876/2282
f 2711/1868/2283 2712/1878/2283 2595/1857/2283 2590/1865/2283
f 2587/638/2284 2598/639/2284 2597/1862/2284
f 2681/1886/2285 2680/1887/2285 2599/1888/2285 2600/1865/2285
f 2682/1889/2286 2686/1890/2286 2606/1891/2286 2604/639/2286
f 2680/1887/2287 2685/1858/2287 2603/1892/2287 2599/1888/2287
f 2683/1893/2288 2684/1894/2288 2602/1867/2288 2605/1895/2288
f 2685/1858/2289 2682/1889/2289 2604/639/2289 2603/1892/2289
f 2684/1894/2290 2681/1886/2290 2600/1865/2290 2602/1867/2290
f 2686/1890/2291 2679/1896/2291 2601/1897/2291 2606/1891/2291
f 2679/1896/2292 2683/1893/2292 2605/1895/2292 2601/1897/2292
f 2663/1898/2293 2667/1895/2293 2614/1899/2293 2609/1898/2293
f 2670/1891/2294 2663/1898/2294 2609/1898/2294 2612/1900/2294
f 2668/1867/2295 2665/1901/2295 2611/1886/2295 2607/1867/2295
f 2669/1902/2296 2666/1903/2296 2613/639/2296 2608/1902/2296
f 2667/1895/2297 2668/1867/2297 2607/1867/2297 2614/1899/2297
f 2664/1887/2298 2669/1902/2298 2608/1902/2298 2610/1887/2298
f 2666/1903/2299 2670/1891/2299 2612/1900/2299 2613/639/2299
f 2665/1901/2300 2664/1887/2300 2610/1887/2300 2611/1886/2300
f 2695/1886/2301 2696/1887/2301 2618/1887/2301 2617/1865/2301
f 2698/1903/2302 2702/1900/2302 2622/1900/2302 2620/639/2302
f 2696/1887/2303 2700/1904/2303 2615/1904/2303 2618/1887/2303
f 2699/1895/2304 2701/1905/2304 2616/1906/2304 2621/1895/2304
f 2700/1904/2305 2698/1903/2305 2620/639/2305 2615/1904/2305
f 2701/1905/2306 2695/1886/2306 2617/1865/2306 2616/1906/2306
f 2702/1900/2307 2697/1907/2307 2619/1862/2307 2622/1900/2307
f 2697/1907/2308 2699/1895/2308 2621/1895/2308 2619/1862/2308
f 2674/1908/2309 2678/1909/2309 2627/1910/2309 2623/1911/2309
f 2673/1912/2310 2674/1908/2310 2623/1911/2310 2630/1913/2310
f 2671/1914/2311 2676/1886/2311 2625/1915/2311 2628/1916/2311
f 2672/1902/2312 2677/1889/2312 2626/1917/2312 2629/1902/2312
f 2678/1909/2313 2671/1914/2313 2628/1916/2313 2627/1910/2313
f 2675/1887/2314 2672/1902/2314 2629/1902/2314 2624/1918/2314
f 2677/1889/2315 2673/1912/2315 2630/1913/2315 2626/1917/2315
f 2676/1886/2316 2675/1887/2316 2624/1918/2316 2625/1915/2316
f 2692/1862/2317 2694/1899/2317 2638/1895/2317 2636/1898/2317
f 2689/1919/2318 2692/1862/2318 2636/1898/2318 2633/1891/2318
f 2688/1863/2319 2690/1920/2319 2634/1865/2319 2632/1921/2319
f 2687/1902/2320 2693/639/2320 2637/1903/2320 2631/1892/2320
f 2694/1899/2321 2688/1863/2321 2632/1921/2321 2638/1895/2321
f 2691/1918/2322 2687/1902/2322 2631/1892/2322 2635/1857/2322
f 2693/639/2323 2689/1919/2323 2633/1891/2323 2637/1903/2323
f 2690/1920/2324 2691/1918/2324 2635/1857/2324 2634/1865/2324
f 2660/1922/2325 2659/1923/2325 2643/1924/2325 2644/1886/2325
f 2661/1925/2326 2657/1926/2326 2641/1927/2326 2645/639/2326
f 2659/1923/2327 2656/1902/2327 2640/1858/2327 2643/1924/2327
f 2662/1928/2328 2655/1929/2328 2639/1921/2328 2646/1895/2328
f 2656/1902/2329 2661/1925/2329 2645/639/2329 2640/1858/2329
f 2655/1929/2330 2660/1922/2330 2644/1886/2330 2639/1921/2330
f 2657/1926/2331 2658/1930/2331 2642/1931/2331 2641/1927/2331
f 2658/1930/2332 2662/1928/2332 2646/1895/2332 2642/1931/2332
f 2706/1868/2333 2707/1918/2333 2648/1878/2333 2647/1932/2333
f 2709/1933/2334 2705/1919/2334 2654/1934/2334 2650/1935/2334
f 2707/1918/2335 2703/1902/2335 2652/1902/2335 2648/1878/2335
f 2710/1895/2336 2704/1936/2336 2653/1863/2336 2651/1937/2336
f 2703/1902/2337 2709/1933/2337 2650/1935/2337 2652/1902/2337
f 2704/1936/2338 2706/1868/2338 2647/1932/2338 2653/1863/2338
f 2705/1919/2339 2708/1938/2339 2649/1939/2339 2654/1934/2339
f 2708/1938/2340 2710/1895/2340 2651/1937/2340 2649/1939/2340
f 2573/1862/2341 2569/1861/2341 2662/1928/2341 2658/1930/2341
f 2571/638/2342 2573/1862/2342 2658/1930/2342 2657/1926/2342
f 2574/1863/2343 2570/1865/2343 2660/1922/2343 2655/1929/2343
f 2565/1858/2344 2572/639/2344 2661/1925/2344 2656/1902/2344
f 2569/1861/2345 2574/1863/2345 2655/1929/2345 2662/1928/2345
f 2575/1857/2346 2565/1858/2346 2656/1902/2346 2659/1923/2346
f 2572/639/2347 2571/638/2347 2657/1926/2347 2661/1925/2347
f 2570/1865/2348 2575/1857/2348 2659/1923/2348 2660/1922/2348
f 2644/1886/2349 2643/1924/2349 2664/1887/2349 2665/1901/2349
f 2645/639/2350 2641/1927/2350 2670/1891/2350 2666/1903/2350
f 2643/1924/2351 2640/1858/2351 2669/1902/2351 2664/1887/2351
f 2646/1895/2352 2639/1921/2352 2668/1867/2352 2667/1895/2352
f 2640/1858/2353 2645/639/2353 2666/1903/2353 2669/1902/2353
f 2639/1921/2354 2644/1886/2354 2665/1901/2354 2668/1867/2354
f 2641/1927/2355 2642/1931/2355 2663/1898/2355 2670/1891/2355
f 2642/1931/2356 2646/1895/2356 2667/1895/2356 2663/1898/2356
f 2611/1886/2357 2610/1887/2357 2675/1887/2357 2676/1886/2357
f 2613/639/2358 2612/1900/2358 2673/1912/2358 2677/1889/2358
f 2610/1887/2359 2608/1902/2359 2672/1902/2359 2675/1887/2359
f 2614/1899/2360 2607/1867/2360 2671/1914/2360 2678/1909/2360
f 2608/1902/2361 2613/639/2361 2677/1889/2361 2672/1902/2361
f 2607/1867/2362 2611/1886/2362 2676/1886/2362 2671/1914/2362
f 2612/1900/2363 2609/1898/2363 2674/1908/2363 2673/1912/2363
f 2609/1898/2364 2614/1899/2364 2678/1909/2364 2674/1908/2364
f 2623/1911/2365 2627/1910/2365 2683/1893/2365 2679/1896/2365
f 2630/1913/2366 2623/1911/2366 2679/1896/2366 2686/1890/2366
f 2628/1916/2367 2625/1915/2367 2681/1886/2367 2684/1894/2367
f 2629/1902/2368 2626/1917/2368 2682/1889/2368 2685/1858/2368
f 2627/1910/2369 2628/1916/2369 2684/1894/2369 2683/1893/2369
f 2624/1918/2370 2629/1902/2370 2685/1858/2370 2680/1887/2370
f 2626/1917/2371 2630/1913/2371 2686/1890/2371 2682/1889/2371
f 2625/1915/2372 2624/1918/2372 2680/1887/2372 2681/1886/2372
f 2600/1865/2373 2599/1888/2373 2691/1918/2373 2690/1920/2373
f 2604/639/2374 2606/1891/2374 2689/1919/2374 2693/639/2374
f 2599/1888/2375 2603/1892/2375 2687/1902/2375 2691/1918/2375
f 2605/1895/2376 2602/1867/2376 2688/1863/2376 2694/1899/2376
f 2603/1892/2377 2604/639/2377 2693/639/2377 2687/1902/2377
f 2602/1867/2378 2600/1865/2378 2690/1920/2378 2688/1863/2378
f 2606/1891/2379 2601/1897/2379 2692/1862/2379 2689/1919/2379
f 2601/1897/2380 2605/1895/2380 2694/1899/2380 2692/1862/2380
f 2636/1898/2381 2638/1895/2381 2699/1895/2381 2697/1907/2381
f 2633/1891/2382 2636/1898/2382 2697/1907/2382 2702/1900/2382
f 2632/1921/2383 2634/1865/2383 2695/1886/2383 2701/1905/2383
f 2631/1892/2384 2637/1903/2384 2698/1903/2384 2700/1904/2384
f 2638/1895/2385 2632/1921/2385 2701/1905/2385 2699/1895/2385
f 2635/1857/2386 2631/1892/2386 2700/1904/2386 2696/1887/2386
f 2637/1903/2387 2633/1891/2387 2702/1900/2387 2698/1903/2387
f 2634/1865/2388 2635/1857/2388 2696/1887/2388 2695/1886/2388
f 2619/1862/2389 2621/1895/2389 2710/1895/2389 2708/1938/2389
f 2622/1900/2390 2619/1862/2390 2708/1938/2390 2705/1919/2390
f 2616/1906/2391 2617/1865/2391 2706/1868/2391 2704/1936/2391
f 2615/1904/2392 2620/639/2392 2709/1933/2392 2703/1902/2392
f 2621/1895/2393 2616/1906/2393 2704/1936/2393 2710/1895/2393
f 2618/1887/2394 2615/1904/2394 2703/1902/2394 2707/1918/2394
f 2620/639/2395 2622/1900/2395 2705/1919/2395 2709/1933/2395
f 2617/1865/2396 2618/1887/2396 2707/1918/2396 2706/1868/2396
f 2647/1932/2397 2648/1878/2397 2712/1878/2397 2711/1868/2397
f 2650/1935/2398 2654/1934/2398 2718/1866/2398 2714/1870/2398
f 2648/1878/2399 2652/1902/2399 2716/1869/2399 2712/1878/2399
f 2651/1937/2400 2653/1863/2400 2717/1867/2400 2715/1861/2400
f 2652/1902/2401 2650/1935/2401 2714/1870/2401 2716/1869/2401
f 2653/1863/2402 2647/1932/2402 2711/1868/2402 2717/1867/2402
f 2654/1934/2403 2649/1939/2403 2713/1860/2403 2718/1866/2403
f 2649/1939/2404 2651/1937/2404 2715/1861/2404 2713/1860/2404
f 2727/554/2405 2731/882/2405 2769/884/2405 2774/870/2405
f 2727/554/2406 2732/860/2406 2757/860/2406 2755/554/2406
f 2723/854/2407 2779/853/2407 2775/883/2407 2731/882/2407
f 2793/1940/2408 778/931/2408 2794/933/2408 2993/939/2408 2970/1941/2408
f 759/140/2409 2776/1942/2409 2768/1943/2409 2726/683/2409
f 2733/1944/2410 2721/1945/2410 2751/1945/2410 2758/1944/2410
f 2724/1946/2411 2777/1947/2411 2776/1942/2411 759/140/2411
f 737/222/2412 2808/1948/2412 2973/1949/2412 2861/1950/2412 2809/671/2412
f 2720/1951/2413 751/168/2413 2771/1952/2413 2773/1953/2413
f 2731/882/2414 2727/554/2414 2755/554/2414 2756/882/2414
f 751/168/2415 2719/1954/2415 2770/1955/2415 2771/1952/2415
f 2719/1954/2416 750/169/2416 2722/864/2416 2772/852/2416 2770/1955/2416
f 2799/1956/2417 2972/1957/2417 3005/960/2417 2802/1958/2417 793/11/2417
f 798/1959/2418 2784/1960/2418 2790/1961/2418 2742/522/2418
f 2739/1962/2419 2750/976/2419 2767/976/2419 758/1962/2419
f 2743/985/2420 2748/483/2420 2782/994/2420 2786/1001/2420
f 2740/979/2421 2748/483/2421 2765/483/2421 2761/979/2421
f 2740/979/2422 2785/978/2422 2789/993/2422 2748/483/2422
f 2738/1356/2423 2781/1963/2423 2784/1960/2423 798/1959/2423
f 792/331/2424 2735/1964/2424 2780/1965/2424 2781/1963/2424 2738/1356/2424
f 2735/1964/2425 791/1966/2425 2783/1967/2425 2780/1965/2425
f 2749/1968/2426 2739/1962/2426 758/1962/2426 2766/1968/2426
f 791/1966/2427 2736/1969/2427 2788/1970/2427 2783/1967/2427
f 2758/1944/2428 2751/1945/2428 2752/141/2428 2754/861/2428
f 2752/141/2428 2753/854/2428 2756/882/2428 2755/554/2428
f 2754/861/2429 2752/141/2429 2755/554/2429 2757/860/2429
f 2751/1945/2428 2759/851/2428 2753/854/2428 2752/141/2428
f 2721/1945/2430 2734/851/2430 2759/851/2430 2751/1945/2430
f 2734/851/2431 2723/854/2431 2753/854/2431 2759/851/2431
f 2723/854/2432 2731/882/2432 2756/882/2432 2753/854/2432
f 2725/861/2433 2733/1944/2433 2758/1944/2433 2754/861/2433
f 2766/1968/2434 758/1962/2434 2760/1971/2434 2762/1972/2434
f 2762/1972/2434 2760/1971/2434 2763/985/2434 2764/521/2434
f 2760/1971/2435 2761/979/2435 2765/483/2435 2763/985/2435
f 758/1962/2435 2767/976/2435 2761/979/2435 2760/1971/2435
f 2750/976/2436 2740/979/2436 2761/979/2436 2767/976/2436
f 2747/521/2437 2741/1972/2437 2762/1972/2437 2764/521/2437
f 2741/1972/2438 2749/1968/2438 2766/1968/2438 2762/1972/2438
f 2748/483/2439 2743/985/2439 2763/985/2439 2765/483/2439
f 2777/1947/2440 2773/1953/2440 2733/1944/2440
f 2778/871/2441 2774/870/2441 765/899/2441 2728/908/2441
f 2770/1955/2442 2772/852/2442 2734/851/2442
f 2773/1953/2443 2771/1952/2443 2721/1945/2443 2733/1944/2443
f 2774/870/2444 2769/884/2444 2730/900/2444 765/899/2444
f 2779/853/2445 2772/852/2445 2722/864/2445 757/142/2445
f 2771/1952/2446 2770/1955/2446 2734/851/2446 2721/1945/2446
f 2775/883/2447 2779/853/2447 757/142/2447 2729/874/2447
f 2726/683/2448 2768/1943/2448 2778/871/2448 2728/908/2448 766/907/2448
f 2778/871/2449 2768/1943/2449 2732/860/2449
f 2768/1943/2450 2776/1942/2450 2725/861/2450 2732/860/2450
f 2776/1942/2451 2777/1947/2451 2733/1944/2451 2725/861/2451
f 2742/522/2452 2790/1961/2452 2787/1002/2452 2746/1013/2452 805/1012/2452
f 2786/1001/2453 2782/994/2453 2745/1023/2453 804/1022/2453
f 2789/993/2454 2785/978/2454 797/1003/2454 2744/484/2454
f 2787/1002/2455 2786/1001/2455 804/1022/2455 2746/1013/2455
f 2785/978/2456 2791/977/2456 2737/968/2456 797/1003/2456
f 2781/1963/2457 2780/1965/2457 2749/1968/2457
f 2780/1965/2458 2783/1967/2458 2739/1962/2458 2749/1968/2458
f 2784/1960/2459 2781/1963/2459 2749/1968/2459 2741/1972/2459
f 2787/1002/2460 2790/1961/2460 2747/521/2460
f 2783/1967/2461 2788/1970/2461 2750/976/2461 2739/1962/2461
f 2790/1961/2462 2784/1960/2462 2741/1972/2462 2747/521/2462
f 2788/1970/2463 2791/977/2463 2750/976/2463
f 2736/1969/2464 790/333/2464 2737/968/2464 2791/977/2464 2788/1970/2464
f 786/1973/2465 3010/1974/2465 2972/1957/2465 2799/1956/2465
f 2798/1975/2466 2805/1976/2466 2837/1976/2466 2835/1975/2466
f 2795/1977/2467 3008/1978/2467 3010/1974/2467 786/1973/2467
f 752/167/2468 2720/1951/2468 2773/1953/2468 2777/1947/2468 2724/1946/2468
f 2792/1979/2469 779/1980/2469 3006/1981/2469 2953/1982/2469
f 2806/938/2470 2797/941/2470 2832/941/2470 2838/938/2470
f 779/1980/2471 2793/1940/2471 2970/1941/2471 3006/1981/2471
f 780/924/2472 2792/1979/2472 2953/1982/2472 3008/1978/2472 2795/1977/2472
f 2800/952/2473 2803/948/2473 2955/1983/2473 2977/959/2473
f 2735/1984/2474 2955/1983/2474 2996/1985/2474 2801/964/2474 791/1986/2474
f 2801/964/2475 2996/1985/2475 2962/940/2475 785/961/2475
f 2815/1987/2476 2820/1988/2476 2988/1989/2476 2987/1990/2476
f 2822/755/2477 2812/828/2477 2824/828/2477 2830/755/2477
f 2812/828/2478 2852/827/2478 2989/1991/2478 2820/1988/2478
f 2809/671/2479 2861/1950/2479 2887/839/2479 744/195/2479
f 2807/1992/2480 735/224/2480 2811/756/2480 2995/826/2480 2892/1993/2480
f 2808/1948/2481 736/223/2481 2997/1994/2481 2973/1949/2481
f 2810/702/2482 2822/755/2482 2830/755/2482 2816/702/2482
f 736/223/2483 2807/1992/2483 2892/1993/2483 2997/1994/2483
f 2782/994/2484 2789/993/2484 2744/484/2484 803/1995/2484 2745/1023/2484
f 2829/833/2485 2816/702/2485 2823/196/2485 2826/832/2485
f 2814/841/2486 2893/840/2486 2863/1996/2486 2719/1954/2486 751/168/2486
f 2719/1954/2487 2863/1996/2487 2987/1990/2487 750/169/2487
f 2812/828/2488 2820/1988/2488 2828/1988/2488 2824/828/2488
f 2823/196/2489 2824/828/2489 2828/1988/2489 2827/1987/2489
f 2816/702/2490 2830/755/2490 2824/828/2490 2823/196/2490
f 2827/1987/2491 2825/1997/2491 2901/1998/2491 2826/832/2491 2823/196/2491
f 2815/1987/2492 2819/1997/2492 2825/1997/2492 2827/1987/2492
f 2820/1988/2493 2815/1987/2493 2827/1987/2493 2828/1988/2493
f 2819/1997/2494 2813/832/2494 2879/832/2494 2901/1998/2494 2825/1997/2494
f 2821/833/2495 2810/702/2495 2816/702/2495 2829/833/2495
f 2837/1976/2496 743/635/2496 2831/1999/2496 2835/1975/2496
f 2831/1999/2497 2832/941/2497 2834/948/2497 2833/952/2497
f 2835/1975/2498 2831/1999/2498 2833/952/2498 2836/958/2498
f 743/635/2499 2838/938/2499 2832/941/2499 2831/1999/2499
f 2805/1976/2500 2796/635/2500 743/635/2500 2837/1976/2500
f 2800/952/2501 2804/958/2501 2836/958/2501 2833/952/2501
f 2804/958/2502 2798/1975/2502 2835/1975/2502 2836/958/2502
f 2796/635/2503 2806/938/2503 2838/938/2503 743/635/2503
f 2738/1356/683 3004/974/683 2802/973/683 792/331/683
f 2872/837/637 3007/848/637 2720/1951/637 752/167/637
f 2914/914/656 3001/901/656 2904/1311/656 771/88/656
f 2913/902/656 3001/901/656 2914/914/656 772/87/656
f 2978/2000/694 2992/1005/694 2974/997/694 802/1006/694
f 2963/990/683 3004/974/683 2738/1356/683 798/1959/683
f 2729/874/647 2881/873/647 2895/2001/647 764/2002/647
f 2744/484/694 2992/1005/694 2978/2000/694 803/1995/694
f 2961/975/683 3004/974/683 2963/990/683 799/983/683
f 2720/1951/637 3007/848/637 2814/841/637 751/168/637
f 2904/1311/656 3001/901/656 2730/900/656 764/2002/656
f 2981/1010/700 3011/1021/700 2858/823/700 732/249/700
f 806/999/700 2971/2003/700 3011/1021/700 2981/1010/700
f 2971/2003/700 805/1012/700 2982/1015/700 3011/1021/700
f 2985/1045/2504 3012/1018/2504 2856/1020/2504 813/1043/2504
f 808/1028/2505 2968/989/2505 3012/1018/2505 2985/1045/2505
f 2968/989/2506 807/988/2506 2980/1019/2506 3012/1018/2506
f 2984/1348/698 3013/1016/698 2853/1017/698 810/252/698
f 803/1995/698 2978/2000/698 3013/1016/698 2984/1348/698
f 2978/2000/698 802/1006/698 2979/1008/698 3013/1016/698
f 2980/1019/696 3014/1009/696 2847/1011/696 812/248/696
f 807/988/696 2976/1000/696 3014/1009/696 2980/1019/696
f 2976/1000/696 806/999/696 2981/1010/696 3014/1009/696
f 2979/1008/695 2844/2004/695 809/245/695
f 2979/1008/695 2975/1007/695 2844/2004/695
f 2975/1007/695 775/2005/695 2844/2004/695
f 2967/987/692 3015/998/692 2976/1000/692 807/988/692
f 800/971/692 2965/984/692 3015/998/692 2967/987/692
f 2965/984/692 799/983/692 2969/992/692 3015/998/692
f 2974/997/691 2975/2006/691 802/1006/691
f 2974/997/691 2964/996/691 2975/2006/691
f 2964/996/691 775/1349/691 2975/2006/691
f 2966/1027/2507 3016/986/2507 2968/989/2507 808/1028/2507
f 801/1026/2508 2960/972/2508 3016/986/2508 2966/1027/2508
f 2960/972/2509 800/971/2509 2967/987/2509 3016/986/2509
f 2959/970/686 3017/982/686 2965/984/686 800/971/686
f 794/329/686 2945/2007/686 3017/982/686 2959/970/686
f 2945/2007/686 793/330/686 2961/975/686 3017/982/686
f 2956/981/685 2964/2008/685 796/995/685
f 2956/981/685 2954/980/685 2964/2008/685
f 2954/980/685 775/1353/685 2964/2008/685
f 2958/1030/2510 3018/969/2510 2960/972/2510 801/1026/2510
f 795/1029/2511 2951/2009/2511 3018/969/2511 2958/1030/2511
f 2951/2009/2512 794/329/2512 2959/970/2512 3018/969/2512
f 2948/954/680 2954/2010/680 789/4/680
f 2948/954/680 2936/965/680 2954/2010/680
f 2936/965/680 775/2011/680 2954/2010/680
f 2950/2012/2513 3019/956/2513 2951/957/2513 795/2013/2513
f 788/1031/2514 2942/947/2514 3019/956/2514 2950/2012/2514
f 2942/947/2515 787/946/2515 2943/951/2515 3019/956/2515
f 2947/2014/676 3020/953/676 2949/955/676 790/17/676
f 784/2015/676 2940/944/676 3020/953/676 2947/2014/676
f 2940/944/676 783/943/676 2948/954/676 3020/953/676
f 2941/1034/2516 3021/945/2516 2942/947/2516 788/1031/2516
f 782/1033/2517 2920/913/2517 3021/945/2517 2941/1034/2517
f 2920/913/2518 781/912/2518 2937/937/2518 3021/945/2518
f 2933/519/671 3022/942/671 2940/944/671 784/2015/671
f 777/919/671 2931/930/671 3022/942/671 2933/519/671
f 2931/930/671 776/929/671 2935/935/671 3022/942/671
f 2935/935/668 2936/2016/668 783/943/668
f 2935/935/668 2928/934/668 2936/2016/668
f 2928/934/668 775/1300/668 2936/2016/668
f 2925/918/666 3023/928/666 2931/930/666 777/919/666
f 769/90/666 2909/895/666 3023/928/666 2925/918/666
f 2909/895/666 768/83/666 2927/922/666 3023/928/666
f 2919/911/664 3024/923/664 2929/925/664 781/912/664
f 773/86/664 2917/2017/664 3024/923/664 2919/911/664
f 2917/2017/664 772/87/664 2921/916/664 3024/923/664
f 2927/922/663 2928/2018/663 776/929/663
f 2927/922/663 2916/921/663 2928/2018/663
f 2916/921/663 775/2019/663 2928/2018/663
f 2924/1307/662 3025/917/662 2926/920/662 778/931/662
f 770/89/662 2915/905/662 3025/917/662 2924/1307/662
f 2915/905/662 769/90/662 2925/918/662 3025/917/662
f 2918/1036/2519 3026/910/2519 2920/913/2519 782/1033/2519
f 774/1035/2520 2912/898/2520 3026/910/2520 2918/1036/2520
f 2912/898/2521 773/86/2521 2919/911/2521 3026/910/2521
f 2908/894/658 2916/2020/658 768/83/658
f 2908/894/658 2903/906/658 2916/2020/658
f 2903/906/658 775/2021/658 2916/2020/658
f 2905/891/657 3027/903/657 2915/905/657 770/89/657
f 763/2022/657 2902/888/657 3027/903/657 2905/891/657
f 2902/888/657 762/887/657 2907/904/657 3027/903/657
f 2910/1038/2522 3028/896/2522 2912/898/2522 774/1035/2522
f 767/1037/2523 2900/2023/2523 3028/896/2523 2910/1038/2523
f 2900/2023/2524 766/907/2524 2911/897/2524 3028/896/2524
f 2907/904/654 3029/893/654 2909/895/654 769/90/654
f 762/887/654 2898/877/654 3029/893/654 2907/904/654
f 2898/877/654 761/876/654 2908/894/654 3029/893/654
f 2904/1311/653 3030/890/653 2906/892/653 771/88/653
f 764/2002/653 2895/2001/653 3030/890/653 2904/1311/653
f 2895/2001/653 763/2022/653 2905/891/653 3030/890/653
f 2897/548/652 2903/2024/652 761/876/652
f 2897/548/652 2886/889/652 2903/2024/652
f 2886/889/652 775/524/652 2903/2024/652
f 2894/567/651 3031/885/651 2902/888/651 763/2022/651
f 756/143/651 2884/857/651 3031/885/651 2894/567/651
f 2884/857/651 755/144/651 2896/886/651 3031/885/651
f 2896/886/648 3032/875/648 2898/877/648 762/887/648
f 755/144/648 2889/866/648 3032/875/648 2896/886/648
f 2889/866/648 754/137/648 2897/548/648 3032/875/648
f 2883/856/644 3033/865/644 2889/866/644 755/144/644
f 748/171/644 2880/850/644 3033/865/644 2883/856/644
f 2880/850/644 747/164/644 2885/859/644 3033/865/644
f 2885/859/641 2886/2025/641 754/137/641
f 2885/859/641 2878/858/641 2886/2025/641
f 2878/858/641 775/2026/641 2886/2025/641
f 2882/2027/640 3034/855/640 2884/857/640 756/143/640
f 749/170/640 2876/2028/640 3034/855/640 2882/2027/640
f 2876/2028/640 748/171/640 2883/856/640 3034/855/640
f 2875/2029/638 3035/849/638 2880/850/638 748/171/638
f 741/198/638 2866/829/638 3035/849/638 2875/2029/638
f 2866/829/638 740/191/638 2877/846/638 3035/849/638
f 2877/846/636 2878/2030/636 747/164/636
f 2877/846/636 2870/845/636 2878/2030/636
f 2870/845/636 775/2031/636 2878/2030/636
f 2871/1040/2525 3036/836/2525 2873/838/2525 753/867/2525
f 746/1039/2526 2868/831/2526 3036/836/2526 2871/1040/2526
f 2868/831/2527 745/194/2527 2872/837/2527 3036/836/2527
f 2865/476/632 2870/2032/632 740/191/632
f 2865/476/632 2845/835/632 2870/2032/632
f 2845/835/632 775/477/632 2870/2032/632
f 2867/1042/2528 3037/830/2528 2868/831/2528 746/1039/2528
f 739/1041/2529 2857/822/2529 3037/830/2529 2867/1042/2529
f 2857/822/2530 738/221/2530 2860/647/2530 3037/830/2530
f 2864/707/628 3038/805/628 2866/829/628 741/198/628
f 734/225/628 2854/819/628 3038/805/628 2864/707/628
f 2854/819/628 733/218/628 2865/476/628 3038/805/628
f 2855/1044/2531 3039/820/2531 2857/822/2531 739/1041/2531
f 813/1043/2532 2856/1020/2532 3039/820/2532 2855/1044/2532
f 2856/1020/2533 812/248/2533 2846/821/2533 3039/820/2533
f 2841/809/623 3040/818/623 2854/819/623 734/225/623
f 810/252/623 2853/1017/623 3040/818/623 2841/809/623
f 2853/1017/623 809/245/623 2843/812/623 3040/818/623
f 2846/821/621 3041/813/621 2849/815/621 738/221/621
f 812/248/621 2847/1011/621 3041/813/621 2846/821/621
f 2847/1011/621 732/249/621 2848/814/621 3041/813/621
f 2843/812/620 2845/2033/620 733/218/620
f 2843/812/620 2844/811/620 2845/2033/620
f 2844/811/620 775/1334/620 2845/2033/620
f 2839/2034/619 3042/808/619 2842/810/619 735/224/619
f 731/251/619 2840/482/619 3042/808/619 2839/2034/619
f 2840/482/619 810/252/619 2841/809/619 3042/808/619
f 2820/1988/2534 2989/1991/2534 2988/1989/2534
f 2769/884/2535 2775/883/2535 2729/874/2535 764/2002/2535 2730/900/2535
f 2895/2001/647 2881/873/647 2894/567/647 763/2022/647
f 2894/567/647 2881/873/647 2888/872/647 756/143/647
f 2722/864/643 2990/863/643 2888/872/643 757/142/643
f 2888/872/643 2990/863/643 2882/2027/643 756/143/643
f 2882/2027/643 2990/863/643 2818/862/643 749/170/643
f 2922/927/665 3000/926/665 2793/1940/665 779/1980/665
f 2793/1940/665 3000/926/665 2924/1307/665 778/931/665
f 2924/1307/665 3000/926/665 2906/892/665 770/89/665
f 2921/916/661 2999/915/661 2792/1979/661 780/924/661
f 2792/1979/661 2999/915/661 2922/927/661 779/1980/661
f 2922/927/661 2999/915/661 2914/914/661 771/88/661
f 2899/881/2536 2923/880/2536 2900/2023/2536 767/1037/2536
f 2900/2023/2537 2923/880/2537 2726/683/2537 766/907/2537
f 2726/683/2538 2923/880/2538 2891/879/2538 759/140/2538
f 2890/869/2539 2998/868/2539 2891/879/2539 760/878/2539
f 2891/879/2540 2998/868/2540 2724/1946/2540 759/140/2540
f 2724/1946/2541 2998/868/2541 2873/838/2541 752/167/2541
f 2911/897/659 2930/909/659 2917/2017/659 773/86/659
f 2917/2017/659 2930/909/659 2913/902/659 772/87/659
f 2913/902/659 2930/909/659 2728/908/659 765/899/659
f 2814/841/637 3007/848/637 2862/847/637 744/195/637
f 2982/1015/697 2859/1014/697 2851/593/697 811/250/697
f 2851/593/697 2859/1014/697 2983/1025/697 731/251/697
f 2983/1025/697 2859/1014/697 2746/1013/697 804/1022/697
f 2848/814/625 3009/824/625 2808/1948/625 737/222/625
f 2808/1948/625 3009/824/625 2850/817/625 736/223/625
f 2850/817/625 3009/824/625 2858/823/625 811/250/625
f 2860/647/626 2986/825/626 2862/847/626 745/194/626
f 2862/847/626 2986/825/626 2809/671/626 744/195/626
f 2809/671/626 2986/825/626 2849/815/626 737/222/626
f 2850/817/622 2874/816/622 2807/1992/622 736/223/622
f 2807/1992/622 2874/816/622 2839/2034/622 735/224/622
f 2839/2034/622 2874/816/622 2851/593/622 731/251/622
f 2969/992/689 2994/991/689 2971/2003/689 806/999/689
f 2971/2003/689 2994/991/689 2742/522/689 805/1012/689
f 2742/522/689 2994/991/689 2963/990/689 798/1959/689
f 2974/997/694 2992/1005/694 2957/1004/694 796/995/694
f 2737/968/681 2991/967/681 2957/1004/681 797/1003/681
f 2957/1004/681 2991/967/681 2956/981/681 796/995/681
f 2956/981/681 2991/967/681 2949/966/681 789/326/681
f 2983/1025/701 2952/1024/701 2840/482/701 731/251/701
f 2840/482/701 2952/1024/701 2984/1348/701 810/252/701
f 2984/1348/701 2952/1024/701 2745/1023/701 803/1995/701
f 2943/951/674 3003/950/674 2945/2035/674 794/9/674
f 2945/2035/674 3003/950/674 2799/1956/674 793/11/674
f 2799/1956/674 3003/950/674 2939/949/674 786/1973/674
f 2937/937/669 2946/936/669 2939/949/669 787/946/669
f 2939/949/669 2946/936/669 2795/1977/669 786/1973/669
f 2795/1977/669 2946/936/669 2929/925/669 780/924/669
f 2794/933/667 2932/932/667 2934/962/667 785/961/667
f 2934/962/667 2932/932/667 2933/519/667 784/2015/667
f 2933/519/667 2932/932/667 2926/920/667 777/919/667
f 2801/964/679 2944/963/679 2736/2036/679 791/1986/679
f 2736/2036/679 2944/963/679 2947/2014/679 790/17/679
f 2947/2014/679 2944/963/679 2934/962/679 784/2015/679
f 2817/844/635 3002/843/635 2876/2028/635 749/170/635
f 2876/2028/635 3002/843/635 2875/2029/635 748/171/635
f 2875/2029/635 3002/843/635 2869/842/635 741/198/635
f 2811/756/631 2938/834/631 2869/842/631 742/197/631
f 2869/842/631 2938/834/631 2864/707/631 741/198/631
f 2864/707/631 2938/834/631 2842/810/631 734/225/631
f 3005/960/2542 2972/1957/2542 2804/958/2542
f 3008/1978/2543 2953/1982/2543 2805/1976/2543
f 2972/1957/2544 3010/1974/2544 2798/1975/2544 2804/958/2544
f 2977/959/2545 2955/1983/2545 2735/1984/2545 792/13/2545
f 3010/1974/2546 3008/1978/2546 2805/1976/2546 2798/1975/2546
f 2996/1985/2547 2955/1983/2547 2803/948/2547
f 2962/940/2548 2996/1985/2548 2803/948/2548 2797/941/2548
f 3005/960/2549 2977/959/2549 792/13/2549 2802/1958/2549
f 2970/1941/2550 2993/939/2550 2806/938/2550
f 2962/940/2551 2993/939/2551 2794/933/2551 785/961/2551
f 2953/1982/2552 3006/1981/2552 2796/635/2552 2805/1976/2552
f 3006/1981/2553 2970/1941/2553 2806/938/2553 2796/635/2553
f 2973/1949/2554 2997/1994/2554 2810/702/2554 2821/833/2554
f 2988/1989/2555 2989/1991/2555 2817/844/2555 749/170/2555 2818/862/2555
f 2997/1994/2556 2892/1993/2556 2822/755/2556 2810/702/2556
f 2892/1993/2557 2995/826/2557 2822/755/2557
f 2901/1998/2558 2879/832/2558 2826/832/2558
f 2987/1990/2559 2988/1989/2559 2818/862/2559 750/169/2559
f 2863/1996/2560 2893/840/2560 2819/1997/2560
f 2893/840/2561 2887/839/2561 2813/832/2561 2819/1997/2561
f 2987/1990/2562 2863/1996/2562 2819/1997/2562 2815/1987/2562
f 2989/1991/2563 2852/827/2563 742/197/2563 2817/844/2563
f 2887/839/2564 2861/1950/2564 2821/833/2564 2813/832/2564
f 2852/827/2565 2995/826/2565 2811/756/2565 742/197/2565
f 2861/1950/2566 2973/1949/2566 2821/833/2566
f 2357/758/2567 2360/758/2567 2354/758/2567 2356/1500/2567 2355/749/2567 2361/1675/2567 2358/749/2567 2359/1500/2567
